2025-05-27 08:54:30,858 - __main__ - INFO - Initializing Telegram client...
2025-05-27 08:54:30,860 - telethon.network.mtprotosender - INFO - Connecting to 149.154.167.92:443/TcpFull...
2025-05-27 08:54:31,050 - telethon.network.mtprotosender - INFO - Connection to 149.154.167.92:443/TcpFull complete!
2025-05-27 08:54:32,363 - __main__ - INFO - Started Telegram client in user account mode
2025-05-27 08:54:32,364 - __main__ - INFO - Already authenticated using existing session
2025-05-27 08:54:32,560 - __main__ - INFO - Logged in as: Pieter Stanton (@piet43)
2025-05-27 08:54:32,561 - __main__ - INFO - Initializing Pocket Option client (Demo mode: False)
2025-05-27 08:54:32,563 - __main__ - INFO - Successfully connected to Pocket Option API
2025-05-27 08:54:35,569 - __main__ - INFO - Account balance: None
2025-05-27 08:54:35,574 - __main__ - DEBUG - Created backup: data\session_data.json.backup
2025-05-27 08:54:35,610 - __main__ - INFO - Subscription to favorite pairs is currently disabled due to API limitations.
2025-05-27 08:54:35,611 - __main__ - INFO - JSON storage initialized successfully
2025-05-27 08:54:35,612 - __main__ - INFO - 💰 Current Balance: $156.06
2025-05-27 08:55:02,249 - __main__ - INFO - 💵 Calculated Amount: $1.56
2025-05-27 08:55:12,169 - __main__ - INFO - ✅ Trading amount set to $1.56 for this session
2025-05-27 08:55:12,172 - __main__ - DEBUG - Created backup: data\session_data.json.backup
2025-05-27 08:55:12,199 - __main__ - INFO - ✅ Self Bot v1.5 initialized successfully
2025-05-27 08:55:12,200 - __main__ - INFO - 💰 REAL TRADING MODE ENABLED
2025-05-27 08:55:12,200 - __main__ - INFO - Bot is now monitoring for signals...
2025-05-27 08:55:12,201 - __main__ - INFO - Accessing channel: SignalTest
2025-05-27 08:55:12,398 - __main__ - INFO - Accessed channel by ID: SignalTest
2025-05-27 08:55:12,399 - __main__ - INFO - Starting monitoring of channel: SignalTest
2025-05-27 08:55:12,400 - __main__ - INFO - Event handler registered. Waiting for signals...
2025-05-27 08:56:15,269 - telethon.client.updates - INFO - Got difference for channel 2322984519 updates
2025-05-27 08:56:15,274 - __main__ - INFO - 📨 Received message: ?Get ready to earn! Starting soon!

In this session we will use these trading pairs:

**AUD/USD (OTC...
2025-05-27 08:56:15,274 - __main__ - INFO - 📨 Received message: ?Get ready to earn! Starting soon!

In this session we will use these trading pairs:

**AUD/USD (OTC...
2025-05-27 08:57:37,073 - telethon.client.updates - INFO - Got difference for account updates
2025-05-27 08:59:03,173 - __main__ - INFO - 📨 Received message: ?SET THE TIMER TO 00:01:00?

Third signal: Currency pair EUR/USD 
LOWER  ?
Trade time: 1 MIN...
2025-05-27 08:59:03,176 - __main__ - INFO - ✅ PARSED SIGNAL: {'timer': '00:01:00', 'pair': 'EUR/USD', 'direction': 'LOWER', 'expiry': 1}
2025-05-27 08:59:03,176 - __main__ - INFO - 🎯 COMPLETE SIGNAL DETECTED: {'pair': 'EUR/USD', 'timer': '00:01:00', 'direction': 'LOWER', 'expiry': 1, 'timestamp': '2025-05-27T08:59:03.176968+02:00', 'id': 'signal_20250527_085903_001', 'session_id': 'session_20250527_085426'}
2025-05-27 08:59:03,190 - __main__ - DEBUG - Saving signal with ID: signal_20250527_085903_001
2025-05-27 08:59:03,201 - __main__ - DEBUG - Created backup: data\signals_history.json.backup
2025-05-27 08:59:03,237 - __main__ - INFO - 🚀 EXECUTING TRADE IMMEDIATELY
2025-05-27 08:59:03,239 - __main__ - INFO - 🎯 Using OTC pair: EURUSD_otc for signal pair: EUR/USD
2025-05-27 08:59:03,240 - __main__ - DEBUG - Saving trade with ID: trade_20250527_085903_001
2025-05-27 08:59:03,247 - __main__ - DEBUG - Created backup: data\trades_history.json.backup
2025-05-27 08:59:03,286 - __main__ - DEBUG - Created backup: data\session_data.json.backup
2025-05-27 08:59:03,313 - __main__ - INFO - 🚀 EXECUTING TRADE: EURUSD_otc PUT $1.56 (expiry: 60s)
2025-05-27 08:59:03,313 - __main__ - INFO - 💰 REAL TRADING MODE: Executing actual trade on Pocket Option platform
2025-05-27 08:59:03,621 - __main__ - INFO - ✅ REAL TRADE EXECUTED: EURUSD_otc PUT $1.56 - Trade ID: 2eacfc6d-b744-41b3-84c5-3c7aadf85123
2025-05-27 08:59:03,644 - __main__ - DEBUG - Saving trade with ID: trade_20250527_085903_001
2025-05-27 08:59:03,651 - __main__ - DEBUG - Created backup: data\trades_history.json.backup
2025-05-27 08:59:37,165 - telethon.client.updates - INFO - Got difference for account updates
2025-05-27 09:00:08,689 - __main__ - INFO - 🔍 Checking trade result for trade ID: 2eacfc6d-b744-41b3-84c5-3c7aadf85123
2025-05-27 09:00:08,689 - __main__ - ERROR - Error checking trade result: '>' not supported between instances of 'tuple' and 'int'
2025-05-27 09:00:08,750 - __main__ - DEBUG - Saving trade with ID: trade_20250527_085903_001
2025-05-27 09:00:08,768 - __main__ - DEBUG - Created backup: data\trades_history.json.backup
2025-05-27 09:00:34,816 - __main__ - INFO - Shutting down Self Bot...
2025-05-27 09:00:34,820 - telethon.network.mtprotosender - INFO - Disconnecting from 149.154.167.92:443/TcpFull...
2025-05-27 09:00:34,820 - telethon.network.mtprotosender - INFO - Disconnection from 149.154.167.92:443/TcpFull complete!
2025-05-27 20:11:28,111 - __main__ - INFO - Initializing Telegram client...
2025-05-27 20:11:28,142 - telethon.network.mtprotosender - INFO - Connecting to 149.154.167.92:443/TcpFull...
2025-05-27 20:11:28,158 - telethon.network.mtprotosender - INFO - Connection to 149.154.167.92:443/TcpFull complete!
2025-05-27 20:11:28,314 - __main__ - INFO - Started Telegram client in user account mode
2025-05-27 20:11:28,314 - __main__ - INFO - Already authenticated using existing session
2025-05-27 20:11:28,330 - __main__ - INFO - Logged in as: Pieter Stanton (@piet43)
2025-05-27 20:11:28,330 - __main__ - INFO - Initializing Pocket Option client (Demo mode: False)
2025-05-27 20:11:28,345 - __main__ - INFO - Successfully connected to Pocket Option API
2025-05-27 20:11:29,347 - __main__ - INFO - Account balance: 157.26
2025-05-27 20:11:29,368 - __main__ - DEBUG - Created backup: data\session_data.json.backup
2025-05-27 20:11:29,383 - __main__ - INFO - Subscription to favorite pairs is currently disabled due to API limitations.
2025-05-27 20:11:29,383 - __main__ - INFO - JSON storage initialized successfully
2025-05-27 20:11:29,383 - __main__ - INFO - 💰 Current Balance: $157.26
2025-05-27 20:11:29,383 - __main__ - WARNING - Invalid input. Please enter a valid percentage (e.g., 15 or 15%)
2025-05-27 20:19:09,074 - __main__ - INFO - Initializing Telegram client...
2025-05-27 20:19:09,185 - telethon.network.mtprotosender - INFO - Connecting to 149.154.167.92:443/TcpFull...
2025-05-27 20:19:09,195 - telethon.network.mtprotosender - INFO - Connection to 149.154.167.92:443/TcpFull complete!
2025-05-27 20:19:09,480 - __main__ - INFO - Started Telegram client in user account mode
2025-05-27 20:19:09,492 - __main__ - INFO - Already authenticated using existing session
2025-05-27 20:19:09,537 - __main__ - INFO - Logged in as: Pieter Stanton (@piet43)
2025-05-27 20:19:09,537 - __main__ - INFO - Initializing Pocket Option client (Demo mode: False)
2025-05-27 20:19:09,541 - __main__ - INFO - Successfully connected to Pocket Option API
2025-05-27 20:19:10,563 - __main__ - INFO - Account balance: 157.26
2025-05-27 20:19:10,586 - __main__ - DEBUG - Created backup: data\session_data.json.backup
2025-05-27 20:19:10,653 - __main__ - INFO - Subscription to favorite pairs is currently disabled due to API limitations.
2025-05-27 20:19:10,676 - __main__ - INFO - JSON storage initialized successfully
2025-05-27 20:19:10,682 - __main__ - INFO - 💰 Current Balance: $157.26
2025-05-27 20:19:26,395 - __main__ - INFO - 💵 Calculated Amount: $15.73
2025-05-27 20:19:32,306 - __main__ - INFO - ✅ Trading amount set to $15.73 for this session
2025-05-27 20:19:32,310 - __main__ - DEBUG - Created backup: data\session_data.json.backup
2025-05-27 20:19:32,353 - __main__ - INFO - ✅ Self Bot v1.5 initialized successfully
2025-05-27 20:19:32,358 - __main__ - INFO - 💰 REAL TRADING MODE ENABLED
2025-05-27 20:19:32,360 - __main__ - INFO - Bot is now monitoring for signals...
2025-05-27 20:19:32,360 - __main__ - INFO - Accessing channel: BINARY TRADING CLUB
2025-05-27 20:19:32,378 - __main__ - INFO - Accessed channel by ID: BINARY TRADING CLUB
2025-05-27 20:19:32,378 - __main__ - INFO - Starting monitoring of channel: BINARY TRADING CLUB
2025-05-27 20:19:32,379 - __main__ - INFO - Event handler registered. Waiting for signals...
2025-05-27 20:21:17,572 - __main__ - INFO - Shutting down Self Bot...
2025-05-27 20:21:17,574 - telethon.network.mtprotosender - INFO - Disconnecting from 149.154.167.92:443/TcpFull...
2025-05-27 20:21:17,575 - telethon.network.mtprotosender - INFO - Disconnection from 149.154.167.92:443/TcpFull complete!
2025-05-27 20:57:45,739 - __main__ - INFO - Initializing Telegram client...
2025-05-27 20:57:45,789 - telethon.network.mtprotosender - INFO - Connecting to 149.154.167.92:443/TcpFull...
2025-05-27 20:57:45,798 - telethon.network.mtprotosender - INFO - Connection to 149.154.167.92:443/TcpFull complete!
2025-05-27 20:57:46,368 - __main__ - INFO - Started Telegram client in user account mode
2025-05-27 20:57:46,368 - __main__ - INFO - Already authenticated using existing session
2025-05-27 20:57:46,438 - __main__ - INFO - Logged in as: Pieter Stanton (@piet43)
2025-05-27 20:57:46,455 - __main__ - INFO - Initializing Pocket Option client (Demo mode: False)
2025-05-27 20:57:46,466 - __main__ - INFO - Successfully connected to Pocket Option API
2025-05-27 20:57:47,473 - __main__ - INFO - Account balance: 157.26
2025-05-27 20:57:47,631 - __main__ - DEBUG - Created backup: data\session_data.json.backup
2025-05-27 20:57:47,705 - __main__ - INFO - Subscription to favorite pairs is currently disabled due to API limitations.
2025-05-27 20:57:47,726 - __main__ - INFO - JSON storage initialized successfully
2025-05-27 20:57:47,726 - __main__ - INFO - 💰 Current Balance: $157.26
2025-05-27 20:57:51,875 - __main__ - INFO - 💵 Calculated Amount: $15.73
2025-05-27 20:57:58,645 - __main__ - INFO - ✅ Trading amount set to $15.73 for this session
2025-05-27 20:57:58,832 - __main__ - DEBUG - Created backup: data\session_data.json.backup
2025-05-27 20:57:59,368 - __main__ - INFO - ✅ Self Bot v1.5 initialized successfully
2025-05-27 20:57:59,369 - __main__ - INFO - 💰 REAL TRADING MODE ENABLED
2025-05-27 20:57:59,370 - __main__ - INFO - Bot is now monitoring for signals...
2025-05-27 20:57:59,371 - __main__ - INFO - Accessing channel: BINARY TRADING CLUB
2025-05-27 20:57:59,431 - __main__ - INFO - Accessed channel by ID: BINARY TRADING CLUB
2025-05-27 20:57:59,432 - __main__ - INFO - Starting monitoring of channel: BINARY TRADING CLUB
2025-05-27 20:57:59,433 - __main__ - INFO - Event handler registered. Waiting for signals...
2025-05-27 20:58:25,160 - telethon.client.updates - INFO - Got difference for channel 2412213735 updates
2025-05-27 20:58:25,160 - __main__ - INFO - 📨 Received message: ?Get ready to earn! Starting soon!

In this session we will use these trading pairs:

**AUD/USD (OTC...
2025-05-27 21:00:07,942 - __main__ - INFO - 📨 Received message: **? The trading session has already started! Let's go!**...
2025-05-27 21:00:17,317 - __main__ - INFO - 📨 Received message: **?Trading Pair: AUD/CHF (OTC)**...
2025-05-27 21:00:17,317 - __main__ - INFO - Parsed first message: Trading pair = AUD/CHF
2025-05-27 21:00:33,661 - __main__ - INFO - 📨 Received message: ?SET THE TIMER TO 00:01:00?

First signal: Currency pair AUD/CHF 
HIGHER ? 
Trade time: 1 MIN...
2025-05-27 21:00:33,661 - __main__ - INFO - ✅ PARSED SIGNAL: {'timer': '00:01:00', 'pair': 'AUD/CHF', 'direction': 'HIGHER', 'expiry': 1}
2025-05-27 21:00:33,676 - __main__ - INFO - 🎯 COMPLETE SIGNAL DETECTED: {'pair': 'AUD/CHF', 'timer': '00:01:00', 'direction': 'HIGHER', 'expiry': 1, 'timestamp': '2025-05-27T23:00:33.676767+02:00', 'id': 'signal_20250527_210033_001', 'session_id': 'session_20250527_205741'}
2025-05-27 21:00:33,706 - __main__ - DEBUG - Saving signal with ID: signal_20250527_210033_001
2025-05-27 21:00:33,775 - __main__ - DEBUG - Created backup: data\signals_history.json.backup
2025-05-27 21:00:33,795 - __main__ - INFO - 🚀 EXECUTING TRADE IMMEDIATELY
2025-05-27 21:00:33,796 - __main__ - INFO - 🎯 Using OTC pair: AUDCHF_otc for signal pair: AUD/CHF
2025-05-27 21:00:33,861 - __main__ - DEBUG - Saving trade with ID: trade_20250527_210033_001
2025-05-27 21:00:33,866 - __main__ - DEBUG - Created backup: data\trades_history.json.backup
2025-05-27 21:00:33,914 - __main__ - DEBUG - Created backup: data\session_data.json.backup
2025-05-27 21:00:33,968 - __main__ - INFO - 🚀 EXECUTING TRADE: AUDCHF_otc CALL $15.73 (expiry: 60s)
2025-05-27 21:00:33,969 - __main__ - INFO - 💰 REAL TRADING MODE: Executing actual trade on Pocket Option platform
2025-05-27 21:00:34,075 - __main__ - INFO - ✅ REAL TRADE EXECUTED: AUDCHF_otc CALL $15.73 - Trade ID: 5906e638-8bd8-485e-8f71-4d4c7ac8093f
2025-05-27 21:00:34,125 - __main__ - DEBUG - Saving trade with ID: trade_20250527_210033_001
2025-05-27 21:00:34,127 - __main__ - DEBUG - Created backup: data\trades_history.json.backup
2025-05-27 21:01:39,186 - __main__ - INFO - 🔍 Checking trade result for trade ID: 5906e638-8bd8-485e-8f71-4d4c7ac8093f
2025-05-27 21:01:39,186 - __main__ - ERROR - Error checking trade result: '>' not supported between instances of 'tuple' and 'int'
2025-05-27 21:01:39,235 - __main__ - DEBUG - Saving trade with ID: trade_20250527_210033_001
2025-05-27 21:01:39,238 - __main__ - DEBUG - Created backup: data\trades_history.json.backup
2025-05-27 21:01:41,210 - __main__ - INFO - 📨 Received message: Signal result: +$644...
2025-05-27 21:01:50,019 - __main__ - INFO - 📨 Received message: ?Wonderful trade...
2025-05-27 21:01:56,598 - __main__ - INFO - 📨 Received message: **?Trading Pair: AUD/CAD (OTC)**...
2025-05-27 21:01:56,598 - __main__ - INFO - Parsed first message: Trading pair = AUD/CAD
2025-05-27 21:02:04,863 - __main__ - INFO - 📨 Received message: ?SET THE TIMER TO 00:01:00?

Second signal: Currency pair AUD/CAD 
HIGHER ? 
Trade time: 1 MIN...
2025-05-27 21:02:04,863 - __main__ - INFO - ✅ PARSED SIGNAL: {'timer': '00:01:00', 'pair': 'AUD/CAD', 'direction': 'HIGHER', 'expiry': 1}
2025-05-27 21:02:04,863 - __main__ - INFO - 🎯 COMPLETE SIGNAL DETECTED: {'pair': 'AUD/CAD', 'timer': '00:01:00', 'direction': 'HIGHER', 'expiry': 1, 'timestamp': '2025-05-27T23:02:04.863769+02:00', 'id': 'signal_20250527_210204_002', 'session_id': 'session_20250527_205741'}
2025-05-27 21:02:04,863 - __main__ - DEBUG - Saving signal with ID: signal_20250527_210204_002
2025-05-27 21:02:04,863 - __main__ - DEBUG - Created backup: data\signals_history.json.backup
2025-05-27 21:02:04,904 - __main__ - INFO - 🚀 EXECUTING TRADE IMMEDIATELY
2025-05-27 21:02:04,967 - __main__ - INFO - 🎯 Using OTC pair: AUDCAD_otc for signal pair: AUD/CAD
2025-05-27 21:02:04,986 - __main__ - DEBUG - Saving trade with ID: trade_20250527_210204_002
2025-05-27 21:02:05,027 - __main__ - DEBUG - Created backup: data\trades_history.json.backup
2025-05-27 21:02:05,056 - __main__ - DEBUG - Created backup: data\session_data.json.backup
2025-05-27 21:02:05,101 - __main__ - INFO - 🚀 EXECUTING TRADE: AUDCAD_otc CALL $15.73 (expiry: 60s)
2025-05-27 21:02:05,102 - __main__ - INFO - 💰 REAL TRADING MODE: Executing actual trade on Pocket Option platform
2025-05-27 21:02:05,209 - __main__ - INFO - ✅ REAL TRADE EXECUTED: AUDCAD_otc CALL $15.73 - Trade ID: dc9df7d4-a1cd-48ce-890e-67f6537ea3ce
2025-05-27 21:02:05,254 - __main__ - DEBUG - Saving trade with ID: trade_20250527_210204_002
2025-05-27 21:02:05,258 - __main__ - DEBUG - Created backup: data\trades_history.json.backup
2025-05-27 21:03:10,319 - __main__ - INFO - 🔍 Checking trade result for trade ID: dc9df7d4-a1cd-48ce-890e-67f6537ea3ce
2025-05-27 21:03:10,319 - __main__ - ERROR - Error checking trade result: '>' not supported between instances of 'tuple' and 'int'
2025-05-27 21:03:10,333 - __main__ - DEBUG - Saving trade with ID: trade_20250527_210204_002
2025-05-27 21:03:10,376 - __main__ - DEBUG - Created backup: data\trades_history.json.backup
2025-05-27 21:03:19,180 - __main__ - INFO - 📨 Received message: Signal result: +$644...
2025-05-27 21:03:30,239 - __main__ - INFO - 📨 Received message: ?Excellent result!...
2025-05-27 21:03:36,254 - __main__ - INFO - 📨 Received message: **?Trading Pair: AUD/NZD (OTC)**...
2025-05-27 21:03:36,254 - __main__ - INFO - Parsed first message: Trading pair = AUD/NZD
2025-05-27 21:03:45,645 - __main__ - INFO - 📨 Received message: ?SET THE TIMER TO 00:01:00?

Third signal: Currency pair AUD/NZD 
LOWER  ?
Trade time: 1 MIN...
2025-05-27 21:03:45,645 - __main__ - INFO - ✅ PARSED SIGNAL: {'timer': '00:01:00', 'pair': 'AUD/NZD', 'direction': 'LOWER', 'expiry': 1}
2025-05-27 21:03:45,645 - __main__ - INFO - 🎯 COMPLETE SIGNAL DETECTED: {'pair': 'AUD/NZD', 'timer': '00:01:00', 'direction': 'LOWER', 'expiry': 1, 'timestamp': '2025-05-27T23:03:45.645222+02:00', 'id': 'signal_20250527_210345_003', 'session_id': 'session_20250527_205741'}
2025-05-27 21:03:45,660 - __main__ - DEBUG - Saving signal with ID: signal_20250527_210345_003
2025-05-27 21:03:45,660 - __main__ - DEBUG - Created backup: data\signals_history.json.backup
2025-05-27 21:03:45,697 - __main__ - INFO - 🚀 EXECUTING TRADE IMMEDIATELY
2025-05-27 21:03:45,720 - __main__ - INFO - 🎯 Using OTC pair: AUDNZD_otc for signal pair: AUD/NZD
2025-05-27 21:03:45,737 - __main__ - DEBUG - Saving trade with ID: trade_20250527_210345_003
2025-05-27 21:03:45,768 - __main__ - DEBUG - Created backup: data\trades_history.json.backup
2025-05-27 21:03:45,813 - __main__ - DEBUG - Created backup: data\session_data.json.backup
2025-05-27 21:03:45,826 - __main__ - INFO - 🚀 EXECUTING TRADE: AUDNZD_otc PUT $15.73 (expiry: 60s)
2025-05-27 21:03:45,827 - __main__ - INFO - 💰 REAL TRADING MODE: Executing actual trade on Pocket Option platform
2025-05-27 21:03:45,931 - __main__ - INFO - ✅ REAL TRADE EXECUTED: AUDNZD_otc PUT $15.73 - Trade ID: 5334a73c-8d09-43f2-945a-2f4e5f3c09c5
2025-05-27 21:03:45,970 - __main__ - DEBUG - Saving trade with ID: trade_20250527_210345_003
2025-05-27 21:03:45,973 - __main__ - DEBUG - Created backup: data\trades_history.json.backup
2025-05-27 21:04:11,191 - telethon.client.updates - INFO - Got difference for account updates
2025-05-27 21:04:51,016 - __main__ - INFO - 🔍 Checking trade result for trade ID: 5334a73c-8d09-43f2-945a-2f4e5f3c09c5
2025-05-27 21:04:51,016 - __main__ - ERROR - Error checking trade result: '>' not supported between instances of 'tuple' and 'int'
2025-05-27 21:04:51,020 - __main__ - DEBUG - Saving trade with ID: trade_20250527_210345_003
2025-05-27 21:04:51,079 - __main__ - DEBUG - Created backup: data\trades_history.json.backup
2025-05-27 21:04:53,818 - __main__ - INFO - 📨 Received message: Signal result: +$0...
2025-05-27 21:05:01,647 - __main__ - INFO - 📨 Received message: ?Bad luck...
2025-05-27 21:05:08,958 - __main__ - INFO - 📨 Received message: **?Trading Pair: AUD/CAD (OTC)**...
2025-05-27 21:05:08,958 - __main__ - INFO - Parsed first message: Trading pair = AUD/CAD
2025-05-27 21:05:16,520 - __main__ - INFO - 📨 Received message: ?SET THE TIMER TO 00:01:00?

Fourth signal: Currency pair AUD/CAD  
LOWER  ?
Trade time: 1 MIN...
2025-05-27 21:05:16,520 - __main__ - INFO - ✅ PARSED SIGNAL: {'timer': '00:01:00', 'pair': 'AUD/CAD', 'direction': 'LOWER', 'expiry': 1}
2025-05-27 21:05:16,520 - __main__ - INFO - 🎯 COMPLETE SIGNAL DETECTED: {'pair': 'AUD/CAD', 'timer': '00:01:00', 'direction': 'LOWER', 'expiry': 1, 'timestamp': '2025-05-27T23:05:16.520705+02:00', 'id': 'signal_20250527_210516_004', 'session_id': 'session_20250527_205741'}
2025-05-27 21:05:16,520 - __main__ - DEBUG - Saving signal with ID: signal_20250527_210516_004
2025-05-27 21:05:16,520 - __main__ - DEBUG - Created backup: data\signals_history.json.backup
2025-05-27 21:05:16,579 - __main__ - INFO - 🚀 EXECUTING TRADE IMMEDIATELY
2025-05-27 21:05:16,592 - __main__ - INFO - 🎯 Using OTC pair: AUDCAD_otc for signal pair: AUD/CAD
2025-05-27 21:05:16,610 - __main__ - DEBUG - Saving trade with ID: trade_20250527_210516_004
2025-05-27 21:05:16,612 - __main__ - DEBUG - Created backup: data\trades_history.json.backup
2025-05-27 21:05:16,674 - __main__ - DEBUG - Created backup: data\session_data.json.backup
2025-05-27 21:05:16,729 - __main__ - INFO - 🚀 EXECUTING TRADE: AUDCAD_otc PUT $15.73 (expiry: 60s)
2025-05-27 21:05:16,731 - __main__ - INFO - 💰 REAL TRADING MODE: Executing actual trade on Pocket Option platform
2025-05-27 21:05:16,835 - __main__ - INFO - ✅ REAL TRADE EXECUTED: AUDCAD_otc PUT $15.73 - Trade ID: 75eba3c3-ca60-494d-9407-ea713491ac71
2025-05-27 21:05:16,913 - __main__ - DEBUG - Saving trade with ID: trade_20250527_210516_004
2025-05-27 21:05:16,916 - __main__ - DEBUG - Created backup: data\trades_history.json.backup
2025-05-27 21:06:21,972 - __main__ - INFO - 🔍 Checking trade result for trade ID: 75eba3c3-ca60-494d-9407-ea713491ac71
2025-05-27 21:06:21,972 - __main__ - ERROR - Error checking trade result: '>' not supported between instances of 'tuple' and 'int'
2025-05-27 21:06:21,993 - __main__ - DEBUG - Saving trade with ID: trade_20250527_210516_004
2025-05-27 21:06:22,030 - __main__ - DEBUG - Created backup: data\trades_history.json.backup
2025-05-27 21:06:41,739 - __main__ - INFO - 📨 Received message: Signal result: +$644...
2025-05-27 21:06:52,114 - __main__ - INFO - 📨 Received message: ?Stability, the key to success...
2025-05-27 21:09:23,178 - __main__ - INFO - 📨 Received message: ? Congratulations to the Private Trading Club participants on a successful trading session! ?  
  
R...
2025-05-27 21:12:26,835 - telethon.client.updates - INFO - Got difference for account updates
2025-05-27 21:21:37,822 - __main__ - INFO - Shutting down Self Bot...
2025-05-27 21:21:37,822 - telethon.network.mtprotosender - INFO - Disconnecting from 149.154.167.92:443/TcpFull...
2025-05-27 21:21:37,822 - telethon.network.mtprotosender - INFO - Disconnection from 149.154.167.92:443/TcpFull complete!
2025-05-28 13:59:34,057 - __main__ - INFO - Initializing Telegram client...
2025-05-28 13:59:34,110 - telethon.network.mtprotosender - INFO - Connecting to 149.154.167.92:443/TcpFull...
2025-05-28 13:59:34,119 - telethon.network.mtprotosender - INFO - Connection to 149.154.167.92:443/TcpFull complete!
2025-05-28 13:59:34,388 - __main__ - INFO - Started Telegram client in user account mode
2025-05-28 13:59:34,389 - __main__ - INFO - Already authenticated using existing session
2025-05-28 13:59:34,408 - __main__ - INFO - Logged in as: Pieter Stanton (@piet43)
2025-05-28 13:59:34,419 - __main__ - INFO - Initializing Pocket Option client (Demo mode: False)
2025-05-28 13:59:34,421 - __main__ - INFO - Successfully connected to Pocket Option API
2025-05-28 13:59:35,423 - __main__ - INFO - Account balance: 152.74
2025-05-28 13:59:35,451 - __main__ - DEBUG - Created backup: data\session_data.json.backup
2025-05-28 13:59:35,483 - __main__ - INFO - Subscription to favorite pairs is currently disabled due to API limitations.
2025-05-28 13:59:35,486 - __main__ - INFO - JSON storage initialized successfully
2025-05-28 13:59:35,487 - __main__ - INFO - 💰 Current Balance: $152.74
2025-05-28 13:59:41,841 - __main__ - INFO - 💵 Calculated Amount: $15.27
2025-05-28 13:59:44,537 - __main__ - INFO - ✅ Trading amount set to $15.27 for this session
2025-05-28 13:59:44,541 - __main__ - DEBUG - Created backup: data\session_data.json.backup
2025-05-28 13:59:44,579 - __main__ - INFO - ✅ Self Bot v1.5 initialized successfully
2025-05-28 13:59:44,580 - __main__ - INFO - 💰 REAL TRADING MODE ENABLED
2025-05-28 13:59:44,581 - __main__ - INFO - Bot is now monitoring for signals...
2025-05-28 13:59:44,581 - __main__ - INFO - Accessing channel: BINARY TRADING CLUB
2025-05-28 13:59:44,662 - __main__ - INFO - Accessed channel by ID: BINARY TRADING CLUB
2025-05-28 13:59:44,663 - __main__ - INFO - Starting monitoring of channel: BINARY TRADING CLUB
2025-05-28 13:59:44,664 - __main__ - INFO - Event handler registered. Waiting for signals...
2025-05-28 14:00:00,559 - __main__ - INFO - 📨 Received message: **? The trading session has already started! Let's go!**...
2025-05-28 14:00:04,860 - __main__ - INFO - 📨 Received message: **?Trading Pair: EUR/HUF (OTC)**...
2025-05-28 14:00:04,861 - __main__ - INFO - Parsed first message: Trading pair = EUR/HUF
2025-05-28 14:00:13,448 - __main__ - INFO - 📨 Received message: ?SET THE TIMER TO 00:01:00?

First signal: Currency pair EUR/HUF 
HIGHER ? 
Trade time: 1 MIN...
2025-05-28 14:00:13,450 - __main__ - INFO - ✅ PARSED SIGNAL: {'timer': '00:01:00', 'pair': 'EUR/HUF', 'direction': 'HIGHER', 'expiry': 1}
2025-05-28 14:00:13,451 - __main__ - INFO - 🎯 COMPLETE SIGNAL DETECTED: {'pair': 'EUR/HUF', 'timer': '00:01:00', 'direction': 'HIGHER', 'expiry': 1, 'timestamp': '2025-05-28T16:00:13.450218+02:00', 'id': 'signal_20250528_140013_001', 'session_id': 'session_20250528_135930'}
2025-05-28 14:00:13,471 - __main__ - DEBUG - Saving signal with ID: signal_20250528_140013_001
2025-05-28 14:00:13,487 - __main__ - DEBUG - Created backup: data\signals_history.json.backup
2025-05-28 14:00:13,506 - __main__ - INFO - 🚀 EXECUTING TRADE IMMEDIATELY
2025-05-28 14:00:13,550 - __main__ - INFO - 🎯 Using OTC pair: EURHUF_otc for signal pair: EUR/HUF
2025-05-28 14:00:13,606 - __main__ - DEBUG - Saving trade with ID: trade_20250528_140013_001
2025-05-28 14:00:13,611 - __main__ - DEBUG - Created backup: data\trades_history.json.backup
2025-05-28 14:00:13,671 - __main__ - DEBUG - Created backup: data\session_data.json.backup
2025-05-28 14:00:13,706 - __main__ - INFO - 🚀 EXECUTING TRADE: EURHUF_otc CALL $15.27 (expiry: 60s)
2025-05-28 14:00:13,708 - __main__ - INFO - 💰 REAL TRADING MODE: Executing actual trade on Pocket Option platform
2025-05-28 14:00:13,836 - __main__ - INFO - ✅ REAL TRADE EXECUTED: EURHUF_otc CALL $15.27 - Trade ID: 9edbdc45-5c59-4b08-aac1-cd8dafec4d5c
2025-05-28 14:00:13,851 - __main__ - DEBUG - Saving trade with ID: trade_20250528_140013_001
2025-05-28 14:00:13,855 - __main__ - DEBUG - Created backup: data\trades_history.json.backup
2025-05-28 14:01:18,922 - __main__ - INFO - 🔍 Checking trade result for trade ID: 9edbdc45-5c59-4b08-aac1-cd8dafec4d5c
2025-05-28 14:01:18,922 - __main__ - ERROR - Error checking trade result: '>' not supported between instances of 'tuple' and 'int'
2025-05-28 14:01:18,942 - __main__ - DEBUG - Saving trade with ID: trade_20250528_140013_001
2025-05-28 14:01:18,945 - __main__ - DEBUG - Created backup: data\trades_history.json.backup
2025-05-28 14:01:19,913 - __main__ - INFO - 📨 Received message: Signal result: +$644...
2025-05-28 14:01:28,117 - __main__ - INFO - 📨 Received message: ?Wonderful trade...
2025-05-28 14:01:33,158 - __main__ - INFO - 📨 Received message: **?Trading Pair: EUR/USD (OTC)**...
2025-05-28 14:01:33,158 - __main__ - INFO - Parsed first message: Trading pair = EUR/USD
2025-05-28 14:01:43,664 - __main__ - INFO - 📨 Received message: ?SET THE TIMER TO 00:01:00?

Second signal: Currency pair EUR/USD 
HIGHER ? 
Trade time: 1 MIN...
2025-05-28 14:01:43,665 - __main__ - INFO - ✅ PARSED SIGNAL: {'timer': '00:01:00', 'pair': 'EUR/USD', 'direction': 'HIGHER', 'expiry': 1}
2025-05-28 14:01:43,665 - __main__ - INFO - 🎯 COMPLETE SIGNAL DETECTED: {'pair': 'EUR/USD', 'timer': '00:01:00', 'direction': 'HIGHER', 'expiry': 1, 'timestamp': '2025-05-28T16:01:43.665031+02:00', 'id': 'signal_20250528_140143_002', 'session_id': 'session_20250528_135930'}
2025-05-28 14:01:43,667 - __main__ - DEBUG - Saving signal with ID: signal_20250528_140143_002
2025-05-28 14:01:43,669 - __main__ - DEBUG - Created backup: data\signals_history.json.backup
2025-05-28 14:01:43,686 - __main__ - INFO - 🚀 EXECUTING TRADE IMMEDIATELY
2025-05-28 14:01:43,689 - __main__ - INFO - 🎯 Using OTC pair: EURUSD_otc for signal pair: EUR/USD
2025-05-28 14:01:43,704 - __main__ - DEBUG - Saving trade with ID: trade_20250528_140143_002
2025-05-28 14:01:43,706 - __main__ - DEBUG - Created backup: data\trades_history.json.backup
2025-05-28 14:01:43,732 - __main__ - DEBUG - Created backup: data\session_data.json.backup
2025-05-28 14:01:43,750 - __main__ - INFO - 🚀 EXECUTING TRADE: EURUSD_otc CALL $15.27 (expiry: 60s)
2025-05-28 14:01:43,751 - __main__ - INFO - 💰 REAL TRADING MODE: Executing actual trade on Pocket Option platform
2025-05-28 14:01:43,856 - __main__ - INFO - ✅ REAL TRADE EXECUTED: EURUSD_otc CALL $15.27 - Trade ID: 7d376691-0c11-4dfc-beec-fbbc8b952b56
2025-05-28 14:01:43,869 - __main__ - DEBUG - Saving trade with ID: trade_20250528_140143_002
2025-05-28 14:01:43,872 - __main__ - DEBUG - Created backup: data\trades_history.json.backup
2025-05-28 14:01:57,233 - __main__ - INFO - Initializing Telegram client...
2025-05-28 14:01:57,302 - telethon.network.mtprotosender - INFO - Connecting to 149.154.167.92:443/TcpFull...
2025-05-28 14:01:57,311 - telethon.network.mtprotosender - INFO - Connection to 149.154.167.92:443/TcpFull complete!
2025-05-28 14:01:57,731 - __main__ - INFO - Started Telegram client in user account mode
2025-05-28 14:01:57,731 - __main__ - INFO - Already authenticated using existing session
2025-05-28 14:01:57,791 - __main__ - INFO - Logged in as: Pieter Stanton (@piet43)
2025-05-28 14:01:57,804 - __main__ - INFO - Initializing Pocket Option client (Demo mode: False)
2025-05-28 14:01:57,854 - __main__ - INFO - Successfully connected to Pocket Option API
2025-05-28 14:01:58,860 - __main__ - INFO - Account balance: 151.37
2025-05-28 14:01:58,863 - __main__ - DEBUG - Created backup: data\session_data.json.backup
2025-05-28 14:01:59,021 - __main__ - INFO - Subscription to favorite pairs is currently disabled due to API limitations.
2025-05-28 14:01:59,028 - __main__ - INFO - JSON storage initialized successfully
2025-05-28 14:01:59,028 - __main__ - INFO - 💰 Current Balance: $151.37
2025-05-28 14:02:03,126 - __main__ - INFO - 💵 Calculated Amount: $15.14
2025-05-28 14:02:08,777 - __main__ - INFO - ✅ Trading amount set to $15.14 for this session
2025-05-28 14:02:08,781 - __main__ - DEBUG - Created backup: data\session_data.json.backup
2025-05-28 14:02:08,796 - __main__ - INFO - ✅ Self Bot v1.5 initialized successfully
2025-05-28 14:02:08,797 - __main__ - INFO - 💰 REAL TRADING MODE ENABLED
2025-05-28 14:02:08,798 - __main__ - INFO - Bot is now monitoring for signals...
2025-05-28 14:02:08,798 - __main__ - INFO - Accessing channel: BINARY TRADING CLUB
2025-05-28 14:02:08,843 - __main__ - INFO - Accessed channel by ID: BINARY TRADING CLUB
2025-05-28 14:02:08,899 - __main__ - INFO - Starting monitoring of channel: BINARY TRADING CLUB
2025-05-28 14:02:08,900 - __main__ - INFO - Event handler registered. Waiting for signals...
2025-05-28 14:02:48,892 - __main__ - INFO - 🔍 Checking trade result for trade ID: 7d376691-0c11-4dfc-beec-fbbc8b952b56
2025-05-28 14:02:48,893 - __main__ - ERROR - Error checking trade result: '>' not supported between instances of 'tuple' and 'int'
2025-05-28 14:02:48,911 - __main__ - DEBUG - Saving trade with ID: trade_20250528_140143_002
2025-05-28 14:02:48,914 - __main__ - DEBUG - Created backup: data\trades_history.json.backup
2025-05-28 14:02:52,950 - __main__ - INFO - 📨 Received message: Signal result: +$0...
2025-05-28 14:03:01,275 - __main__ - INFO - 📨 Received message: ?Bad luck...
2025-05-28 14:03:08,790 - __main__ - INFO - 📨 Received message: **?Trading Pair: EUR/RUB (OTC)**...
2025-05-28 14:03:08,790 - __main__ - INFO - Parsed first message: Trading pair = EUR/RUB
2025-05-28 14:03:19,105 - __main__ - INFO - 📨 Received message: ?SET THE TIMER TO 00:01:00?

Third signal: Currency pair EUR/RUB 
LOWER  ?
Trade time: 1 MIN...
2025-05-28 14:03:19,107 - __main__ - INFO - ✅ PARSED SIGNAL: {'timer': '00:01:00', 'pair': 'EUR/RUB', 'direction': 'LOWER', 'expiry': 1}
2025-05-28 14:03:19,107 - __main__ - INFO - 🎯 COMPLETE SIGNAL DETECTED: {'pair': 'EUR/RUB', 'timer': '00:01:00', 'direction': 'LOWER', 'expiry': 1, 'timestamp': '2025-05-28T16:03:19.107386+02:00', 'id': 'signal_20250528_140319_001', 'session_id': 'session_20250528_140157'}
2025-05-28 14:03:19,109 - __main__ - DEBUG - Saving signal with ID: signal_20250528_140319_001
2025-05-28 14:03:19,111 - __main__ - DEBUG - Created backup: data\signals_history.json.backup
2025-05-28 14:03:19,150 - __main__ - INFO - 🚀 EXECUTING TRADE IMMEDIATELY
2025-05-28 14:03:19,360 - __main__ - INFO - 🎯 Using OTC pair: EURRUB_otc for signal pair: EUR/RUB
2025-05-28 14:03:19,458 - __main__ - DEBUG - Saving trade with ID: trade_20250528_140319_001
2025-05-28 14:03:19,460 - __main__ - DEBUG - Created backup: data\trades_history.json.backup
2025-05-28 14:03:19,489 - __main__ - DEBUG - Created backup: data\session_data.json.backup
2025-05-28 14:03:19,653 - __main__ - INFO - 🚀 EXECUTING TRADE: EURRUB_otc PUT $15.14 (expiry: 60s)
2025-05-28 14:03:19,654 - __main__ - INFO - 💰 REAL TRADING MODE: Executing actual trade on Pocket Option platform
2025-05-28 14:03:19,758 - __main__ - INFO - ✅ REAL TRADE EXECUTED: EURRUB_otc PUT $15.14 - Trade ID: 1087b9bf-1152-4400-b8cb-c623795eb462
2025-05-28 14:03:19,772 - __main__ - DEBUG - Saving trade with ID: trade_20250528_140319_001
2025-05-28 14:03:19,774 - __main__ - DEBUG - Created backup: data\trades_history.json.backup
2025-05-28 14:03:32,048 - telethon.client.updates - INFO - Got difference for account updates
2025-05-28 14:04:24,911 - __main__ - INFO - 🔍 Checking trade result for trade ID: 1087b9bf-1152-4400-b8cb-c623795eb462
2025-05-28 14:04:24,911 - __main__ - ERROR - Error checking trade result: '>' not supported between instances of 'tuple' and 'int'
2025-05-28 14:04:24,955 - __main__ - DEBUG - Saving trade with ID: trade_20250528_140319_001
2025-05-28 14:04:25,131 - __main__ - DEBUG - Created backup: data\trades_history.json.backup
2025-05-28 14:04:33,672 - __main__ - INFO - 📨 Received message: Signal result: +$644...
2025-05-28 14:04:42,602 - __main__ - INFO - 📨 Received message: ?Excellent result!...
2025-05-28 14:04:51,782 - __main__ - INFO - 📨 Received message: **?Trading Pair: EUR/USD (OTC)**...
2025-05-28 14:04:51,782 - __main__ - INFO - Parsed first message: Trading pair = EUR/USD
2025-05-28 14:05:03,801 - __main__ - INFO - 📨 Received message: ?SET THE TIMER TO 00:01:00?

Fourth signal: Currency pair EUR/USD  
HIGHER ? 
Trade time: 1 MIN...
2025-05-28 14:05:03,802 - __main__ - INFO - ✅ PARSED SIGNAL: {'timer': '00:01:00', 'pair': 'EUR/USD', 'direction': 'HIGHER', 'expiry': 1}
2025-05-28 14:05:03,802 - __main__ - INFO - 🎯 COMPLETE SIGNAL DETECTED: {'pair': 'EUR/USD', 'timer': '00:01:00', 'direction': 'HIGHER', 'expiry': 1, 'timestamp': '2025-05-28T16:05:03.802693+02:00', 'id': 'signal_20250528_140503_002', 'session_id': 'session_20250528_140157'}
2025-05-28 14:05:03,804 - __main__ - DEBUG - Saving signal with ID: signal_20250528_140503_002
2025-05-28 14:05:03,806 - __main__ - DEBUG - Created backup: data\signals_history.json.backup
2025-05-28 14:05:03,834 - __main__ - INFO - 🚀 EXECUTING TRADE IMMEDIATELY
2025-05-28 14:05:03,877 - __main__ - INFO - 🎯 Using OTC pair: EURUSD_otc for signal pair: EUR/USD
2025-05-28 14:05:04,000 - __main__ - DEBUG - Saving trade with ID: trade_20250528_140503_002
2025-05-28 14:05:04,002 - __main__ - DEBUG - Created backup: data\trades_history.json.backup
2025-05-28 14:05:04,026 - __main__ - DEBUG - Created backup: data\session_data.json.backup
2025-05-28 14:05:04,176 - __main__ - INFO - 🚀 EXECUTING TRADE: EURUSD_otc CALL $15.14 (expiry: 60s)
2025-05-28 14:05:04,187 - __main__ - INFO - 💰 REAL TRADING MODE: Executing actual trade on Pocket Option platform
2025-05-28 14:05:04,291 - __main__ - INFO - ✅ REAL TRADE EXECUTED: EURUSD_otc CALL $15.14 - Trade ID: d96af49d-7167-404a-8c02-b621f8b2c7be
2025-05-28 14:05:04,305 - __main__ - DEBUG - Saving trade with ID: trade_20250528_140503_002
2025-05-28 14:05:04,307 - __main__ - DEBUG - Created backup: data\trades_history.json.backup
2025-05-28 14:05:32,191 - telethon.client.updates - INFO - Got difference for account updates
2025-05-28 14:06:09,452 - __main__ - INFO - 🔍 Checking trade result for trade ID: d96af49d-7167-404a-8c02-b621f8b2c7be
2025-05-28 14:06:09,452 - __main__ - ERROR - Error checking trade result: '>' not supported between instances of 'tuple' and 'int'
2025-05-28 14:06:09,747 - __main__ - DEBUG - Saving trade with ID: trade_20250528_140503_002
2025-05-28 14:06:09,750 - __main__ - DEBUG - Created backup: data\trades_history.json.backup
2025-05-28 14:06:10,145 - __main__ - INFO - 📨 Received message: Signal result: +$644...
2025-05-28 14:06:19,383 - __main__ - INFO - 📨 Received message: ?Stability, the key to success...
2025-05-28 14:06:25,505 - __main__ - INFO - 📨 Received message: **?Trading Pair: EUR/HUF (OTC)**...
2025-05-28 14:06:25,506 - __main__ - INFO - Parsed first message: Trading pair = EUR/HUF
2025-05-28 14:06:38,768 - __main__ - INFO - 📨 Received message: ?SET THE TIMER TO 00:01:00?

Fifth signal: Currency pair EUR/HUF
HIGHER ? 
Trade time: 1 MIN...
2025-05-28 14:06:38,769 - __main__ - INFO - ✅ PARSED SIGNAL: {'timer': '00:01:00', 'pair': 'EUR/HUF', 'direction': 'HIGHER', 'expiry': 1}
2025-05-28 14:06:38,769 - __main__ - INFO - 🎯 COMPLETE SIGNAL DETECTED: {'pair': 'EUR/HUF', 'timer': '00:01:00', 'direction': 'HIGHER', 'expiry': 1, 'timestamp': '2025-05-28T16:06:38.769694+02:00', 'id': 'signal_20250528_140638_003', 'session_id': 'session_20250528_140157'}
2025-05-28 14:06:38,772 - __main__ - DEBUG - Saving signal with ID: signal_20250528_140638_003
2025-05-28 14:06:38,773 - __main__ - DEBUG - Created backup: data\signals_history.json.backup
2025-05-28 14:06:38,794 - __main__ - INFO - 🚀 EXECUTING TRADE IMMEDIATELY
2025-05-28 14:06:38,890 - __main__ - INFO - 🎯 Using OTC pair: EURHUF_otc for signal pair: EUR/HUF
2025-05-28 14:06:38,972 - __main__ - DEBUG - Saving trade with ID: trade_20250528_140638_003
2025-05-28 14:06:38,975 - __main__ - DEBUG - Created backup: data\trades_history.json.backup
2025-05-28 14:06:39,001 - __main__ - DEBUG - Created backup: data\session_data.json.backup
2025-05-28 14:06:39,117 - __main__ - INFO - 🚀 EXECUTING TRADE: EURHUF_otc CALL $15.14 (expiry: 60s)
2025-05-28 14:06:39,119 - __main__ - INFO - 💰 REAL TRADING MODE: Executing actual trade on Pocket Option platform
2025-05-28 14:06:39,233 - __main__ - INFO - ✅ REAL TRADE EXECUTED: EURHUF_otc CALL $15.14 - Trade ID: fa892e26-1dfc-4f37-8b4e-7484bc94b8ab
2025-05-28 14:06:39,333 - __main__ - DEBUG - Saving trade with ID: trade_20250528_140638_003
2025-05-28 14:06:39,336 - __main__ - DEBUG - Created backup: data\trades_history.json.backup
2025-05-28 14:07:02,055 - telethon.client.updates - INFO - Got difference for account updates
2025-05-28 14:07:44,529 - __main__ - INFO - 🔍 Checking trade result for trade ID: fa892e26-1dfc-4f37-8b4e-7484bc94b8ab
2025-05-28 14:07:44,529 - __main__ - ERROR - Error checking trade result: '>' not supported between instances of 'tuple' and 'int'
2025-05-28 14:07:44,725 - __main__ - DEBUG - Saving trade with ID: trade_20250528_140638_003
2025-05-28 14:07:44,728 - __main__ - DEBUG - Created backup: data\trades_history.json.backup
2025-05-28 14:07:45,411 - __main__ - INFO - 📨 Received message: Signal result: +$0...
2025-05-28 14:07:52,648 - __main__ - INFO - 📨 Received message: ?Bad luck...
2025-05-28 14:07:59,322 - __main__ - INFO - 📨 Received message: **?Trading Pair: EUR/RUB (OTC)**...
2025-05-28 14:07:59,322 - __main__ - INFO - Parsed first message: Trading pair = EUR/RUB
2025-05-28 14:08:02,060 - telethon.client.updates - INFO - Got difference for account updates
2025-05-28 14:08:10,476 - __main__ - INFO - 📨 Received message: ?SET THE TIMER TO 00:01:00?

Sixth signal: Currency pair EUR/RUB
LOWER  ?
Trade time: 1 MIN...
2025-05-28 14:08:10,477 - __main__ - INFO - ✅ PARSED SIGNAL: {'timer': '00:01:00', 'pair': 'EUR/RUB', 'direction': 'LOWER', 'expiry': 1}
2025-05-28 14:08:10,477 - __main__ - INFO - 🎯 COMPLETE SIGNAL DETECTED: {'pair': 'EUR/RUB', 'timer': '00:01:00', 'direction': 'LOWER', 'expiry': 1, 'timestamp': '2025-05-28T16:08:10.477502+02:00', 'id': 'signal_20250528_140810_004', 'session_id': 'session_20250528_140157'}
2025-05-28 14:08:10,479 - __main__ - DEBUG - Saving signal with ID: signal_20250528_140810_004
2025-05-28 14:08:10,480 - __main__ - DEBUG - Created backup: data\signals_history.json.backup
2025-05-28 14:08:10,538 - __main__ - INFO - 🚀 EXECUTING TRADE IMMEDIATELY
2025-05-28 14:08:10,547 - __main__ - INFO - 🎯 Using OTC pair: EURRUB_otc for signal pair: EUR/RUB
2025-05-28 14:08:10,566 - __main__ - DEBUG - Saving trade with ID: trade_20250528_140810_004
2025-05-28 14:08:10,621 - __main__ - DEBUG - Created backup: data\trades_history.json.backup
2025-05-28 14:08:10,793 - __main__ - DEBUG - Created backup: data\session_data.json.backup
2025-05-28 14:08:10,806 - __main__ - INFO - 🚀 EXECUTING TRADE: EURRUB_otc PUT $15.14 (expiry: 60s)
2025-05-28 14:08:10,806 - __main__ - INFO - 💰 REAL TRADING MODE: Executing actual trade on Pocket Option platform
2025-05-28 14:08:10,911 - __main__ - INFO - ✅ REAL TRADE EXECUTED: EURRUB_otc PUT $15.14 - Trade ID: 48050cf2-91ed-423f-9cd2-e52b4a82b4fb
2025-05-28 14:08:11,091 - __main__ - DEBUG - Saving trade with ID: trade_20250528_140810_004
2025-05-28 14:08:11,095 - __main__ - DEBUG - Created backup: data\trades_history.json.backup
2025-05-28 14:09:02,359 - telethon.client.updates - INFO - Got difference for account updates
2025-05-28 14:09:16,114 - __main__ - INFO - 🔍 Checking trade result for trade ID: 48050cf2-91ed-423f-9cd2-e52b4a82b4fb
2025-05-28 14:09:16,114 - __main__ - ERROR - Error checking trade result: '>' not supported between instances of 'tuple' and 'int'
2025-05-28 14:09:16,213 - __main__ - DEBUG - Saving trade with ID: trade_20250528_140810_004
2025-05-28 14:09:16,215 - __main__ - DEBUG - Created backup: data\trades_history.json.backup
2025-05-28 14:09:16,593 - __main__ - INFO - 📨 Received message: Signal result: +$644...
2025-05-28 14:09:27,039 - __main__ - INFO - 📨 Received message: ?Incredible win...
2025-05-28 14:10:02,054 - telethon.client.updates - INFO - Got difference for account updates
2025-05-28 14:12:25,763 - __main__ - INFO - 📨 Received message: ? Congratulations to the Private Trading Club participants on a successful trading session! ?  
  
R...
2025-05-28 14:14:34,463 - telethon.client.updates - INFO - Got difference for account updates
2025-05-28 14:14:34,549 - telethon.client.updates - INFO - Got difference for channel 2412213735 updates
2025-05-28 14:14:34,550 - __main__ - INFO - 📨 Received message: Signal result: +$0...
2025-05-28 14:14:34,550 - __main__ - INFO - 📨 Received message: ?Bad luck...
2025-05-28 14:14:34,551 - __main__ - INFO - 📨 Received message: **?Trading Pair: EUR/RUB (OTC)**...
2025-05-28 14:14:34,551 - __main__ - INFO - Parsed first message: Trading pair = EUR/RUB
2025-05-28 14:14:34,551 - __main__ - INFO - 📨 Received message: ?SET THE TIMER TO 00:01:00?

Third signal: Currency pair EUR/RUB 
LOWER  ?
Trade time: 1 MIN...
2025-05-28 14:14:34,552 - __main__ - INFO - ✅ PARSED SIGNAL: {'timer': '00:01:00', 'pair': 'EUR/RUB', 'direction': 'LOWER', 'expiry': 1}
2025-05-28 14:14:34,553 - __main__ - INFO - 🎯 COMPLETE SIGNAL DETECTED: {'pair': 'EUR/RUB', 'timer': '00:01:00', 'direction': 'LOWER', 'expiry': 1, 'timestamp': '2025-05-28T16:14:34.552334+02:00', 'id': 'signal_20250528_141434_003', 'session_id': 'session_20250528_135930'}
2025-05-28 14:14:34,554 - __main__ - DEBUG - Saving signal with ID: signal_20250528_141434_003
2025-05-28 14:14:34,555 - __main__ - DEBUG - Created backup: data\signals_history.json.backup
2025-05-28 14:14:34,577 - __main__ - INFO - 🚀 EXECUTING TRADE IMMEDIATELY
2025-05-28 14:14:34,578 - __main__ - INFO - 🎯 Using OTC pair: EURRUB_otc for signal pair: EUR/RUB
2025-05-28 14:14:34,578 - __main__ - INFO - 📨 Received message: Signal result: +$644...
2025-05-28 14:14:34,580 - __main__ - INFO - 📨 Received message: ?Excellent result!...
2025-05-28 14:14:34,581 - __main__ - INFO - 📨 Received message: **?Trading Pair: EUR/USD (OTC)**...
2025-05-28 14:14:34,581 - __main__ - INFO - Parsed first message: Trading pair = EUR/USD
2025-05-28 14:14:34,581 - __main__ - INFO - 📨 Received message: ?SET THE TIMER TO 00:01:00?

Fourth signal: Currency pair EUR/USD  
HIGHER ? 
Trade time: 1 MIN...
2025-05-28 14:14:34,582 - __main__ - INFO - ✅ PARSED SIGNAL: {'timer': '00:01:00', 'pair': 'EUR/USD', 'direction': 'HIGHER', 'expiry': 1}
2025-05-28 14:14:34,583 - __main__ - INFO - 🎯 COMPLETE SIGNAL DETECTED: {'pair': 'EUR/USD', 'timer': '00:01:00', 'direction': 'HIGHER', 'expiry': 1, 'timestamp': '2025-05-28T16:14:34.583924+02:00', 'id': 'signal_20250528_141434_004', 'session_id': 'session_20250528_135930'}
2025-05-28 14:14:34,585 - __main__ - DEBUG - Saving signal with ID: signal_20250528_141434_004
2025-05-28 14:14:34,587 - __main__ - DEBUG - Created backup: data\signals_history.json.backup
2025-05-28 14:14:34,601 - __main__ - DEBUG - Saving trade with ID: trade_20250528_141434_003
2025-05-28 14:14:34,604 - __main__ - INFO - 🚀 EXECUTING TRADE IMMEDIATELY
2025-05-28 14:14:34,606 - __main__ - DEBUG - Created backup: data\trades_history.json.backup
2025-05-28 14:14:34,610 - __main__ - INFO - 🎯 Using OTC pair: EURUSD_otc for signal pair: EUR/USD
2025-05-28 14:14:34,612 - __main__ - INFO - 📨 Received message: Signal result: +$644...
2025-05-28 14:14:34,614 - __main__ - INFO - 📨 Received message: ?Stability, the key to success...
2025-05-28 14:14:34,614 - __main__ - INFO - 📨 Received message: **?Trading Pair: EUR/HUF (OTC)**...
2025-05-28 14:14:34,615 - __main__ - INFO - Parsed first message: Trading pair = EUR/HUF
2025-05-28 14:14:34,615 - __main__ - INFO - 📨 Received message: ?SET THE TIMER TO 00:01:00?

Fifth signal: Currency pair EUR/HUF
HIGHER ? 
Trade time: 1 MIN...
2025-05-28 14:14:34,616 - __main__ - INFO - ✅ PARSED SIGNAL: {'timer': '00:01:00', 'pair': 'EUR/HUF', 'direction': 'HIGHER', 'expiry': 1}
2025-05-28 14:14:34,617 - __main__ - INFO - 🎯 COMPLETE SIGNAL DETECTED: {'pair': 'EUR/HUF', 'timer': '00:01:00', 'direction': 'HIGHER', 'expiry': 1, 'timestamp': '2025-05-28T16:14:34.617921+02:00', 'id': 'signal_20250528_141434_005', 'session_id': 'session_20250528_135930'}
2025-05-28 14:14:34,613 - __main__ - DEBUG - Saving trade with ID: trade_20250528_141434_003
2025-05-28 14:14:34,622 - __main__ - DEBUG - Created backup: data\trades_history.json.backup
2025-05-28 14:14:34,620 - __main__ - DEBUG - Saving signal with ID: signal_20250528_141434_005
2025-05-28 14:14:34,636 - __main__ - DEBUG - Created backup: data\signals_history.json.backup
2025-05-28 14:14:34,633 - __main__ - DEBUG - Created backup: data\session_data.json.backup
2025-05-28 14:14:34,644 - __main__ - DEBUG - Created backup: data\session_data.json.backup
2025-05-28 14:14:34,653 - __main__ - INFO - 🚀 EXECUTING TRADE IMMEDIATELY
2025-05-28 14:14:34,660 - __main__ - INFO - 🚀 EXECUTING TRADE: EURRUB_otc PUT $15.27 (expiry: 60s)
2025-05-28 14:14:34,660 - __main__ - INFO - 🚀 EXECUTING TRADE: EURUSD_otc CALL $15.27 (expiry: 60s)
2025-05-28 14:14:34,661 - __main__ - INFO - 💰 REAL TRADING MODE: Executing actual trade on Pocket Option platform
2025-05-28 14:14:34,662 - __main__ - INFO - 💰 REAL TRADING MODE: Executing actual trade on Pocket Option platform
2025-05-28 14:14:34,669 - __main__ - INFO - 📨 Received message: Signal result: +$0...
2025-05-28 14:14:34,668 - __main__ - INFO - 🎯 Using OTC pair: EURHUF_otc for signal pair: EUR/HUF
2025-05-28 14:14:34,697 - __main__ - INFO - 📨 Received message: ?Bad luck...
2025-05-28 14:14:34,697 - __main__ - INFO - ✅ REAL TRADE EXECUTED: EURRUB_otc PUT $15.27 - Trade ID: 589f1d2d-7db4-4f99-9ace-44661dc2fbdb
2025-05-28 14:14:34,701 - __main__ - INFO - 📨 Received message: **?Trading Pair: EUR/RUB (OTC)**...
2025-05-28 14:14:34,703 - __main__ - INFO - Parsed first message: Trading pair = EUR/RUB
2025-05-28 14:14:34,703 - __main__ - INFO - ✅ REAL TRADE EXECUTED: EURUSD_otc CALL $15.27 - Trade ID: 589f1d2d-7db4-4f99-9ace-44661dc2fbdb
2025-05-28 14:14:34,704 - __main__ - INFO - 📨 Received message: ?SET THE TIMER TO 00:01:00?

Sixth signal: Currency pair EUR/RUB
LOWER  ?
Trade time: 1 MIN...
2025-05-28 14:14:34,708 - __main__ - INFO - ✅ PARSED SIGNAL: {'timer': '00:01:00', 'pair': 'EUR/RUB', 'direction': 'LOWER', 'expiry': 1}
2025-05-28 14:14:34,708 - __main__ - INFO - 🎯 COMPLETE SIGNAL DETECTED: {'pair': 'EUR/RUB', 'timer': '00:01:00', 'direction': 'LOWER', 'expiry': 1, 'timestamp': '2025-05-28T16:14:34.708921+02:00', 'id': 'signal_20250528_141434_006', 'session_id': 'session_20250528_135930'}
2025-05-28 14:14:34,710 - __main__ - DEBUG - Saving trade with ID: trade_20250528_141434_005
2025-05-28 14:14:34,710 - __main__ - DEBUG - Saving trade with ID: trade_20250528_141434_003
2025-05-28 14:14:34,711 - __main__ - DEBUG - Saving signal with ID: signal_20250528_141434_006
2025-05-28 14:14:34,711 - __main__ - DEBUG - Saving trade with ID: trade_20250528_141434_003
2025-05-28 14:14:34,714 - __main__ - DEBUG - Created backup: data\trades_history.json.backup
2025-05-28 14:14:34,714 - __main__ - DEBUG - Created backup: data\trades_history.json.backup
2025-05-28 14:14:34,717 - __main__ - DEBUG - Created backup: data\signals_history.json.backup
2025-05-28 14:14:34,720 - __main__ - DEBUG - Created backup: data\trades_history.json.backup
2025-05-28 14:14:34,748 - __main__ - DEBUG - Created backup: data\session_data.json.backup
2025-05-28 14:14:34,770 - __main__ - INFO - 🚀 EXECUTING TRADE: EURHUF_otc CALL $15.27 (expiry: 60s)
2025-05-28 14:14:34,773 - __main__ - INFO - 🚀 EXECUTING TRADE IMMEDIATELY
2025-05-28 14:14:34,773 - __main__ - INFO - 💰 REAL TRADING MODE: Executing actual trade on Pocket Option platform
2025-05-28 14:14:34,780 - __main__ - INFO - 🎯 Using OTC pair: EURRUB_otc for signal pair: EUR/RUB
2025-05-28 14:14:34,780 - __main__ - INFO - 📨 Received message: Signal result: +$644...
2025-05-28 14:14:34,786 - __main__ - INFO - 📨 Received message: ?Incredible win...
2025-05-28 14:14:34,786 - __main__ - INFO - 📨 Received message: ? Congratulations to the Private Trading Club participants on a successful trading session! ?  
  
R...
2025-05-28 14:14:34,801 - __main__ - DEBUG - Saving trade with ID: trade_20250528_141434_006
2025-05-28 14:14:34,805 - __main__ - DEBUG - Created backup: data\trades_history.json.backup
2025-05-28 14:14:34,827 - __main__ - DEBUG - Created backup: data\session_data.json.backup
2025-05-28 14:14:34,841 - __main__ - INFO - 🚀 EXECUTING TRADE: EURRUB_otc PUT $15.27 (expiry: 60s)
2025-05-28 14:14:34,843 - __main__ - INFO - 💰 REAL TRADING MODE: Executing actual trade on Pocket Option platform
2025-05-28 14:14:34,879 - __main__ - INFO - ✅ REAL TRADE EXECUTED: EURHUF_otc CALL $15.27 - Trade ID: 15663f3e-274b-4d30-88d4-ccf59435e141
2025-05-28 14:14:34,892 - __main__ - DEBUG - Saving trade with ID: trade_20250528_141434_005
2025-05-28 14:14:34,894 - __main__ - DEBUG - Created backup: data\trades_history.json.backup
2025-05-28 14:14:34,946 - __main__ - INFO - ✅ REAL TRADE EXECUTED: EURRUB_otc PUT $15.27 - Trade ID: 15663f3e-274b-4d30-88d4-ccf59435e141
2025-05-28 14:14:34,960 - __main__ - DEBUG - Saving trade with ID: trade_20250528_141434_006
2025-05-28 14:14:34,964 - __main__ - DEBUG - Created backup: data\trades_history.json.backup
2025-05-28 14:15:39,772 - __main__ - INFO - 🔍 Checking trade result for trade ID: 589f1d2d-7db4-4f99-9ace-44661dc2fbdb
2025-05-28 14:15:39,772 - __main__ - ERROR - Error checking trade result: '>' not supported between instances of 'tuple' and 'int'
2025-05-28 14:15:39,776 - __main__ - INFO - 🔍 Checking trade result for trade ID: 589f1d2d-7db4-4f99-9ace-44661dc2fbdb
2025-05-28 14:15:39,776 - __main__ - ERROR - Error checking trade result: '>' not supported between instances of 'tuple' and 'int'
2025-05-28 14:15:39,791 - __main__ - DEBUG - Saving trade with ID: trade_20250528_141434_003
2025-05-28 14:15:39,792 - __main__ - DEBUG - Saving trade with ID: trade_20250528_141434_003
2025-05-28 14:15:39,794 - __main__ - DEBUG - Created backup: data\trades_history.json.backup
2025-05-28 14:15:39,794 - __main__ - DEBUG - Created backup: data\trades_history.json.backup
2025-05-28 14:15:39,916 - __main__ - INFO - 🔍 Checking trade result for trade ID: 15663f3e-274b-4d30-88d4-ccf59435e141
2025-05-28 14:15:39,988 - __main__ - INFO - 🔍 Checking trade result for trade ID: 15663f3e-274b-4d30-88d4-ccf59435e141
2025-05-28 14:18:39,996 - __main__ - ERROR - Error checking trade result: '>' not supported between instances of 'tuple' and 'int'
2025-05-28 14:18:40,014 - __main__ - DEBUG - Saving trade with ID: trade_20250528_141434_006
2025-05-28 14:18:40,018 - __main__ - DEBUG - Created backup: data\trades_history.json.backup
2025-05-28 14:18:40,055 - __main__ - ERROR - Error checking trade result: '>' not supported between instances of 'tuple' and 'int'
2025-05-28 14:18:40,069 - __main__ - DEBUG - Saving trade with ID: trade_20250528_141434_006
2025-05-28 14:18:40,071 - __main__ - DEBUG - Created backup: data\trades_history.json.backup
2025-05-28 14:25:07,198 - telethon.client.updates - WARNING - Cannot get difference since the account is likely misusing the session: database is locked
2025-05-28 14:25:07,199 - telethon.network.mtprotosender - INFO - Disconnecting from 149.154.167.92:443/TcpFull...
2025-05-28 14:25:07,199 - telethon.network.mtprotosender - INFO - Disconnection from 149.154.167.92:443/TcpFull complete!
2025-05-28 14:25:07,200 - telethon.client.telegrambaseclient - ERROR - Unhandled exception from keepalive_handle after cancelling <class '_asyncio.Task'> (<Task finished name='Task-8' coro=<UpdateMethods._keepalive_loop() done, defined at C:\www\TradingBot\venv\Lib\site-packages\telethon\client\updates.py:481> exception=OperationalError('database is locked')>)
Traceback (most recent call last):
  File "C:\www\TradingBot\venv\Lib\site-packages\telethon\helpers.py", line 176, in _cancel
    await task
  File "C:\www\TradingBot\venv\Lib\site-packages\telethon\client\updates.py", line 517, in _keepalive_loop
    self._save_states_and_entities()
  File "C:\www\TradingBot\venv\Lib\site-packages\telethon\client\telegrambaseclient.py", line 694, in _save_states_and_entities
    self.session.process_entities(types.contacts.ResolvedPeer(None, [e._as_input_peer() for e in entities], []))
  File "C:\www\TradingBot\venv\Lib\site-packages\telethon\sessions\sqlite.py", line 301, in process_entities
    c.executemany(
sqlite3.OperationalError: database is locked
2025-05-28 14:25:12,460 - asyncio - ERROR - Task exception was never retrieved
future: <Task finished name='Task-509' coro=<TelegramBaseClient._disconnect_coro() done, defined at C:\www\TradingBot\venv\Lib\site-packages\telethon\client\telegrambaseclient.py:707> exception=OperationalError('database is locked')>
Traceback (most recent call last):
  File "C:\www\TradingBot\venv\Lib\site-packages\telethon\client\telegrambaseclient.py", line 737, in _disconnect_coro
    self._save_states_and_entities()
  File "C:\www\TradingBot\venv\Lib\site-packages\telethon\client\telegrambaseclient.py", line 694, in _save_states_and_entities
    self.session.process_entities(types.contacts.ResolvedPeer(None, [e._as_input_peer() for e in entities], []))
  File "C:\www\TradingBot\venv\Lib\site-packages\telethon\sessions\sqlite.py", line 301, in process_entities
    c.executemany(
sqlite3.OperationalError: database is locked
2025-05-28 14:25:12,463 - telethon.network.mtprotosender - INFO - Not disconnecting (already have no connection)
2025-05-28 14:25:12,463 - telethon.client.telegrambaseclient - ERROR - Unhandled exception from keepalive_handle after cancelling <class '_asyncio.Task'> (<Task finished name='Task-8' coro=<UpdateMethods._keepalive_loop() done, defined at C:\www\TradingBot\venv\Lib\site-packages\telethon\client\updates.py:481> exception=OperationalError('database is locked')>)
Traceback (most recent call last):
  File "C:\www\TradingBot\venv\Lib\site-packages\telethon\helpers.py", line 176, in _cancel
    await task
sqlite3.OperationalError: database is locked
2025-05-28 14:25:17,597 - __main__ - ERROR - Error in monitoring loop: database is locked
2025-05-28 14:29:34,539 - telethon.client.updates - INFO - Got difference for account updates
2025-05-28 14:37:09,956 - telethon.client.updates - INFO - Got difference for channel 2271877401 updates
2025-05-28 14:59:34,664 - telethon.client.updates - INFO - Got difference for channel 2271877401 updates
2025-05-28 15:09:22,863 - telethon.client.updates - INFO - Got difference for channel 2271877401 updates
2025-05-28 15:29:34,730 - telethon.client.updates - INFO - Got difference for account updates
2025-05-28 15:59:10,845 - __main__ - INFO - 📨 Received message: ? **Dear friends, I have great news for you!** ?

? I?m hosting a **CASH GIVEAWAY** where you can wi...
2025-05-28 16:25:14,304 - telethon.client.updates - INFO - Got difference for account updates
2025-05-28 16:40:14,413 - telethon.client.updates - INFO - Got difference for account updates
2025-05-28 17:04:22,297 - __main__ - INFO - 📨 Received message: **?**** Each of these video testimonials is another person who closed the session in the plus side t...
2025-05-28 17:31:22,994 - telethon.client.updates - INFO - Got difference for channel 1323247107 updates
2025-05-28 17:38:13,176 - __main__ - INFO - 📨 Received message: **?**** Every trading day is a new opportunity, and those who act get results. ****?**

These review...
2025-05-28 17:38:13,525 - telethon.client.updates - INFO - Got difference for channel 2412213735 updates
2025-05-28 18:30:09,984 - __main__ - INFO - 📨 Received message: **?****Attention: Scammers and Fakes****?**

Friends, if someone contacts you pretending to be me ? ...
2025-05-28 18:40:14,948 - telethon.client.updates - INFO - Got difference for account updates
2025-05-28 19:14:36,213 - telethon.client.updates - INFO - Got difference for channel 2175189610 updates
2025-05-28 19:25:15,040 - telethon.client.updates - INFO - Got difference for account updates
2025-05-28 19:55:15,103 - telethon.client.updates - INFO - Got difference for account updates
2025-05-28 20:00:21,134 - telethon.client.updates - INFO - Got difference for account updates
2025-05-28 20:10:19,751 - telethon.client.updates - INFO - Got difference for account updates
2025-05-28 20:28:49,726 - telethon.client.updates - INFO - Got difference for account updates
2025-05-28 20:30:12,805 - __main__ - INFO - 📨 Received message: ? **ATTENTION! In 30 minutes we?re starting ? the evening session is coming up! ****?**

The first h...
2025-05-28 20:30:13,351 - telethon.client.updates - INFO - Got difference for channel 1662586438 updates
2025-05-28 20:46:00,828 - telethon.client.updates - INFO - Got difference for account updates
2025-05-28 20:48:19,655 - __main__ - INFO - Initializing Telegram client...
2025-05-28 20:48:19,723 - telethon.network.mtprotosender - INFO - Connecting to 149.154.167.91:443/TcpFull...
2025-05-28 20:48:19,731 - telethon.network.mtprotosender - INFO - Connection to 149.154.167.91:443/TcpFull complete!
2025-05-28 20:48:19,983 - __main__ - INFO - Started Telegram client in user account mode
2025-05-28 20:48:19,983 - __main__ - INFO - Already authenticated using existing session
2025-05-28 20:48:20,032 - __main__ - INFO - Logged in as: Pieter Stanton (@piet43)
2025-05-28 20:48:20,062 - __main__ - INFO - Initializing Pocket Option client (Demo mode: False)
2025-05-28 20:48:20,064 - __main__ - INFO - Successfully connected to Pocket Option API
2025-05-28 20:48:21,066 - __main__ - INFO - Account balance: 117.04
2025-05-28 20:48:21,156 - __main__ - DEBUG - Created backup: data\session_data.json.backup
2025-05-28 20:48:21,251 - __main__ - INFO - Subscription to favorite pairs is currently disabled due to API limitations.
2025-05-28 20:48:21,254 - __main__ - INFO - JSON storage initialized successfully
2025-05-28 20:48:21,270 - __main__ - INFO - 💰 Current Balance: $117.04
2025-05-28 20:48:28,434 - __main__ - INFO - 💵 Calculated Amount: $11.70
2025-05-28 20:48:37,687 - __main__ - INFO - ✅ Trading amount set to $11.70 for this session
2025-05-28 20:48:37,687 - __main__ - DEBUG - Created backup: data\session_data.json.backup
2025-05-28 20:48:37,752 - __main__ - INFO - ✅ Self Bot v1.5 initialized successfully
2025-05-28 20:48:37,753 - __main__ - INFO - 💰 REAL TRADING MODE ENABLED
2025-05-28 20:48:37,753 - __main__ - INFO - Bot is now monitoring for signals...
2025-05-28 20:48:37,754 - __main__ - INFO - Accessing channel: BINARY TRADING CLUB
2025-05-28 20:48:37,805 - __main__ - INFO - Accessed channel by ID: BINARY TRADING CLUB
2025-05-28 20:48:37,884 - __main__ - INFO - Starting monitoring of channel: BINARY TRADING CLUB
2025-05-28 20:48:37,885 - __main__ - INFO - Event handler registered. Waiting for signals...
2025-05-28 20:50:02,572 - __main__ - INFO - 📨 Received message: ?Get ready to earn! Starting soon!

In this session we will use these trading pairs:

**AUD/USD (OTC...
2025-05-28 20:50:03,226 - telethon.client.updates - INFO - Got difference for channel 2412213735 updates
2025-05-28 20:50:07,764 - __main__ - INFO - 📨 Received message: ? **ATTENTION! In 30 minutes we?re starting ? the evening session is coming up! ****?**

The first h...
2025-05-28 20:50:11,951 - __main__ - INFO - 📨 Received message: ?Get ready to earn! Starting soon!

In this session we will use these trading pairs:

**AUD/USD (OTC...
2025-05-28 20:50:49,761 - telethon.client.updates - INFO - Got difference for account updates
2025-05-28 20:50:49,762 - telethon.client.updates - INFO - Got difference for account updates
2025-05-28 21:02:36,810 - telethon.client.updates - INFO - Got difference for account updates
2025-05-28 21:02:37,386 - telethon.client.updates - INFO - Got difference for channel 1662586438 updates
2025-05-28 21:03:10,992 - __main__ - INFO - 📨 Received message: **? The trading session has already started! Let's go!**...
2025-05-28 21:03:12,231 - telethon.client.updates - INFO - Got difference for account updates
2025-05-28 21:03:10,996 - __main__ - INFO - 📨 Received message: **? The trading session has already started! Let's go!**...
2025-05-28 21:03:13,296 - telethon.client.updates - INFO - Got difference for account updates
2025-05-28 21:03:19,705 - __main__ - INFO - 📨 Received message: **?Trading Pair: AUD/NZD (OTC)**...
2025-05-28 21:03:20,569 - __main__ - INFO - Parsed first message: Trading pair = AUD/NZD
2025-05-28 21:03:19,706 - __main__ - INFO - 📨 Received message: **?Trading Pair: AUD/NZD (OTC)**...
2025-05-28 21:03:21,211 - __main__ - INFO - Parsed first message: Trading pair = AUD/NZD
2025-05-28 21:03:32,478 - __main__ - INFO - 📨 Received message: ?SET THE TIMER TO 00:01:00?

First signal: Currency pair AUD/NZD 
LOWER  ?
Trade time: 1 MIN...
2025-05-28 21:03:32,482 - __main__ - INFO - 📨 Received message: ?SET THE TIMER TO 00:01:00?

First signal: Currency pair AUD/NZD 
LOWER  ?
Trade time: 1 MIN...
2025-05-28 21:03:36,519 - __main__ - INFO - ✅ PARSED SIGNAL: {'timer': '00:01:00', 'pair': 'AUD/NZD', 'direction': 'LOWER', 'expiry': 1}
2025-05-28 21:03:36,778 - __main__ - INFO - ✅ PARSED SIGNAL: {'timer': '00:01:00', 'pair': 'AUD/NZD', 'direction': 'LOWER', 'expiry': 1}
2025-05-28 21:03:37,136 - __main__ - INFO - 🎯 COMPLETE SIGNAL DETECTED: {'pair': 'AUD/NZD', 'timer': '00:01:00', 'direction': 'LOWER', 'expiry': 1, 'timestamp': '2025-05-28T23:03:37.136104+02:00', 'id': 'signal_20250528_210337_001', 'session_id': 'session_20250528_204818'}
2025-05-28 21:03:37,222 - __main__ - INFO - 🎯 COMPLETE SIGNAL DETECTED: {'pair': 'AUD/NZD', 'timer': '00:01:00', 'direction': 'LOWER', 'expiry': 1, 'timestamp': '2025-05-28T23:03:37.222098+02:00', 'id': 'signal_20250528_210337_007', 'session_id': 'session_20250528_135930'}
2025-05-28 21:03:41,567 - __main__ - DEBUG - Saving signal with ID: signal_20250528_210337_001
2025-05-28 21:03:41,568 - __main__ - DEBUG - Saving signal with ID: signal_20250528_210337_007
2025-05-28 21:03:54,534 - __main__ - DEBUG - Created backup: data\signals_history.json.backup
2025-05-28 21:03:54,535 - __main__ - DEBUG - Created backup: data\signals_history.json.backup
2025-05-28 21:04:12,435 - __main__ - INFO - 🚀 EXECUTING TRADE IMMEDIATELY
2025-05-28 21:04:12,430 - __main__ - INFO - 🚀 EXECUTING TRADE IMMEDIATELY
2025-05-28 21:04:23,622 - __main__ - INFO - 🎯 Using OTC pair: AUDNZD_otc for signal pair: AUD/NZD
2025-05-28 21:04:23,756 - __main__ - INFO - 🎯 Using OTC pair: AUDNZD_otc for signal pair: AUD/NZD
2025-05-28 21:04:28,790 - __main__ - DEBUG - Saving trade with ID: trade_20250528_210423_001
2025-05-28 21:04:34,007 - __main__ - DEBUG - Created backup: data\trades_history.json.backup
2025-05-28 21:04:34,038 - __main__ - DEBUG - Created backup: data\session_data.json.backup
2025-05-28 21:04:34,104 - __main__ - INFO - 🚀 EXECUTING TRADE: AUDNZD_otc PUT $11.7 (expiry: 60s)
2025-05-28 21:04:34,104 - __main__ - INFO - 💰 REAL TRADING MODE: Executing actual trade on Pocket Option platform
2025-05-28 21:04:34,208 - __main__ - INFO - ✅ REAL TRADE EXECUTED: AUDNZD_otc PUT $11.7 - Trade ID: 36928716-56cc-4efc-a2c2-fa7cf809c14b
2025-05-28 21:04:34,225 - __main__ - DEBUG - Saving trade with ID: trade_20250528_210423_001
2025-05-28 21:04:34,175 - __main__ - ERROR - Error loading JSON from data\trades_history.json: Extra data: line 1015 column 4 (char 31185)
2025-05-28 21:04:36,856 - telethon.client.updates - INFO - Got difference for account updates
2025-05-28 21:04:34,314 - __main__ - DEBUG - Created backup: data\trades_history.json.backup
2025-05-28 21:04:36,807 - telethon.client.updates - INFO - Got difference for account updates
2025-05-28 21:04:38,851 - __main__ - INFO - Restoring from backup: data\trades_history.json.backup
2025-05-28 21:04:40,374 - __main__ - INFO - 📨 Received message: Signal result: +$0...
2025-05-28 21:04:40,378 - __main__ - INFO - 📨 Received message: Signal result: +$0...
2025-05-28 21:04:49,351 - __main__ - INFO - 📨 Received message: ?Bad luck...
2025-05-28 21:04:50,633 - __main__ - DEBUG - Saving trade with ID: trade_20250528_210424_007
2025-05-28 21:04:49,357 - __main__ - INFO - 📨 Received message: ?Bad luck...
2025-05-28 21:04:55,121 - __main__ - INFO - 📨 Received message: **?Trading Pair: AUD/CHF (OTC)**...
2025-05-28 21:04:55,139 - __main__ - INFO - Parsed first message: Trading pair = AUD/CHF
2025-05-28 21:04:51,046 - __main__ - DEBUG - Created backup: data\trades_history.json.backup
2025-05-28 21:04:55,066 - __main__ - INFO - 📨 Received message: **?Trading Pair: AUD/CHF (OTC)**...
2025-05-28 21:04:56,566 - __main__ - INFO - Parsed first message: Trading pair = AUD/CHF
2025-05-28 21:05:04,525 - __main__ - DEBUG - Created backup: data\session_data.json.backup
2025-05-28 21:05:04,633 - __main__ - INFO - 🚀 EXECUTING TRADE: AUDNZD_otc PUT $15.27 (expiry: 60s)
2025-05-28 21:05:04,635 - __main__ - INFO - 💰 REAL TRADING MODE: Executing actual trade on Pocket Option platform
2025-05-28 21:05:04,755 - __main__ - INFO - ✅ REAL TRADE EXECUTED: AUDNZD_otc PUT $15.27 - Trade ID: b5515a54-1385-4ce0-8bb8-b5eddc4864d6
2025-05-28 21:05:04,783 - __main__ - DEBUG - Saving trade with ID: trade_20250528_210424_007
2025-05-28 21:05:04,785 - __main__ - DEBUG - Created backup: data\trades_history.json.backup
2025-05-28 21:05:05,417 - __main__ - INFO - 📨 Received message: ?SET THE TIMER TO 00:01:00?

Second signal: Currency pair AUD/CHF 
LOWER  ?
Trade time: 1 MIN...
2025-05-28 21:05:05,418 - __main__ - INFO - ✅ PARSED SIGNAL: {'timer': '00:01:00', 'pair': 'AUD/CHF', 'direction': 'LOWER', 'expiry': 1}
2025-05-28 21:05:05,419 - __main__ - INFO - 🎯 COMPLETE SIGNAL DETECTED: {'pair': 'AUD/CHF', 'timer': '00:01:00', 'direction': 'LOWER', 'expiry': 1, 'timestamp': '2025-05-28T23:05:05.419300+02:00', 'id': 'signal_20250528_210505_008', 'session_id': 'session_20250528_135930'}
2025-05-28 21:05:05,436 - __main__ - DEBUG - Saving signal with ID: signal_20250528_210505_008
2025-05-28 21:05:05,438 - __main__ - DEBUG - Created backup: data\signals_history.json.backup
2025-05-28 21:05:05,417 - __main__ - INFO - 📨 Received message: ?SET THE TIMER TO 00:01:00?

Second signal: Currency pair AUD/CHF 
LOWER  ?
Trade time: 1 MIN...
2025-05-28 21:05:05,489 - __main__ - INFO - 🚀 EXECUTING TRADE IMMEDIATELY
2025-05-28 21:05:05,480 - __main__ - INFO - ✅ PARSED SIGNAL: {'timer': '00:01:00', 'pair': 'AUD/CHF', 'direction': 'LOWER', 'expiry': 1}
2025-05-28 21:05:05,490 - __main__ - INFO - 🎯 COMPLETE SIGNAL DETECTED: {'pair': 'AUD/CHF', 'timer': '00:01:00', 'direction': 'LOWER', 'expiry': 1, 'timestamp': '2025-05-28T23:05:05.490263+02:00', 'id': 'signal_20250528_210505_002', 'session_id': 'session_20250528_204818'}
2025-05-28 21:05:05,516 - __main__ - DEBUG - Saving signal with ID: signal_20250528_210505_002
2025-05-28 21:05:05,517 - __main__ - INFO - 🎯 Using OTC pair: AUDCHF_otc for signal pair: AUD/CHF
2025-05-28 21:05:05,750 - __main__ - DEBUG - Saving trade with ID: trade_20250528_210505_008
2025-05-28 21:05:05,752 - __main__ - DEBUG - Created backup: data\signals_history.json.backup
2025-05-28 21:05:05,827 - __main__ - DEBUG - Created backup: data\trades_history.json.backup
2025-05-28 21:05:05,860 - __main__ - DEBUG - Created backup: data\session_data.json.backup
2025-05-28 21:05:05,878 - __main__ - INFO - 🚀 EXECUTING TRADE: AUDCHF_otc PUT $15.27 (expiry: 60s)
2025-05-28 21:05:05,879 - __main__ - INFO - 💰 REAL TRADING MODE: Executing actual trade on Pocket Option platform
2025-05-28 21:05:05,923 - __main__ - INFO - 🚀 EXECUTING TRADE IMMEDIATELY
2025-05-28 21:05:05,932 - __main__ - INFO - 🎯 Using OTC pair: AUDCHF_otc for signal pair: AUD/CHF
2025-05-28 21:05:05,949 - __main__ - DEBUG - Saving trade with ID: trade_20250528_210505_002
2025-05-28 21:05:05,952 - __main__ - DEBUG - Created backup: data\trades_history.json.backup
2025-05-28 21:05:06,052 - __main__ - INFO - ✅ REAL TRADE EXECUTED: AUDCHF_otc PUT $15.27 - Trade ID: 0554c10c-a8f1-4f27-af17-e82497f2bdd9
2025-05-28 21:05:06,059 - __main__ - DEBUG - Created backup: data\session_data.json.backup
2025-05-28 21:05:06,078 - __main__ - DEBUG - Saving trade with ID: trade_20250528_210505_008
2025-05-28 21:05:06,131 - __main__ - INFO - 🚀 EXECUTING TRADE: AUDCHF_otc PUT $11.7 (expiry: 60s)
2025-05-28 21:05:06,135 - __main__ - INFO - 💰 REAL TRADING MODE: Executing actual trade on Pocket Option platform
2025-05-28 21:05:06,223 - __main__ - DEBUG - Created backup: data\trades_history.json.backup
2025-05-28 21:05:06,251 - __main__ - INFO - ✅ REAL TRADE EXECUTED: AUDCHF_otc PUT $11.7 - Trade ID: 656a9334-de25-479f-95ad-ac2161b1798f
2025-05-28 21:05:06,258 - __main__ - DEBUG - Saving trade with ID: trade_20250528_210505_002
2025-05-28 21:05:06,309 - __main__ - DEBUG - Created backup: data\trades_history.json.backup
2025-05-28 21:05:37,378 - telethon.client.updates - INFO - Got difference for account updates
2025-05-28 21:05:37,394 - telethon.client.updates - INFO - Got difference for account updates
2025-05-28 21:06:01,564 - __main__ - INFO - 🔍 Checking trade result for trade ID: 36928716-56cc-4efc-a2c2-fa7cf809c14b
2025-05-28 21:06:01,565 - __main__ - ERROR - Error checking trade result: '>' not supported between instances of 'tuple' and 'int'
2025-05-28 21:06:01,981 - __main__ - DEBUG - Saving trade with ID: trade_20250528_210423_001
2025-05-28 21:06:02,126 - __main__ - DEBUG - Created backup: data\trades_history.json.backup
2025-05-28 21:06:09,827 - __main__ - INFO - 🔍 Checking trade result for trade ID: b5515a54-1385-4ce0-8bb8-b5eddc4864d6
2025-05-28 21:06:11,309 - __main__ - INFO - 🔍 Checking trade result for trade ID: 0554c10c-a8f1-4f27-af17-e82497f2bdd9
2025-05-28 21:06:11,367 - __main__ - INFO - 🔍 Checking trade result for trade ID: 656a9334-de25-479f-95ad-ac2161b1798f
2025-05-28 21:06:11,368 - __main__ - ERROR - Error checking trade result: '>' not supported between instances of 'tuple' and 'int'
2025-05-28 21:06:11,384 - __main__ - DEBUG - Saving trade with ID: trade_20250528_210505_002
2025-05-28 21:06:11,387 - __main__ - DEBUG - Created backup: data\trades_history.json.backup
2025-05-28 21:06:12,883 - __main__ - INFO - 📨 Received message: Signal result: +$644...
2025-05-28 21:06:12,882 - __main__ - INFO - 📨 Received message: Signal result: +$644...
2025-05-28 21:06:21,587 - __main__ - INFO - 📨 Received message: ?Wonderful trade...
2025-05-28 21:06:21,587 - __main__ - INFO - 📨 Received message: ?Wonderful trade...
2025-05-28 21:06:24,514 - __main__ - INFO - 📨 Received message: **?Trading Pair: AUD/USD (OTC)**...
2025-05-28 21:06:24,515 - __main__ - INFO - Parsed first message: Trading pair = AUD/USD
2025-05-28 21:06:24,515 - __main__ - INFO - 📨 Received message: **?Trading Pair: AUD/USD (OTC)**...
2025-05-28 21:06:24,516 - __main__ - INFO - Parsed first message: Trading pair = AUD/USD
2025-05-28 21:06:36,787 - telethon.client.updates - INFO - Got difference for account updates
2025-05-28 21:06:36,792 - telethon.client.updates - INFO - Got difference for account updates
2025-05-28 21:06:37,321 - __main__ - INFO - 📨 Received message: ?SET THE TIMER TO 00:01:00?

Third signal: Currency pair AUD/USD 
LOWER  ?
Trade time: 1 MIN...
2025-05-28 21:06:37,321 - __main__ - INFO - 📨 Received message: ?SET THE TIMER TO 00:01:00?

Third signal: Currency pair AUD/USD 
LOWER  ?
Trade time: 1 MIN...
2025-05-28 21:06:37,322 - __main__ - INFO - ✅ PARSED SIGNAL: {'timer': '00:01:00', 'pair': 'AUD/USD', 'direction': 'LOWER', 'expiry': 1}
2025-05-28 21:06:37,322 - __main__ - INFO - ✅ PARSED SIGNAL: {'timer': '00:01:00', 'pair': 'AUD/USD', 'direction': 'LOWER', 'expiry': 1}
2025-05-28 21:06:37,323 - __main__ - INFO - 🎯 COMPLETE SIGNAL DETECTED: {'pair': 'AUD/USD', 'timer': '00:01:00', 'direction': 'LOWER', 'expiry': 1, 'timestamp': '2025-05-28T23:06:37.323815+02:00', 'id': 'signal_20250528_210637_009', 'session_id': 'session_20250528_135930'}
2025-05-28 21:06:37,373 - __main__ - DEBUG - Saving signal with ID: signal_20250528_210637_009
2025-05-28 21:06:37,375 - __main__ - DEBUG - Saving signal with ID: signal_20250528_210637_003
2025-05-28 21:06:37,377 - __main__ - DEBUG - Created backup: data\signals_history.json.backup
2025-05-28 21:06:37,380 - __main__ - DEBUG - Created backup: data\signals_history.json.backup
2025-05-28 21:06:37,433 - __main__ - INFO - 🚀 EXECUTING TRADE IMMEDIATELY
2025-05-28 21:06:37,435 - __main__ - INFO - 🎯 Using OTC pair: AUDUSD_otc for signal pair: AUD/USD
2025-05-28 21:06:37,448 - __main__ - INFO - 🚀 EXECUTING TRADE IMMEDIATELY
2025-05-28 21:06:37,480 - __main__ - INFO - 🎯 Using OTC pair: AUDUSD_otc for signal pair: AUD/USD
2025-05-28 21:06:37,481 - __main__ - DEBUG - Saving trade with ID: trade_20250528_210637_003
2025-05-28 21:06:37,484 - __main__ - DEBUG - Saving trade with ID: trade_20250528_210637_009
2025-05-28 21:06:37,493 - __main__ - DEBUG - Created backup: data\trades_history.json.backup
2025-05-28 21:06:37,493 - __main__ - DEBUG - Created backup: data\trades_history.json.backup
2025-05-28 21:06:37,560 - __main__ - DEBUG - Created backup: data\session_data.json.backup
2025-05-28 21:06:37,578 - __main__ - DEBUG - Created backup: data\session_data.json.backup
2025-05-28 21:06:37,583 - __main__ - INFO - 🚀 EXECUTING TRADE: AUDUSD_otc PUT $15.27 (expiry: 60s)
2025-05-28 21:06:37,585 - __main__ - INFO - 💰 REAL TRADING MODE: Executing actual trade on Pocket Option platform
2025-05-28 21:06:37,606 - __main__ - INFO - 🚀 EXECUTING TRADE: AUDUSD_otc PUT $11.7 (expiry: 60s)
2025-05-28 21:06:37,607 - __main__ - INFO - 💰 REAL TRADING MODE: Executing actual trade on Pocket Option platform
2025-05-28 21:06:37,644 - __main__ - INFO - ✅ REAL TRADE EXECUTED: AUDUSD_otc PUT $11.7 - Trade ID: 2f68009c-62a1-44dc-9fe5-c563c60bc604
2025-05-28 21:06:37,710 - __main__ - INFO - ✅ REAL TRADE EXECUTED: AUDUSD_otc PUT $15.27 - Trade ID: 2f68009c-62a1-44dc-9fe5-c563c60bc604
2025-05-28 21:06:37,712 - __main__ - DEBUG - Saving trade with ID: trade_20250528_210637_003
2025-05-28 21:06:37,715 - __main__ - DEBUG - Saving trade with ID: trade_20250528_210637_009
2025-05-28 21:06:37,721 - __main__ - DEBUG - Created backup: data\trades_history.json.backup
2025-05-28 21:06:37,723 - __main__ - DEBUG - Created backup: data\trades_history.json.backup
2025-05-28 21:07:42,817 - __main__ - INFO - 🔍 Checking trade result for trade ID: 2f68009c-62a1-44dc-9fe5-c563c60bc604
2025-05-28 21:07:42,833 - __main__ - INFO - 🔍 Checking trade result for trade ID: 2f68009c-62a1-44dc-9fe5-c563c60bc604
2025-05-28 21:07:54,605 - __main__ - INFO - 📨 Received message: Signal result: +$644...
2025-05-28 21:07:54,605 - __main__ - INFO - 📨 Received message: Signal result: +$644...
2025-05-28 21:08:03,513 - __main__ - INFO - 📨 Received message: ?Excellent result!...
2025-05-28 21:08:03,513 - __main__ - INFO - 📨 Received message: ?Excellent result!...
2025-05-28 21:08:06,808 - telethon.client.updates - INFO - Got difference for account updates
2025-05-28 21:08:06,821 - telethon.client.updates - INFO - Got difference for account updates
2025-05-28 21:08:09,612 - __main__ - INFO - 📨 Received message: **?Trading Pair: AUD/NZD (OTC)**...
2025-05-28 21:08:09,617 - __main__ - INFO - Parsed first message: Trading pair = AUD/NZD
2025-05-28 21:08:09,617 - __main__ - INFO - 📨 Received message: **?Trading Pair: AUD/NZD (OTC)**...
2025-05-28 21:08:10,145 - __main__ - INFO - Parsed first message: Trading pair = AUD/NZD
2025-05-28 21:08:16,192 - __main__ - INFO - 📨 Received message: ?SET THE TIMER TO 00:01:00?

Fourth signal: Currency pair AUD/NZD  
HIGHER ? 
Trade time: 1 MIN...
2025-05-28 21:08:16,192 - __main__ - INFO - ✅ PARSED SIGNAL: {'timer': '00:01:00', 'pair': 'AUD/NZD', 'direction': 'HIGHER', 'expiry': 1}
2025-05-28 21:08:16,192 - __main__ - INFO - 🎯 COMPLETE SIGNAL DETECTED: {'pair': 'AUD/NZD', 'timer': '00:01:00', 'direction': 'HIGHER', 'expiry': 1, 'timestamp': '2025-05-28T23:08:16.192604+02:00', 'id': 'signal_20250528_210816_004', 'session_id': 'session_20250528_204818'}
2025-05-28 21:08:16,192 - __main__ - INFO - 📨 Received message: ?SET THE TIMER TO 00:01:00?

Fourth signal: Currency pair AUD/NZD  
HIGHER ? 
Trade time: 1 MIN...
2025-05-28 21:08:16,192 - __main__ - INFO - ✅ PARSED SIGNAL: {'timer': '00:01:00', 'pair': 'AUD/NZD', 'direction': 'HIGHER', 'expiry': 1}
2025-05-28 21:08:16,192 - __main__ - INFO - 🎯 COMPLETE SIGNAL DETECTED: {'pair': 'AUD/NZD', 'timer': '00:01:00', 'direction': 'HIGHER', 'expiry': 1, 'timestamp': '2025-05-28T23:08:16.192604+02:00', 'id': 'signal_20250528_210816_010', 'session_id': 'session_20250528_135930'}
2025-05-28 21:08:16,234 - __main__ - DEBUG - Saving signal with ID: signal_20250528_210816_004
2025-05-28 21:08:16,234 - __main__ - DEBUG - Saving signal with ID: signal_20250528_210816_010
2025-05-28 21:08:16,240 - __main__ - DEBUG - Created backup: data\signals_history.json.backup
2025-05-28 21:08:16,246 - __main__ - DEBUG - Created backup: data\signals_history.json.backup
2025-05-28 21:08:16,297 - __main__ - INFO - 🚀 EXECUTING TRADE IMMEDIATELY
2025-05-28 21:08:16,303 - __main__ - INFO - 🎯 Using OTC pair: AUDNZD_otc for signal pair: AUD/NZD
2025-05-28 21:08:16,308 - __main__ - INFO - 🚀 EXECUTING TRADE IMMEDIATELY
2025-05-28 21:08:16,311 - __main__ - INFO - 🎯 Using OTC pair: AUDNZD_otc for signal pair: AUD/NZD
2025-05-28 21:08:16,322 - __main__ - DEBUG - Saving trade with ID: trade_20250528_210816_004
2025-05-28 21:08:16,323 - __main__ - DEBUG - Saving trade with ID: trade_20250528_210816_010
2025-05-28 21:08:16,325 - __main__ - DEBUG - Created backup: data\trades_history.json.backup
2025-05-28 21:08:16,329 - __main__ - DEBUG - Created backup: data\trades_history.json.backup
2025-05-28 21:08:16,389 - __main__ - DEBUG - Created backup: data\session_data.json.backup
2025-05-28 21:08:16,407 - __main__ - INFO - 🚀 EXECUTING TRADE: AUDNZD_otc CALL $11.7 (expiry: 60s)
2025-05-28 21:08:16,407 - __main__ - INFO - 💰 REAL TRADING MODE: Executing actual trade on Pocket Option platform
2025-05-28 21:08:16,408 - __main__ - DEBUG - Created backup: data\session_data.json.backup
2025-05-28 21:08:16,423 - __main__ - INFO - 🚀 EXECUTING TRADE: AUDNZD_otc CALL $15.27 (expiry: 60s)
2025-05-28 21:08:16,423 - __main__ - INFO - 💰 REAL TRADING MODE: Executing actual trade on Pocket Option platform
2025-05-28 21:08:16,515 - __main__ - INFO - ✅ REAL TRADE EXECUTED: AUDNZD_otc CALL $11.7 - Trade ID: f4e30531-14eb-4458-ad50-b8b80cde5ed7
2025-05-28 21:08:16,528 - __main__ - DEBUG - Saving trade with ID: trade_20250528_210816_004
2025-05-28 21:08:16,530 - __main__ - DEBUG - Created backup: data\trades_history.json.backup
2025-05-28 21:08:16,547 - __main__ - INFO - ✅ REAL TRADE EXECUTED: AUDNZD_otc CALL $15.27 - Trade ID: f4e30531-14eb-4458-ad50-b8b80cde5ed7
2025-05-28 21:08:16,577 - __main__ - DEBUG - Saving trade with ID: trade_20250528_210816_010
2025-05-28 21:08:16,580 - __main__ - DEBUG - Created backup: data\trades_history.json.backup
2025-05-28 21:09:06,831 - telethon.client.updates - INFO - Got difference for account updates
2025-05-28 21:09:06,891 - telethon.client.updates - INFO - Got difference for account updates
2025-05-28 21:09:10,248 - __main__ - ERROR - Error checking trade result: '>' not supported between instances of 'tuple' and 'int'
2025-05-28 21:09:10,271 - __main__ - DEBUG - Saving trade with ID: trade_20250528_210424_007
2025-05-28 21:09:10,274 - __main__ - DEBUG - Created backup: data\trades_history.json.backup
2025-05-28 21:09:11,358 - __main__ - ERROR - Error checking trade result: '>' not supported between instances of 'tuple' and 'int'
2025-05-28 21:09:11,373 - __main__ - DEBUG - Saving trade with ID: trade_20250528_210505_008
2025-05-28 21:09:11,375 - __main__ - DEBUG - Created backup: data\trades_history.json.backup
2025-05-28 21:09:21,570 - __main__ - INFO - 🔍 Checking trade result for trade ID: f4e30531-14eb-4458-ad50-b8b80cde5ed7
2025-05-28 21:09:21,603 - __main__ - INFO - 🔍 Checking trade result for trade ID: f4e30531-14eb-4458-ad50-b8b80cde5ed7
2025-05-28 21:09:56,223 - __main__ - INFO - 📨 Received message: Signal result: +$644...
2025-05-28 21:09:56,223 - __main__ - INFO - 📨 Received message: Signal result: +$644...
2025-05-28 21:10:05,162 - __main__ - INFO - 📨 Received message: ?Stability, the key to success...
2025-05-28 21:10:05,162 - __main__ - INFO - 📨 Received message: ?Stability, the key to success...
2025-05-28 21:10:06,772 - telethon.client.updates - INFO - Got difference for account updates
2025-05-28 21:10:06,867 - telethon.client.updates - INFO - Got difference for account updates
2025-05-28 21:10:15,675 - __main__ - INFO - 📨 Received message: **?Trading Pair: EUR/USD (OTC)**...
2025-05-28 21:10:15,675 - __main__ - INFO - Parsed first message: Trading pair = EUR/USD
2025-05-28 21:10:15,675 - __main__ - INFO - Parsed first message: Trading pair = EUR/USD
2025-05-28 21:10:30,425 - __main__ - INFO - 📨 Received message: ?SET THE TIMER TO 00:01:00?

Fifth signal: Currency pair EUR/USD
LOWER  ?
Trade time: 1 MIN...
2025-05-28 21:10:30,425 - __main__ - INFO - 📨 Received message: ?SET THE TIMER TO 00:01:00?

Fifth signal: Currency pair EUR/USD
LOWER  ?
Trade time: 1 MIN...
2025-05-28 21:10:30,425 - __main__ - INFO - ✅ PARSED SIGNAL: {'timer': '00:01:00', 'pair': 'EUR/USD', 'direction': 'LOWER', 'expiry': 1}
2025-05-28 21:10:30,425 - __main__ - INFO - ✅ PARSED SIGNAL: {'timer': '00:01:00', 'pair': 'EUR/USD', 'direction': 'LOWER', 'expiry': 1}
2025-05-28 21:10:30,425 - __main__ - INFO - 🎯 COMPLETE SIGNAL DETECTED: {'pair': 'EUR/USD', 'timer': '00:01:00', 'direction': 'LOWER', 'expiry': 1, 'timestamp': '2025-05-28T23:10:30.425183+02:00', 'id': 'signal_20250528_211030_005', 'session_id': 'session_20250528_204818'}
2025-05-28 21:10:30,446 - __main__ - DEBUG - Saving signal with ID: signal_20250528_211030_005
2025-05-28 21:10:30,446 - __main__ - DEBUG - Saving signal with ID: signal_20250528_211030_011
2025-05-28 21:10:30,451 - __main__ - DEBUG - Created backup: data\signals_history.json.backup
2025-05-28 21:10:30,452 - __main__ - DEBUG - Created backup: data\signals_history.json.backup
2025-05-28 21:10:30,480 - __main__ - INFO - 🚀 EXECUTING TRADE IMMEDIATELY
2025-05-28 21:10:30,486 - __main__ - INFO - 🎯 Using OTC pair: EURUSD_otc for signal pair: EUR/USD
2025-05-28 21:10:30,515 - __main__ - INFO - 🚀 EXECUTING TRADE IMMEDIATELY
2025-05-28 21:10:30,519 - __main__ - INFO - 🎯 Using OTC pair: EURUSD_otc for signal pair: EUR/USD
2025-05-28 21:10:30,521 - __main__ - DEBUG - Saving trade with ID: trade_20250528_211030_011
2025-05-28 21:10:30,521 - __main__ - DEBUG - Saving trade with ID: trade_20250528_211030_005
2025-05-28 21:10:30,529 - __main__ - DEBUG - Created backup: data\trades_history.json.backup
2025-05-28 21:10:30,529 - __main__ - DEBUG - Created backup: data\trades_history.json.backup
2025-05-28 21:10:30,555 - __main__ - DEBUG - Created backup: data\session_data.json.backup
2025-05-28 21:10:30,580 - __main__ - DEBUG - Created backup: data\session_data.json.backup
2025-05-28 21:10:30,619 - __main__ - INFO - 🚀 EXECUTING TRADE: EURUSD_otc PUT $15.27 (expiry: 60s)
2025-05-28 21:10:30,621 - __main__ - INFO - 💰 REAL TRADING MODE: Executing actual trade on Pocket Option platform
2025-05-28 21:10:30,622 - __main__ - INFO - 🚀 EXECUTING TRADE: EURUSD_otc PUT $11.7 (expiry: 60s)
2025-05-28 21:10:30,623 - __main__ - INFO - 💰 REAL TRADING MODE: Executing actual trade on Pocket Option platform
2025-05-28 21:10:30,727 - __main__ - INFO - ✅ REAL TRADE EXECUTED: EURUSD_otc PUT $15.27 - Trade ID: e52d0a01-54b5-459d-af15-c32cdb02c74a
2025-05-28 21:10:30,727 - __main__ - INFO - ✅ REAL TRADE EXECUTED: EURUSD_otc PUT $11.7 - Trade ID: e52d0a01-54b5-459d-af15-c32cdb02c74a
2025-05-28 21:10:30,757 - __main__ - DEBUG - Saving trade with ID: trade_20250528_211030_005
2025-05-28 21:10:30,757 - __main__ - DEBUG - Saving trade with ID: trade_20250528_211030_011
2025-05-28 21:10:30,759 - __main__ - DEBUG - Created backup: data\trades_history.json.backup
2025-05-28 21:10:30,762 - __main__ - DEBUG - Created backup: data\trades_history.json.backup
2025-05-28 21:10:42,897 - __main__ - ERROR - Error checking trade result: '>' not supported between instances of 'tuple' and 'int'
2025-05-28 21:10:42,897 - __main__ - DEBUG - Saving trade with ID: trade_20250528_210637_003
2025-05-28 21:10:42,897 - __main__ - DEBUG - Saving trade with ID: trade_20250528_210637_009
2025-05-28 21:10:42,915 - __main__ - DEBUG - Created backup: data\trades_history.json.backup
2025-05-28 21:10:42,917 - __main__ - DEBUG - Created backup: data\trades_history.json.backup
2025-05-28 21:11:06,771 - telethon.client.updates - INFO - Got difference for account updates
2025-05-28 21:11:06,800 - telethon.client.updates - INFO - Got difference for account updates
2025-05-28 21:11:35,829 - __main__ - INFO - 🔍 Checking trade result for trade ID: e52d0a01-54b5-459d-af15-c32cdb02c74a
2025-05-28 21:11:35,837 - __main__ - INFO - 🔍 Checking trade result for trade ID: e52d0a01-54b5-459d-af15-c32cdb02c74a
2025-05-28 21:11:37,218 - __main__ - INFO - 📨 Received message: Signal result: +$644...
2025-05-28 21:11:37,219 - __main__ - INFO - 📨 Received message: Signal result: +$644...
2025-05-28 21:11:46,442 - __main__ - INFO - 📨 Received message: ?Incredible win...
2025-05-28 21:11:46,442 - __main__ - INFO - 📨 Received message: ?Incredible win...
2025-05-28 21:11:55,821 - __main__ - INFO - 📨 Received message: **?Trading Pair: AUD/USD (OTC)**...
2025-05-28 21:11:55,821 - __main__ - INFO - 📨 Received message: **?Trading Pair: AUD/USD (OTC)**...
2025-05-28 21:11:55,821 - __main__ - INFO - Parsed first message: Trading pair = AUD/USD
2025-05-28 21:11:55,821 - __main__ - INFO - Parsed first message: Trading pair = AUD/USD
2025-05-28 21:12:05,741 - __main__ - INFO - 📨 Received message: ?SET THE TIMER TO 00:01:00?

Sixth signal: Currency pair AUD/USD
LOWER  ?
Trade time: 1 MIN...
2025-05-28 21:12:05,741 - __main__ - INFO - ✅ PARSED SIGNAL: {'timer': '00:01:00', 'pair': 'AUD/USD', 'direction': 'LOWER', 'expiry': 1}
2025-05-28 21:12:05,741 - __main__ - INFO - 🎯 COMPLETE SIGNAL DETECTED: {'pair': 'AUD/USD', 'timer': '00:01:00', 'direction': 'LOWER', 'expiry': 1, 'timestamp': '2025-05-28T23:12:05.741669+02:00', 'id': 'signal_20250528_211205_012', 'session_id': 'session_20250528_135930'}
2025-05-28 21:12:05,741 - __main__ - INFO - 📨 Received message: ?SET THE TIMER TO 00:01:00?

Sixth signal: Currency pair AUD/USD
LOWER  ?
Trade time: 1 MIN...
2025-05-28 21:12:05,741 - __main__ - INFO - ✅ PARSED SIGNAL: {'timer': '00:01:00', 'pair': 'AUD/USD', 'direction': 'LOWER', 'expiry': 1}
2025-05-28 21:12:05,741 - __main__ - INFO - 🎯 COMPLETE SIGNAL DETECTED: {'pair': 'AUD/USD', 'timer': '00:01:00', 'direction': 'LOWER', 'expiry': 1, 'timestamp': '2025-05-28T23:12:05.741669+02:00', 'id': 'signal_20250528_211205_006', 'session_id': 'session_20250528_204818'}
2025-05-28 21:12:05,759 - __main__ - DEBUG - Saving signal with ID: signal_20250528_211205_012
2025-05-28 21:12:05,761 - __main__ - DEBUG - Created backup: data\signals_history.json.backup
2025-05-28 21:12:05,779 - __main__ - INFO - 🚀 EXECUTING TRADE IMMEDIATELY
2025-05-28 21:12:05,797 - __main__ - INFO - 🎯 Using OTC pair: AUDUSD_otc for signal pair: AUD/USD
2025-05-28 21:12:05,810 - __main__ - DEBUG - Saving signal with ID: signal_20250528_211205_006
2025-05-28 21:12:05,812 - __main__ - DEBUG - Created backup: data\signals_history.json.backup
2025-05-28 21:12:05,819 - __main__ - ERROR - Error loading JSON from data\trades_history.json: Extra data: line 1257 column 2 (char 38538)
2025-05-28 21:12:05,820 - __main__ - INFO - Restoring from backup: data\trades_history.json.backup
2025-05-28 21:12:05,828 - __main__ - INFO - 🚀 EXECUTING TRADE IMMEDIATELY
2025-05-28 21:12:05,831 - __main__ - INFO - 🎯 Using OTC pair: AUDUSD_otc for signal pair: AUD/USD
2025-05-28 21:12:05,855 - __main__ - ERROR - Error loading JSON from data\trades_history.json: Extra data: line 1257 column 2 (char 38538)
2025-05-28 21:12:05,857 - __main__ - INFO - Restoring from backup: data\trades_history.json.backup
2025-05-28 21:12:05,861 - __main__ - DEBUG - Saving trade with ID: trade_20250528_211205_006
2025-05-28 21:12:05,861 - __main__ - DEBUG - Saving trade with ID: trade_20250528_211205_012
2025-05-28 21:12:05,885 - __main__ - DEBUG - Created backup: data\trades_history.json.backup
2025-05-28 21:12:05,888 - __main__ - DEBUG - Created backup: data\trades_history.json.backup
2025-05-28 21:12:05,963 - __main__ - DEBUG - Created backup: data\session_data.json.backup
2025-05-28 21:12:05,963 - __main__ - DEBUG - Created backup: data\session_data.json.backup
2025-05-28 21:12:05,979 - __main__ - INFO - 🚀 EXECUTING TRADE: AUDUSD_otc PUT $11.7 (expiry: 60s)
2025-05-28 21:12:05,980 - __main__ - INFO - 💰 REAL TRADING MODE: Executing actual trade on Pocket Option platform
2025-05-28 21:12:05,983 - __main__ - INFO - 🚀 EXECUTING TRADE: AUDUSD_otc PUT $15.27 (expiry: 60s)
2025-05-28 21:12:05,985 - __main__ - INFO - 💰 REAL TRADING MODE: Executing actual trade on Pocket Option platform
2025-05-28 21:12:06,088 - __main__ - INFO - ✅ REAL TRADE EXECUTED: AUDUSD_otc PUT $11.7 - Trade ID: d7f8ccbc-5bfa-47d6-a97b-ed86f84ee53e
2025-05-28 21:12:06,118 - __main__ - INFO - ✅ REAL TRADE EXECUTED: AUDUSD_otc PUT $15.27 - Trade ID: d7f8ccbc-5bfa-47d6-a97b-ed86f84ee53e
2025-05-28 21:12:06,120 - __main__ - ERROR - Error loading JSON from data\trades_history.json: Extra data: line 1253 column 2 (char 38351)
2025-05-28 21:12:06,120 - __main__ - ERROR - Error loading JSON from data\trades_history.json: Extra data: line 1253 column 2 (char 38351)
2025-05-28 21:12:06,121 - __main__ - INFO - Restoring from backup: data\trades_history.json.backup
2025-05-28 21:12:06,135 - __main__ - ERROR - Error loading JSON from data\trades_history.json.backup: Extra data: line 1257 column 2 (char 38538)
2025-05-28 21:12:06,136 - __main__ - ERROR - Error loading JSON from data\trades_history.json.backup: Extra data: line 1257 column 2 (char 38538)
2025-05-28 21:12:06,137 - __main__ - DEBUG - Saving trade with ID: trade_20250528_211205_006
2025-05-28 21:12:06,139 - __main__ - DEBUG - Created backup: data\trades_history.json.backup
2025-05-28 21:12:06,140 - __main__ - DEBUG - Created backup: data\trades_history.json.backup
2025-05-28 21:12:21,655 - __main__ - ERROR - Error checking trade result: '>' not supported between instances of 'tuple' and 'int'
2025-05-28 21:12:21,668 - __main__ - ERROR - Error loading JSON from data\trades_history.json: Extra data: line 15 column 2 (char 395)
2025-05-28 21:12:21,670 - __main__ - INFO - Restoring from backup: data\trades_history.json.backup
2025-05-28 21:12:21,670 - __main__ - INFO - Restoring from backup: data\trades_history.json.backup
2025-05-28 21:12:21,704 - __main__ - ERROR - Error loading JSON from data\trades_history.json.backup: Extra data: line 1253 column 2 (char 38351)
2025-05-28 21:12:21,705 - __main__ - ERROR - Error loading JSON from data\trades_history.json.backup: Extra data: line 1253 column 2 (char 38351)
2025-05-28 21:12:21,729 - __main__ - DEBUG - Saving trade with ID: trade_20250528_210816_010
2025-05-28 21:12:21,730 - __main__ - DEBUG - Saving trade with ID: trade_20250528_210816_004
2025-05-28 21:12:21,735 - __main__ - DEBUG - Created backup: data\trades_history.json.backup
2025-05-28 21:12:21,816 - __main__ - DEBUG - Created backup: data\trades_history.json.backup
2025-05-28 21:13:06,860 - telethon.client.updates - INFO - Got difference for account updates
2025-05-28 21:13:06,864 - telethon.client.updates - INFO - Got difference for account updates
2025-05-28 21:13:11,198 - __main__ - INFO - 🔍 Checking trade result for trade ID: d7f8ccbc-5bfa-47d6-a97b-ed86f84ee53e
2025-05-28 21:13:11,199 - __main__ - INFO - 🔍 Checking trade result for trade ID: d7f8ccbc-5bfa-47d6-a97b-ed86f84ee53e
2025-05-28 21:13:14,015 - __main__ - INFO - 📨 Received message: Signal result: +$0...
2025-05-28 21:13:14,015 - __main__ - INFO - 📨 Received message: Signal result: +$0...
2025-05-28 21:13:23,154 - __main__ - INFO - 📨 Received message: ?Bad luck...
2025-05-28 21:13:23,154 - __main__ - INFO - 📨 Received message: ?Bad luck...
2025-05-28 21:14:01,821 - __main__ - INFO - Shutting down Self Bot...
2025-05-28 21:14:01,821 - telethon.network.mtprotosender - INFO - Disconnecting from 149.154.167.91:443/TcpFull...
2025-05-28 21:14:01,821 - telethon.network.mtprotosender - INFO - Disconnection from 149.154.167.91:443/TcpFull complete!
2025-05-28 21:14:35,899 - __main__ - ERROR - Error checking trade result: '>' not supported between instances of 'tuple' and 'int'
2025-05-28 21:14:35,899 - __main__ - DEBUG - Saving trade with ID: trade_20250528_211030_011
2025-05-28 21:14:35,902 - __main__ - DEBUG - Created backup: data\trades_history.json.backup
2025-05-28 21:16:16,863 - __main__ - ERROR - Error checking trade result: '>' not supported between instances of 'tuple' and 'int'
2025-05-28 21:16:17,607 - __main__ - DEBUG - Saving trade with ID: trade_20250528_211205_012
2025-05-28 21:16:20,406 - __main__ - DEBUG - Created backup: data\trades_history.json.backup
2025-05-28 21:17:51,523 - __main__ - INFO - 📨 Received message: ? Congratulations to the Private Trading Club participants on a successful trading session! ?  
  
R...
2025-05-28 21:33:36,938 - telethon.client.updates - INFO - Got difference for channel 2271877401 updates
2025-05-28 21:39:11,704 - __main__ - INFO - 📨 Received message: **?**** There is no room for guesswork in trading. If you enter the market at random, hoping for luc...
2025-05-28 21:54:11,877 - __main__ - INFO - 📨 Received message: **?**** Friends! The working day is coming to an end, and it's time to take stock! Today, together w...
2025-05-29 13:33:18,946 - __main__ - INFO - Initializing Telegram client...
2025-05-29 13:33:19,087 - telethon.network.mtprotosender - INFO - Connecting to 149.154.167.51:443/TcpFull...
2025-05-29 13:33:20,661 - telethon.network.mtprotosender - INFO - Connection to 149.154.167.51:443/TcpFull complete!
2025-05-29 13:34:19,783 - telethon.client.users - INFO - Phone migrated to 4
2025-05-29 13:34:19,852 - telethon.client.telegrambaseclient - INFO - Reconnecting to new data center 4
2025-05-29 13:34:19,935 - telethon.network.mtprotosender - INFO - Disconnecting from 149.154.167.51:443/TcpFull...
2025-05-29 13:34:19,943 - telethon.network.mtprotosender - INFO - Disconnection from 149.154.167.51:443/TcpFull complete!
2025-05-29 13:34:19,943 - telethon.network.mtprotosender - INFO - Connecting to 149.154.167.92:443/TcpFull...
2025-05-29 13:34:21,201 - telethon.network.mtprotosender - INFO - Connection to 149.154.167.92:443/TcpFull complete!
2025-05-29 13:34:36,516 - __main__ - INFO - Started Telegram client in user account mode
2025-05-29 13:34:36,516 - __main__ - INFO - Already authenticated using existing session
2025-05-29 13:34:36,532 - __main__ - INFO - Logged in as: Pieter Stanton (@piet43)
2025-05-29 13:34:36,533 - __main__ - INFO - Initializing Pocket Option client (Demo mode: False)
2025-05-29 13:34:36,535 - __main__ - INFO - Successfully connected to Pocket Option API
2025-05-29 13:34:39,736 - __main__ - INFO - Account balance: None
2025-05-29 13:34:39,736 - __main__ - DEBUG - Created backup: data\session_data.json.backup
2025-05-29 13:34:40,523 - __main__ - INFO - Subscription to favorite pairs is currently disabled due to API limitations.
2025-05-29 13:34:40,524 - __main__ - INFO - JSON storage initialized successfully
2025-05-29 13:34:43,527 - __main__ - ERROR - Failed to retrieve balance after multiple attempts
2025-05-29 13:34:43,527 - __main__ - ERROR - Could not fetch balance, using default trade amount
2025-05-29 13:34:43,527 - __main__ - INFO - ✅ Self Bot v1.5 initialized successfully
2025-05-29 13:34:43,527 - __main__ - INFO - 💰 REAL TRADING MODE ENABLED
2025-05-29 13:34:43,527 - __main__ - INFO - Bot is now monitoring for signals...
2025-05-29 13:34:43,527 - __main__ - INFO - Accessing channel: BINARY TRADING CLUB
2025-05-29 13:34:43,577 - __main__ - INFO - Accessed channel by ID: BINARY TRADING CLUB
2025-05-29 13:34:43,602 - __main__ - INFO - Starting monitoring of channel: BINARY TRADING CLUB
2025-05-29 13:34:43,660 - __main__ - INFO - Event handler registered. Waiting for signals...
2025-05-29 13:35:44,076 - __main__ - INFO - Shutting down Self Bot...
2025-05-29 13:35:44,076 - telethon.network.mtprotosender - INFO - Disconnecting from 149.154.167.92:443/TcpFull...
2025-05-29 13:35:44,076 - telethon.network.mtprotosender - INFO - Disconnection from 149.154.167.92:443/TcpFull complete!
2025-05-29 13:43:41,784 - __main__ - INFO - Initializing Telegram client...
2025-05-29 13:43:41,947 - telethon.network.mtprotosender - INFO - Connecting to 149.154.167.92:443/TcpFull...
2025-05-29 13:43:41,951 - telethon.network.mtprotosender - INFO - Connection to 149.154.167.92:443/TcpFull complete!
2025-05-29 13:43:42,545 - __main__ - INFO - Started Telegram client in user account mode
2025-05-29 13:43:42,545 - __main__ - INFO - Already authenticated using existing session
2025-05-29 13:43:42,617 - __main__ - INFO - Logged in as: Pieter Stanton (@piet43)
2025-05-29 13:43:42,623 - __main__ - INFO - Initializing Pocket Option client (Demo mode: False)
2025-05-29 13:43:42,627 - __main__ - INFO - Successfully connected to Pocket Option API
2025-05-29 13:43:45,630 - __main__ - INFO - Account balance: None
2025-05-29 13:43:45,635 - __main__ - DEBUG - Created backup: data\session_data.json.backup
2025-05-29 13:43:45,981 - __main__ - INFO - Subscription to favorite pairs is currently disabled due to API limitations.
2025-05-29 13:43:45,984 - __main__ - INFO - JSON storage initialized successfully
2025-05-29 13:43:49,040 - __main__ - ERROR - Failed to retrieve balance after multiple attempts
2025-05-29 13:43:49,041 - __main__ - ERROR - Could not fetch balance, using default trade amount
2025-05-29 13:43:49,041 - __main__ - INFO - ✅ Self Bot v1.5 initialized successfully
2025-05-29 13:43:49,042 - __main__ - INFO - 💰 REAL TRADING MODE ENABLED
2025-05-29 13:43:49,042 - __main__ - INFO - Bot is now monitoring for signals...
2025-05-29 13:43:49,044 - __main__ - INFO - Accessing channel: BINARY TRADING CLUB
2025-05-29 13:43:49,073 - __main__ - INFO - Accessed channel by ID: BINARY TRADING CLUB
2025-05-29 13:43:49,105 - __main__ - INFO - Starting monitoring of channel: BINARY TRADING CLUB
2025-05-29 13:43:49,118 - __main__ - INFO - Event handler registered. Waiting for signals...
2025-05-29 13:48:20,976 - __main__ - INFO - Shutting down Self Bot...
2025-05-29 13:48:20,977 - telethon.network.mtprotosender - INFO - Disconnecting from 149.154.167.92:443/TcpFull...
2025-05-29 13:48:20,978 - telethon.network.mtprotosender - INFO - Disconnection from 149.154.167.92:443/TcpFull complete!
2025-05-29 13:49:38,319 - __main__ - INFO - Initializing Telegram client...
2025-05-29 13:49:38,400 - telethon.network.mtprotosender - INFO - Connecting to 149.154.167.92:443/TcpFull...
2025-05-29 13:49:38,409 - telethon.network.mtprotosender - INFO - Connection to 149.154.167.92:443/TcpFull complete!
2025-05-29 13:49:38,528 - __main__ - INFO - Started Telegram client in user account mode
2025-05-29 13:49:38,528 - __main__ - INFO - Already authenticated using existing session
2025-05-29 13:49:38,548 - __main__ - INFO - Logged in as: Pieter Stanton (@piet43)
2025-05-29 13:49:38,578 - __main__ - INFO - Initializing Pocket Option client (Demo mode: False)
2025-05-29 13:49:38,579 - __main__ - INFO - Successfully connected to Pocket Option API
2025-05-29 13:49:39,581 - __main__ - INFO - Account balance: 110.56
2025-05-29 13:49:39,591 - __main__ - DEBUG - Created backup: data\session_data.json.backup
2025-05-29 13:49:39,618 - __main__ - INFO - Subscription to favorite pairs is currently disabled due to API limitations.
2025-05-29 13:49:39,687 - __main__ - INFO - JSON storage initialized successfully
2025-05-29 13:49:39,822 - __main__ - INFO - 💰 Current Balance: $110.56
2025-05-29 13:49:52,991 - __main__ - INFO - 💵 Calculated Amount: $1.11
2025-05-29 13:50:00,222 - __main__ - INFO - ✅ Trading amount set to $1.11 for this session
2025-05-29 13:50:00,238 - __main__ - DEBUG - Created backup: data\session_data.json.backup
2025-05-29 13:50:00,327 - __main__ - INFO - ✅ Self Bot v1.5 initialized successfully
2025-05-29 13:50:00,328 - __main__ - INFO - 💰 REAL TRADING MODE ENABLED
2025-05-29 13:50:00,329 - __main__ - INFO - Bot is now monitoring for signals...
2025-05-29 13:50:00,330 - __main__ - INFO - Accessing channel: BINARY TRADING CLUB
2025-05-29 13:50:00,348 - __main__ - INFO - Accessed channel by ID: BINARY TRADING CLUB
2025-05-29 13:50:00,387 - __main__ - INFO - Starting monitoring of channel: BINARY TRADING CLUB
2025-05-29 13:50:00,387 - __main__ - INFO - Event handler registered. Waiting for signals...
2025-05-29 13:50:40,882 - __main__ - INFO - 📨 Received message: ?Get ready to earn! Starting soon!

In this session we will use these trading pairs:

**AUD/USD (OTC...
2025-05-29 14:00:02,506 - __main__ - INFO - 📨 Received message: **? The trading session has already started! Let's go!**...
2025-05-29 14:00:07,711 - __main__ - INFO - 📨 Received message: **?Trading Pair: AUD/USD (OTC)**...
2025-05-29 14:00:07,730 - __main__ - INFO - Parsed first message: Trading pair = AUD/USD
2025-05-29 14:00:20,354 - __main__ - INFO - 📨 Received message: ?SET THE TIMER TO 00:01:00?

First signal: Currency pair AUD/USD 
HIGHER ? 
Trade time: 1 MIN...
2025-05-29 14:00:20,354 - __main__ - INFO - ✅ PARSED SIGNAL: {'timer': '00:01:00', 'pair': 'AUD/USD', 'direction': 'HIGHER', 'expiry': 1}
2025-05-29 14:00:20,354 - __main__ - INFO - 🎯 COMPLETE SIGNAL DETECTED: {'pair': 'AUD/USD', 'timer': '00:01:00', 'direction': 'HIGHER', 'expiry': 1, 'timestamp': '2025-05-29T16:00:20.354124+02:00', 'id': 'signal_20250529_140020_001', 'session_id': 'session_20250529_134938'}
2025-05-29 14:00:20,354 - __main__ - DEBUG - Saving signal with ID: signal_20250529_140020_001
2025-05-29 14:00:20,354 - __main__ - DEBUG - Created backup: data\signals_history.json.backup
2025-05-29 14:00:20,451 - __main__ - INFO - 🚀 EXECUTING TRADE IMMEDIATELY
2025-05-29 14:00:20,693 - timestamp_recorder - INFO - Trade execution timestamp recorded: trade_20250529_140020_001 (Delay: 222.2ms)
2025-05-29 14:00:20,694 - __main__ - INFO - 🎯 Using OTC pair: AUDUSD_otc for signal pair: AUD/USD
2025-05-29 14:00:20,696 - __main__ - DEBUG - Saving trade with ID: trade_20250529_140020_001
2025-05-29 14:00:20,698 - __main__ - DEBUG - Created backup: data\trades_history.json.backup
2025-05-29 14:00:20,838 - __main__ - DEBUG - Created backup: data\session_data.json.backup
2025-05-29 14:00:20,855 - __main__ - INFO - 🚀 EXECUTING TRADE: AUDUSD_otc CALL $1.11 (expiry: 60s)
2025-05-29 14:00:20,856 - __main__ - INFO - 💰 REAL TRADING MODE: Executing actual trade on Pocket Option platform
2025-05-29 14:00:20,964 - __main__ - INFO - ✅ REAL TRADE EXECUTED: AUDUSD_otc CALL $1.11 - Trade ID: 649b8115-f581-43a1-a1dc-6127349e6b7e
2025-05-29 14:00:21,105 - __main__ - DEBUG - Saving trade with ID: trade_20250529_140020_001
2025-05-29 14:00:21,111 - __main__ - DEBUG - Created backup: data\trades_history.json.backup
2025-05-29 14:01:26,237 - __main__ - INFO - 🔍 Checking trade result for trade ID: 649b8115-f581-43a1-a1dc-6127349e6b7e
2025-05-29 14:01:26,237 - __main__ - ERROR - Error checking trade result: '>' not supported between instances of 'tuple' and 'int'
2025-05-29 14:01:26,239 - __main__ - DEBUG - Saving trade with ID: trade_20250529_140020_001
2025-05-29 14:01:26,241 - __main__ - DEBUG - Created backup: data\trades_history.json.backup
2025-05-29 14:01:28,702 - __main__ - INFO - 📨 Received message: Signal result: +$644...
2025-05-29 14:01:38,369 - __main__ - INFO - 📨 Received message: ?Wonderful trade...
2025-05-29 14:01:48,464 - __main__ - INFO - 📨 Received message: **?Trading Pair: CAD/JPY (OTC)**...
2025-05-29 14:01:48,464 - __main__ - INFO - Parsed first message: Trading pair = CAD/JPY
2025-05-29 14:02:02,710 - __main__ - INFO - 📨 Received message: ?SET THE TIMER TO 00:01:00?

Second signal: Currency pair CAD/JPY 
HIGHER ? 
Trade time: 1 MIN...
2025-05-29 14:02:02,710 - __main__ - INFO - ✅ PARSED SIGNAL: {'timer': '00:01:00', 'pair': 'CAD/JPY', 'direction': 'HIGHER', 'expiry': 1}
2025-05-29 14:02:02,710 - __main__ - INFO - 🎯 COMPLETE SIGNAL DETECTED: {'pair': 'CAD/JPY', 'timer': '00:01:00', 'direction': 'HIGHER', 'expiry': 1, 'timestamp': '2025-05-29T16:02:02.710499+02:00', 'id': 'signal_20250529_140202_002', 'session_id': 'session_20250529_134938'}
2025-05-29 14:02:02,714 - __main__ - DEBUG - Saving signal with ID: signal_20250529_140202_002
2025-05-29 14:02:02,730 - __main__ - DEBUG - Created backup: data\signals_history.json.backup
2025-05-29 14:02:03,132 - __main__ - INFO - 🚀 EXECUTING TRADE IMMEDIATELY
2025-05-29 14:02:03,274 - timestamp_recorder - INFO - Trade execution timestamp recorded: trade_20250529_140203_002 (Delay: 423.0ms)
2025-05-29 14:02:03,274 - __main__ - INFO - 🎯 Using OTC pair: CADJPY_otc for signal pair: CAD/JPY
2025-05-29 14:02:03,274 - __main__ - DEBUG - Saving trade with ID: trade_20250529_140203_002
2025-05-29 14:02:03,290 - __main__ - DEBUG - Created backup: data\trades_history.json.backup
2025-05-29 14:02:03,578 - __main__ - DEBUG - Created backup: data\session_data.json.backup
2025-05-29 14:02:03,739 - __main__ - INFO - 🚀 EXECUTING TRADE: CADJPY_otc CALL $1.11 (expiry: 60s)
2025-05-29 14:02:03,741 - __main__ - INFO - 💰 REAL TRADING MODE: Executing actual trade on Pocket Option platform
2025-05-29 14:02:03,898 - __main__ - INFO - ✅ REAL TRADE EXECUTED: CADJPY_otc CALL $1.11 - Trade ID: 010fb1c7-7373-4a6d-ad12-f17a2b558d09
2025-05-29 14:02:03,902 - __main__ - DEBUG - Saving trade with ID: trade_20250529_140203_002
2025-05-29 14:02:03,912 - __main__ - DEBUG - Created backup: data\trades_history.json.backup
2025-05-29 14:03:09,100 - __main__ - INFO - 🔍 Checking trade result for trade ID: 010fb1c7-7373-4a6d-ad12-f17a2b558d09
2025-05-29 14:03:09,100 - __main__ - ERROR - Error checking trade result: '>' not supported between instances of 'tuple' and 'int'
2025-05-29 14:03:09,100 - __main__ - DEBUG - Saving trade with ID: trade_20250529_140203_002
2025-05-29 14:03:09,107 - __main__ - DEBUG - Created backup: data\trades_history.json.backup
2025-05-29 14:03:09,695 - __main__ - INFO - 📨 Received message: Signal result: +$0...
2025-05-29 14:03:19,264 - __main__ - INFO - 📨 Received message: ?Bad luck...
2025-05-29 14:03:26,037 - __main__ - INFO - 📨 Received message: **?Trading Pair: CHF/JPY (OTC)**...
2025-05-29 14:03:26,037 - __main__ - INFO - Parsed first message: Trading pair = CHF/JPY
2025-05-29 14:03:40,669 - __main__ - INFO - 📨 Received message: ?SET THE TIMER TO 00:01:00?

Third signal: Currency pair CHF/JPY 
LOWER  ?
Trade time: 1 MIN...
2025-05-29 14:03:40,670 - __main__ - INFO - ✅ PARSED SIGNAL: {'timer': '00:01:00', 'pair': 'CHF/JPY', 'direction': 'LOWER', 'expiry': 1}
2025-05-29 14:03:40,671 - __main__ - INFO - 🎯 COMPLETE SIGNAL DETECTED: {'pair': 'CHF/JPY', 'timer': '00:01:00', 'direction': 'LOWER', 'expiry': 1, 'timestamp': '2025-05-29T16:03:40.671972+02:00', 'id': 'signal_20250529_140340_003', 'session_id': 'session_20250529_134938'}
2025-05-29 14:03:40,687 - __main__ - DEBUG - Saving signal with ID: signal_20250529_140340_003
2025-05-29 14:03:40,756 - __main__ - DEBUG - Created backup: data\signals_history.json.backup
2025-05-29 14:03:40,919 - __main__ - INFO - 🚀 EXECUTING TRADE IMMEDIATELY
2025-05-29 14:03:40,985 - timestamp_recorder - INFO - Trade execution timestamp recorded: trade_20250529_140340_003 (Delay: 284.9ms)
2025-05-29 14:03:40,986 - __main__ - INFO - 🎯 Using OTC pair: CHFJPY_otc for signal pair: CHF/JPY
2025-05-29 14:03:40,988 - __main__ - DEBUG - Saving trade with ID: trade_20250529_140340_003
2025-05-29 14:03:40,990 - __main__ - DEBUG - Created backup: data\trades_history.json.backup
2025-05-29 14:03:41,170 - __main__ - DEBUG - Created backup: data\session_data.json.backup
2025-05-29 14:03:41,237 - __main__ - INFO - 🚀 EXECUTING TRADE: CHFJPY_otc PUT $1.11 (expiry: 60s)
2025-05-29 14:03:41,267 - __main__ - INFO - 💰 REAL TRADING MODE: Executing actual trade on Pocket Option platform
2025-05-29 14:03:41,382 - __main__ - INFO - ✅ REAL TRADE EXECUTED: CHFJPY_otc PUT $1.11 - Trade ID: c85c755b-a150-47cd-ac8b-bc2eb462adf3
2025-05-29 14:03:41,389 - __main__ - DEBUG - Saving trade with ID: trade_20250529_140340_003
2025-05-29 14:03:41,515 - __main__ - DEBUG - Created backup: data\trades_history.json.backup
2025-05-29 14:04:38,604 - telethon.client.updates - INFO - Got difference for account updates
2025-05-29 14:04:46,090 - __main__ - INFO - 📨 Received message: Signal result: +$644...
2025-05-29 14:04:46,757 - __main__ - INFO - 🔍 Checking trade result for trade ID: c85c755b-a150-47cd-ac8b-bc2eb462adf3
2025-05-29 14:04:46,757 - __main__ - ERROR - Error checking trade result: '>' not supported between instances of 'tuple' and 'int'
2025-05-29 14:04:46,759 - __main__ - DEBUG - Saving trade with ID: trade_20250529_140340_003
2025-05-29 14:04:46,761 - __main__ - DEBUG - Created backup: data\trades_history.json.backup
2025-05-29 14:04:55,710 - __main__ - INFO - 📨 Received message: ?Excellent result!...
2025-05-29 14:05:09,460 - __main__ - INFO - 📨 Received message: **?Trading Pair: EUR/USD (OTC)**...
2025-05-29 14:05:09,460 - __main__ - INFO - Parsed first message: Trading pair = EUR/USD
2025-05-29 14:05:22,967 - __main__ - INFO - 📨 Received message: ?SET THE TIMER TO 00:01:00?

Fourth signal: Currency pair EUR/USD  
LOWER  ?
Trade time: 1 MIN...
2025-05-29 14:05:22,968 - __main__ - INFO - ✅ PARSED SIGNAL: {'timer': '00:01:00', 'pair': 'EUR/USD', 'direction': 'LOWER', 'expiry': 1}
2025-05-29 14:05:22,968 - __main__ - INFO - 🎯 COMPLETE SIGNAL DETECTED: {'pair': 'EUR/USD', 'timer': '00:01:00', 'direction': 'LOWER', 'expiry': 1, 'timestamp': '2025-05-29T16:05:22.968032+02:00', 'id': 'signal_20250529_140522_004', 'session_id': 'session_20250529_134938'}
2025-05-29 14:05:23,037 - __main__ - DEBUG - Saving signal with ID: signal_20250529_140522_004
2025-05-29 14:05:23,085 - __main__ - DEBUG - Created backup: data\signals_history.json.backup
2025-05-29 14:05:23,328 - __main__ - INFO - 🚀 EXECUTING TRADE IMMEDIATELY
2025-05-29 14:05:23,454 - timestamp_recorder - INFO - Trade execution timestamp recorded: trade_20250529_140523_004 (Delay: 362.2ms)
2025-05-29 14:05:23,455 - __main__ - INFO - 🎯 Using OTC pair: EURUSD_otc for signal pair: EUR/USD
2025-05-29 14:05:23,456 - __main__ - DEBUG - Saving trade with ID: trade_20250529_140523_004
2025-05-29 14:05:23,459 - __main__ - DEBUG - Created backup: data\trades_history.json.backup
2025-05-29 14:05:23,585 - __main__ - DEBUG - Created backup: data\session_data.json.backup
2025-05-29 14:05:23,810 - __main__ - INFO - 🚀 EXECUTING TRADE: EURUSD_otc PUT $1.11 (expiry: 60s)
2025-05-29 14:05:23,816 - __main__ - INFO - 💰 REAL TRADING MODE: Executing actual trade on Pocket Option platform
2025-05-29 14:05:23,922 - __main__ - INFO - ✅ REAL TRADE EXECUTED: EURUSD_otc PUT $1.11 - Trade ID: 47c87cd7-de2f-4896-8e1b-40fab04a0483
2025-05-29 14:05:23,924 - __main__ - DEBUG - Saving trade with ID: trade_20250529_140523_004
2025-05-29 14:05:23,926 - __main__ - DEBUG - Created backup: data\trades_history.json.backup
2025-05-29 14:06:29,109 - __main__ - INFO - 🔍 Checking trade result for trade ID: 47c87cd7-de2f-4896-8e1b-40fab04a0483
2025-05-29 14:06:29,109 - __main__ - ERROR - Error checking trade result: '>' not supported between instances of 'tuple' and 'int'
2025-05-29 14:06:29,109 - __main__ - DEBUG - Saving trade with ID: trade_20250529_140523_004
2025-05-29 14:06:29,114 - __main__ - DEBUG - Created backup: data\trades_history.json.backup
2025-05-29 14:06:43,055 - __main__ - INFO - 📨 Received message: Signal result: +$644...
2025-05-29 14:06:51,138 - __main__ - INFO - 📨 Received message: ?Stability, the key to success...
2025-05-29 14:06:59,137 - __main__ - INFO - 📨 Received message: **?Trading Pair: AUD/USD (OTC)**...
2025-05-29 14:06:59,137 - __main__ - INFO - Parsed first message: Trading pair = AUD/USD
2025-05-29 14:07:10,336 - __main__ - INFO - 📨 Received message: ?SET THE TIMER TO 00:01:00?

Fifth signal: Currency pair AUD/USD
HIGHER ?
Trade time: 1 MIN...
2025-05-29 14:07:10,336 - __main__ - INFO - ✅ PARSED SIGNAL: {'timer': '00:01:00', 'pair': 'AUD/USD', 'direction': 'HIGHER', 'expiry': 1}
2025-05-29 14:07:10,336 - __main__ - INFO - 🎯 COMPLETE SIGNAL DETECTED: {'pair': 'AUD/USD', 'timer': '00:01:00', 'direction': 'HIGHER', 'expiry': 1, 'timestamp': '2025-05-29T16:07:10.336130+02:00', 'id': 'signal_20250529_140710_005', 'session_id': 'session_20250529_134938'}
2025-05-29 14:07:10,355 - __main__ - DEBUG - Saving signal with ID: signal_20250529_140710_005
2025-05-29 14:07:10,358 - __main__ - DEBUG - Created backup: data\signals_history.json.backup
2025-05-29 14:07:10,481 - __main__ - INFO - 🚀 EXECUTING TRADE IMMEDIATELY
2025-05-29 14:07:10,828 - timestamp_recorder - INFO - Trade execution timestamp recorded: trade_20250529_140710_005 (Delay: 248.8ms)
2025-05-29 14:07:10,829 - __main__ - INFO - 🎯 Using OTC pair: AUDUSD_otc for signal pair: AUD/USD
2025-05-29 14:07:10,831 - __main__ - DEBUG - Saving trade with ID: trade_20250529_140710_005
2025-05-29 14:07:10,833 - __main__ - DEBUG - Created backup: data\trades_history.json.backup
2025-05-29 14:07:10,963 - __main__ - DEBUG - Created backup: data\session_data.json.backup
2025-05-29 14:07:11,080 - __main__ - INFO - 🚀 EXECUTING TRADE: AUDUSD_otc CALL $1.11 (expiry: 60s)
2025-05-29 14:07:11,080 - __main__ - INFO - 💰 REAL TRADING MODE: Executing actual trade on Pocket Option platform
2025-05-29 14:07:11,190 - __main__ - INFO - ✅ REAL TRADE EXECUTED: AUDUSD_otc CALL $1.11 - Trade ID: 3b03f41e-78d4-4462-9b5c-54edee63a350
2025-05-29 14:07:11,194 - __main__ - DEBUG - Saving trade with ID: trade_20250529_140710_005
2025-05-29 14:07:11,196 - __main__ - DEBUG - Created backup: data\trades_history.json.backup
2025-05-29 14:08:16,324 - __main__ - INFO - 🔍 Checking trade result for trade ID: 3b03f41e-78d4-4462-9b5c-54edee63a350
2025-05-29 14:08:16,324 - __main__ - ERROR - Error checking trade result: '>' not supported between instances of 'tuple' and 'int'
2025-05-29 14:08:16,324 - __main__ - DEBUG - Saving trade with ID: trade_20250529_140710_005
2025-05-29 14:08:16,324 - __main__ - DEBUG - Created backup: data\trades_history.json.backup
2025-05-29 14:08:18,648 - __main__ - INFO - 📨 Received message: Signal result: +$0...
2025-05-29 14:08:26,836 - __main__ - INFO - 📨 Received message: ?Bad luck...
2025-05-29 14:08:38,358 - __main__ - INFO - 📨 Received message: **?Trading Pair: CHF/JPY (OTC)**...
2025-05-29 14:08:38,358 - __main__ - INFO - Parsed first message: Trading pair = CHF/JPY
2025-05-29 14:08:50,742 - __main__ - INFO - 📨 Received message: ?SET THE TIMER TO 00:01:00?

Sixth signal: Currency pair CHF/JPY
LOWER  ?
Trade time: 1 MIN...
2025-05-29 14:08:50,742 - __main__ - INFO - ✅ PARSED SIGNAL: {'timer': '00:01:00', 'pair': 'CHF/JPY', 'direction': 'LOWER', 'expiry': 1}
2025-05-29 14:08:50,742 - __main__ - INFO - 🎯 COMPLETE SIGNAL DETECTED: {'pair': 'CHF/JPY', 'timer': '00:01:00', 'direction': 'LOWER', 'expiry': 1, 'timestamp': '2025-05-29T16:08:50.742739+02:00', 'id': 'signal_20250529_140850_006', 'session_id': 'session_20250529_134938'}
2025-05-29 14:08:50,769 - __main__ - DEBUG - Saving signal with ID: signal_20250529_140850_006
2025-05-29 14:08:50,771 - __main__ - DEBUG - Created backup: data\signals_history.json.backup
2025-05-29 14:08:50,865 - __main__ - INFO - 🚀 EXECUTING TRADE IMMEDIATELY
2025-05-29 14:08:51,056 - timestamp_recorder - INFO - Trade execution timestamp recorded: trade_20250529_140851_006 (Delay: 274.8ms)
2025-05-29 14:08:51,056 - __main__ - INFO - 🎯 Using OTC pair: CHFJPY_otc for signal pair: CHF/JPY
2025-05-29 14:08:51,056 - __main__ - DEBUG - Saving trade with ID: trade_20250529_140851_006
2025-05-29 14:08:51,064 - __main__ - DEBUG - Created backup: data\trades_history.json.backup
2025-05-29 14:08:51,084 - __main__ - DEBUG - Created backup: data\session_data.json.backup
2025-05-29 14:08:51,179 - __main__ - INFO - 🚀 EXECUTING TRADE: CHFJPY_otc PUT $1.11 (expiry: 60s)
2025-05-29 14:08:51,259 - __main__ - INFO - 💰 REAL TRADING MODE: Executing actual trade on Pocket Option platform
2025-05-29 14:08:51,364 - __main__ - INFO - ✅ REAL TRADE EXECUTED: CHFJPY_otc PUT $1.11 - Trade ID: 4d128b3e-961f-4285-85e8-4093c4f93f96
2025-05-29 14:08:51,518 - __main__ - DEBUG - Saving trade with ID: trade_20250529_140851_006
2025-05-29 14:08:51,526 - __main__ - DEBUG - Created backup: data\trades_history.json.backup
2025-05-29 14:09:56,548 - __main__ - INFO - 🔍 Checking trade result for trade ID: 4d128b3e-961f-4285-85e8-4093c4f93f96
2025-05-29 14:09:56,548 - __main__ - ERROR - Error checking trade result: '>' not supported between instances of 'tuple' and 'int'
2025-05-29 14:09:56,671 - __main__ - DEBUG - Saving trade with ID: trade_20250529_140851_006
2025-05-29 14:09:56,673 - __main__ - DEBUG - Created backup: data\trades_history.json.backup
2025-05-29 14:10:01,291 - __main__ - INFO - 📨 Received message: Signal result: +$644...
2025-05-29 14:10:12,242 - __main__ - INFO - 📨 Received message: ?Incredible win...
2025-05-29 14:13:56,344 - __main__ - INFO - 📨 Received message: ? Congratulations to the Private Trading Club participants on a successful trading session! ?  
  
R...
2025-05-29 14:17:41,373 - __main__ - INFO - Shutting down Self Bot...
2025-05-29 14:17:41,373 - telethon.network.mtprotosender - INFO - Disconnecting from 149.154.167.92:443/TcpFull...
2025-05-29 14:17:41,373 - telethon.network.mtprotosender - INFO - Disconnection from 149.154.167.92:443/TcpFull complete!
2025-05-29 20:49:58,513 - session_manager - INFO - SessionManager initialized successfully
2025-05-29 20:49:58,513 - session_manager - INFO - SignalDeduplicator initialized successfully
2025-05-29 20:49:58,513 - __main__ - INFO - Initializing Telegram client...
2025-05-29 20:49:58,693 - telethon.network.mtprotosender - INFO - Connecting to 149.154.167.51:443/TcpFull...
2025-05-29 20:49:59,938 - telethon.network.mtprotosender - INFO - Connection to 149.154.167.51:443/TcpFull complete!
2025-05-29 20:50:17,108 - telethon.client.users - INFO - Phone migrated to 4
2025-05-29 20:50:17,162 - telethon.client.telegrambaseclient - INFO - Reconnecting to new data center 4
2025-05-29 20:50:17,211 - telethon.network.mtprotosender - INFO - Disconnecting from 149.154.167.51:443/TcpFull...
2025-05-29 20:50:17,244 - telethon.network.mtprotosender - INFO - Disconnection from 149.154.167.51:443/TcpFull complete!
2025-05-29 20:50:17,244 - telethon.network.mtprotosender - INFO - Connecting to 149.154.167.91:443/TcpFull...
2025-05-29 20:50:19,048 - telethon.network.mtprotosender - INFO - Connection to 149.154.167.91:443/TcpFull complete!
2025-05-29 20:50:34,593 - __main__ - INFO - Started Telegram client in user account mode
2025-05-29 20:50:34,593 - __main__ - INFO - Already authenticated using existing session
2025-05-29 20:50:34,610 - __main__ - INFO - Logged in as: Pieter Stanton (@piet43)
2025-05-29 20:50:34,614 - __main__ - INFO - Initializing Pocket Option client (Demo mode: False)
2025-05-29 20:50:34,632 - __main__ - INFO - Successfully connected to Pocket Option API
2025-05-29 20:50:35,633 - __main__ - INFO - Account balance: 106.03
2025-05-29 20:50:35,690 - __main__ - DEBUG - Created backup: data\session_data.json.backup
2025-05-29 20:50:35,761 - __main__ - INFO - Subscription to favorite pairs is currently disabled due to API limitations.
2025-05-29 20:50:35,771 - __main__ - INFO - JSON storage initialized successfully
2025-05-29 20:50:35,774 - session_manager - INFO - New session started: session_20250529_225035
2025-05-29 20:50:35,789 - __main__ - INFO - ✅ Session management initialized: session_20250529_225035
2025-05-29 20:50:35,790 - __main__ - INFO - 💰 Current Balance: $106.03
2025-05-29 20:50:41,107 - __main__ - INFO - 💵 Calculated Amount: $1.06
2025-05-29 20:50:48,466 - __main__ - INFO - ✅ Trading amount set to $1.06 for this session
2025-05-29 20:50:48,466 - __main__ - DEBUG - Created backup: data\session_data.json.backup
2025-05-29 20:50:48,519 - __main__ - INFO - ✅ Self Bot v1.5 initialized successfully
2025-05-29 20:50:48,520 - __main__ - INFO - 💰 REAL TRADING MODE ENABLED
2025-05-29 20:50:48,520 - __main__ - INFO - Bot is now monitoring for signals...
2025-05-29 20:50:48,520 - __main__ - INFO - Accessing channel: BINARY TRADING CLUB
2025-05-29 20:50:48,571 - __main__ - INFO - Accessed channel by ID: BINARY TRADING CLUB
2025-05-29 20:50:48,572 - __main__ - INFO - Starting monitoring of channel: BINARY TRADING CLUB
2025-05-29 20:50:48,573 - __main__ - INFO - Event handler registered. Waiting for signals...
2025-05-29 21:00:05,761 - telethon.client.updates - INFO - Got difference for channel 2412213735 updates
2025-05-29 21:00:05,761 - __main__ - INFO - 📨 Received message: ?Get ready to earn! Starting soon!

In this session we will use these trading pairs:

**EUR/USD (OTC...
2025-05-29 21:00:25,670 - __main__ - INFO - 📨 Received message: **? The trading session has already started! Let's go!**...
2025-05-29 21:00:40,492 - __main__ - INFO - 📨 Received message: **?Trading Pair: EUR/USD (OTC)**...
2025-05-29 21:00:40,492 - __main__ - INFO - Parsed first message: Trading pair = EUR/USD
2025-05-29 21:00:52,607 - __main__ - INFO - 📨 Received message: ?SET THE TIMER TO 00:01:00?

First signal: Currency pair EUR/USD 
LOWER  ?
Trade time: 1 MIN...
2025-05-29 21:00:52,607 - __main__ - INFO - ✅ PARSED SIGNAL: {'timer': '00:01:00', 'pair': 'EUR/USD', 'direction': 'LOWER', 'expiry': 1}
2025-05-29 21:00:52,607 - __main__ - INFO - 🎯 COMPLETE SIGNAL DETECTED: {'pair': 'EUR/USD', 'timer': '00:01:00', 'direction': 'LOWER', 'expiry': 1, 'timestamp': '2025-05-29T23:00:52.607710+02:00', 'id': 'signal_20250529_210052_001', 'session_id': 'session_20250529_225035'}
2025-05-29 21:00:52,642 - __main__ - DEBUG - Saving signal with ID: signal_20250529_210052_001
2025-05-29 21:00:52,690 - __main__ - DEBUG - Created backup: data\signals_history.json.backup
2025-05-29 21:00:52,785 - __main__ - INFO - 🚀 EXECUTING TRADE IMMEDIATELY
2025-05-29 21:00:52,898 - timestamp_recorder - INFO - Trade execution timestamp recorded: trade_20250529_210052_001 (Delay: 179.7ms)
2025-05-29 21:00:52,903 - __main__ - INFO - 🎯 Using OTC pair: EURUSD_otc for signal pair: EUR/USD
2025-05-29 21:00:52,925 - __main__ - DEBUG - Saving trade with ID: trade_20250529_210052_001
2025-05-29 21:00:52,928 - __main__ - DEBUG - Created backup: data\trades_history.json.backup
2025-05-29 21:00:53,020 - __main__ - DEBUG - Created backup: data\session_data.json.backup
2025-05-29 21:00:53,163 - __main__ - INFO - 🚀 EXECUTING TRADE: EURUSD_otc PUT $1.06 (expiry: 60s)
2025-05-29 21:00:53,164 - __main__ - INFO - 💰 REAL TRADING MODE: Executing actual trade on Pocket Option platform
2025-05-29 21:00:53,269 - __main__ - INFO - ✅ REAL TRADE EXECUTED: EURUSD_otc PUT $1.06 - Trade ID: 85673639-e078-4944-8dbd-201c3c77f375
2025-05-29 21:00:53,342 - __main__ - DEBUG - Saving trade with ID: trade_20250529_210052_001
2025-05-29 21:00:53,346 - __main__ - DEBUG - Created backup: data\trades_history.json.backup
2025-05-29 21:01:00,120 - telethon.client.updates - INFO - Got difference for account updates
2025-05-29 21:01:58,368 - __main__ - INFO - 🔍 Checking trade result for trade ID: 85673639-e078-4944-8dbd-201c3c77f375
2025-05-29 21:01:58,368 - __main__ - ERROR - Error checking trade result: '>' not supported between instances of 'tuple' and 'int'
2025-05-29 21:01:58,386 - __main__ - DEBUG - Saving trade with ID: trade_20250529_210052_001
2025-05-29 21:01:58,453 - __main__ - DEBUG - Created backup: data\trades_history.json.backup
2025-05-29 21:02:00,103 - telethon.client.updates - INFO - Got difference for account updates
2025-05-29 21:02:05,731 - __main__ - INFO - 📨 Received message: Signal result: +$644...
2025-05-29 21:02:14,895 - __main__ - INFO - 📨 Received message: ?Wonderful trade...
2025-05-29 21:02:22,878 - __main__ - INFO - 📨 Received message: **?Trading Pair: EUR/NZD (OTC)**...
2025-05-29 21:02:22,878 - __main__ - INFO - Parsed first message: Trading pair = EUR/NZD
2025-05-29 21:02:36,253 - __main__ - INFO - 📨 Received message: ?SET THE TIMER TO 00:01:00?

Second signal: Currency pair EUR/NZD 
LOWER  ?
Trade time: 1 MIN...
2025-05-29 21:02:36,253 - __main__ - INFO - ✅ PARSED SIGNAL: {'timer': '00:01:00', 'pair': 'EUR/NZD', 'direction': 'LOWER', 'expiry': 1}
2025-05-29 21:02:36,253 - __main__ - INFO - 🎯 COMPLETE SIGNAL DETECTED: {'pair': 'EUR/NZD', 'timer': '00:01:00', 'direction': 'LOWER', 'expiry': 1, 'timestamp': '2025-05-29T23:02:36.253858+02:00', 'id': 'signal_20250529_210236_002', 'session_id': 'session_20250529_225035'}
2025-05-29 21:02:36,353 - __main__ - DEBUG - Saving signal with ID: signal_20250529_210236_002
2025-05-29 21:02:36,355 - __main__ - DEBUG - Created backup: data\signals_history.json.backup
2025-05-29 21:02:36,662 - __main__ - INFO - 🚀 EXECUTING TRADE IMMEDIATELY
2025-05-29 21:02:36,775 - timestamp_recorder - INFO - Trade execution timestamp recorded: trade_20250529_210236_002 (Delay: 361.6ms)
2025-05-29 21:02:36,779 - __main__ - INFO - 🎯 Using OTC pair: EURNZD_otc for signal pair: EUR/NZD
2025-05-29 21:02:36,860 - __main__ - DEBUG - Saving trade with ID: trade_20250529_210236_002
2025-05-29 21:02:36,862 - __main__ - DEBUG - Created backup: data\trades_history.json.backup
2025-05-29 21:02:36,954 - __main__ - DEBUG - Created backup: data\session_data.json.backup
2025-05-29 21:02:37,039 - __main__ - INFO - 🚀 EXECUTING TRADE: EURNZD_otc PUT $1.06 (expiry: 60s)
2025-05-29 21:02:37,040 - __main__ - INFO - 💰 REAL TRADING MODE: Executing actual trade on Pocket Option platform
2025-05-29 21:02:37,144 - __main__ - INFO - ✅ REAL TRADE EXECUTED: EURNZD_otc PUT $1.06 - Trade ID: 0b6dfd1f-d9bf-4092-92ab-2cab294737d9
2025-05-29 21:02:37,169 - __main__ - DEBUG - Saving trade with ID: trade_20250529_210236_002
2025-05-29 21:02:37,172 - __main__ - DEBUG - Created backup: data\trades_history.json.backup
2025-05-29 21:03:00,103 - telethon.client.updates - INFO - Got difference for account updates
2025-05-29 21:03:42,331 - __main__ - INFO - 🔍 Checking trade result for trade ID: 0b6dfd1f-d9bf-4092-92ab-2cab294737d9
2025-05-29 21:03:42,331 - __main__ - ERROR - Error checking trade result: '>' not supported between instances of 'tuple' and 'int'
2025-05-29 21:03:42,424 - __main__ - DEBUG - Saving trade with ID: trade_20250529_210236_002
2025-05-29 21:03:42,426 - __main__ - DEBUG - Created backup: data\trades_history.json.backup
2025-05-29 21:03:43,905 - __main__ - INFO - 📨 Received message: Signal result: +$644...
2025-05-29 21:03:52,192 - __main__ - INFO - 📨 Received message: ?Excellent result!...
2025-05-29 21:04:01,351 - __main__ - INFO - 📨 Received message: **?Trading Pair: EUR/GBP (OTC)**...
2025-05-29 21:04:01,351 - __main__ - INFO - Parsed first message: Trading pair = EUR/GBP
2025-05-29 21:04:15,068 - __main__ - INFO - 📨 Received message: ?SET THE TIMER TO 00:01:00?

Third signal: Currency pair EUR/GBP 
HIGHER ? 
Trade time: 1 MIN...
2025-05-29 21:04:15,068 - __main__ - INFO - ✅ PARSED SIGNAL: {'timer': '00:01:00', 'pair': 'EUR/GBP', 'direction': 'HIGHER', 'expiry': 1}
2025-05-29 21:04:15,068 - __main__ - INFO - 🎯 COMPLETE SIGNAL DETECTED: {'pair': 'EUR/GBP', 'timer': '00:01:00', 'direction': 'HIGHER', 'expiry': 1, 'timestamp': '2025-05-29T23:04:15.068038+02:00', 'id': 'signal_20250529_210415_003', 'session_id': 'session_20250529_225035'}
2025-05-29 21:04:15,107 - __main__ - DEBUG - Saving signal with ID: signal_20250529_210415_003
2025-05-29 21:04:15,140 - __main__ - DEBUG - Created backup: data\signals_history.json.backup
2025-05-29 21:04:15,210 - __main__ - INFO - 🚀 EXECUTING TRADE IMMEDIATELY
2025-05-29 21:04:15,300 - timestamp_recorder - INFO - Trade execution timestamp recorded: trade_20250529_210415_003 (Delay: 123.2ms)
2025-05-29 21:04:15,302 - __main__ - INFO - 🎯 Using OTC pair: EURGBP_otc for signal pair: EUR/GBP
2025-05-29 21:04:15,366 - __main__ - DEBUG - Saving trade with ID: trade_20250529_210415_003
2025-05-29 21:04:15,375 - __main__ - DEBUG - Created backup: data\trades_history.json.backup
2025-05-29 21:04:15,504 - __main__ - DEBUG - Created backup: data\session_data.json.backup
2025-05-29 21:04:15,518 - __main__ - INFO - 🚀 EXECUTING TRADE: EURGBP_otc CALL $1.06 (expiry: 60s)
2025-05-29 21:04:15,519 - __main__ - INFO - 💰 REAL TRADING MODE: Executing actual trade on Pocket Option platform
2025-05-29 21:04:15,623 - __main__ - INFO - ✅ REAL TRADE EXECUTED: EURGBP_otc CALL $1.06 - Trade ID: 16a40177-27e7-44a9-bd5d-aa73505b53d4
2025-05-29 21:04:15,699 - __main__ - DEBUG - Saving trade with ID: trade_20250529_210415_003
2025-05-29 21:04:15,702 - __main__ - DEBUG - Created backup: data\trades_history.json.backup
2025-05-29 21:04:30,090 - telethon.client.updates - INFO - Got difference for account updates
2025-05-29 21:05:20,869 - __main__ - INFO - 🔍 Checking trade result for trade ID: 16a40177-27e7-44a9-bd5d-aa73505b53d4
2025-05-29 21:05:23,338 - __main__ - INFO - 📨 Received message: Signal result: +$644...
2025-05-29 21:05:30,070 - telethon.client.updates - INFO - Got difference for account updates
2025-05-29 21:05:33,011 - __main__ - INFO - 📨 Received message: ?Stability, the key to success...
2025-05-29 21:05:40,299 - __main__ - INFO - 📨 Received message: **?Trading Pair: EUR/USD (OTC)**...
2025-05-29 21:05:40,299 - __main__ - INFO - Parsed first message: Trading pair = EUR/USD
2025-05-29 21:05:52,140 - __main__ - INFO - 📨 Received message: ?SET THE TIMER TO 00:01:00?

Fourth signal: Currency pair EUR/USD  
HIGHER ? 
Trade time: 1 MIN...
2025-05-29 21:05:52,153 - __main__ - INFO - ✅ PARSED SIGNAL: {'timer': '00:01:00', 'pair': 'EUR/USD', 'direction': 'HIGHER', 'expiry': 1}
2025-05-29 21:05:52,153 - __main__ - INFO - 🎯 COMPLETE SIGNAL DETECTED: {'pair': 'EUR/USD', 'timer': '00:01:00', 'direction': 'HIGHER', 'expiry': 1, 'timestamp': '2025-05-29T23:05:52.153563+02:00', 'id': 'signal_20250529_210552_004', 'session_id': 'session_20250529_225035'}
2025-05-29 21:05:52,213 - __main__ - DEBUG - Saving signal with ID: signal_20250529_210552_004
2025-05-29 21:05:52,238 - __main__ - DEBUG - Created backup: data\signals_history.json.backup
2025-05-29 21:05:52,366 - __main__ - INFO - 🚀 EXECUTING TRADE IMMEDIATELY
2025-05-29 21:05:52,453 - timestamp_recorder - INFO - Trade execution timestamp recorded: trade_20250529_210552_004 (Delay: 211.0ms)
2025-05-29 21:05:52,453 - __main__ - INFO - 🎯 Using OTC pair: EURUSD_otc for signal pair: EUR/USD
2025-05-29 21:05:52,520 - __main__ - DEBUG - Saving trade with ID: trade_20250529_210552_004
2025-05-29 21:05:52,524 - __main__ - DEBUG - Created backup: data\trades_history.json.backup
2025-05-29 21:05:52,652 - __main__ - DEBUG - Created backup: data\session_data.json.backup
2025-05-29 21:05:52,672 - __main__ - INFO - 🚀 EXECUTING TRADE: EURUSD_otc CALL $1.06 (expiry: 60s)
2025-05-29 21:05:52,673 - __main__ - INFO - 💰 REAL TRADING MODE: Executing actual trade on Pocket Option platform
2025-05-29 21:05:52,777 - __main__ - INFO - ✅ REAL TRADE EXECUTED: EURUSD_otc CALL $1.06 - Trade ID: f9bada79-82ea-4c2e-a5b1-a62ff31b0f27
2025-05-29 21:05:52,842 - __main__ - DEBUG - Saving trade with ID: trade_20250529_210552_004
2025-05-29 21:05:52,848 - __main__ - DEBUG - Created backup: data\trades_history.json.backup
2025-05-29 21:06:30,074 - telethon.client.updates - INFO - Got difference for account updates
2025-05-29 21:06:57,870 - __main__ - INFO - 🔍 Checking trade result for trade ID: f9bada79-82ea-4c2e-a5b1-a62ff31b0f27
2025-05-29 21:06:57,870 - __main__ - ERROR - Error checking trade result: '>' not supported between instances of 'tuple' and 'int'
2025-05-29 21:06:57,988 - __main__ - DEBUG - Saving trade with ID: trade_20250529_210552_004
2025-05-29 21:06:58,056 - __main__ - DEBUG - Created backup: data\trades_history.json.backup
2025-05-29 21:07:15,075 - __main__ - INFO - 📨 Received message: Signal result: +$644...
2025-05-29 21:07:30,088 - telethon.client.updates - INFO - Got difference for account updates
2025-05-29 21:07:35,227 - __main__ - INFO - 📨 Received message: ?Incredible win...
2025-05-29 21:07:44,703 - __main__ - INFO - 📨 Received message: **?Trading Pair: EUR/RUB (OTC)**...
2025-05-29 21:07:44,703 - __main__ - INFO - Parsed first message: Trading pair = EUR/RUB
2025-05-29 21:07:59,238 - __main__ - INFO - 📨 Received message: ?SET THE TIMER TO 00:01:00?

Fifth signal: Currency pair EUR/RUB
HIGHER ? 
Trade time: 1 MIN...
2025-05-29 21:07:59,238 - __main__ - INFO - ✅ PARSED SIGNAL: {'timer': '00:01:00', 'pair': 'EUR/RUB', 'direction': 'HIGHER', 'expiry': 1}
2025-05-29 21:07:59,238 - __main__ - INFO - 🎯 COMPLETE SIGNAL DETECTED: {'pair': 'EUR/RUB', 'timer': '00:01:00', 'direction': 'HIGHER', 'expiry': 1, 'timestamp': '2025-05-29T23:07:59.238517+02:00', 'id': 'signal_20250529_210759_005', 'session_id': 'session_20250529_225035'}
2025-05-29 21:07:59,288 - __main__ - DEBUG - Saving signal with ID: signal_20250529_210759_005
2025-05-29 21:07:59,324 - __main__ - DEBUG - Created backup: data\signals_history.json.backup
2025-05-29 21:07:59,427 - __main__ - INFO - 🚀 EXECUTING TRADE IMMEDIATELY
2025-05-29 21:07:59,542 - timestamp_recorder - INFO - Trade execution timestamp recorded: trade_20250529_210759_005 (Delay: 172.5ms)
2025-05-29 21:07:59,543 - __main__ - INFO - 🎯 Using OTC pair: EURRUB_otc for signal pair: EUR/RUB
2025-05-29 21:07:59,557 - __main__ - DEBUG - Saving trade with ID: trade_20250529_210759_005
2025-05-29 21:07:59,560 - __main__ - DEBUG - Created backup: data\trades_history.json.backup
2025-05-29 21:07:59,653 - __main__ - DEBUG - Created backup: data\session_data.json.backup
2025-05-29 21:07:59,794 - __main__ - INFO - 🚀 EXECUTING TRADE: EURRUB_otc CALL $1.06 (expiry: 60s)
2025-05-29 21:07:59,796 - __main__ - INFO - 💰 REAL TRADING MODE: Executing actual trade on Pocket Option platform
2025-05-29 21:07:59,899 - __main__ - INFO - ✅ REAL TRADE EXECUTED: EURRUB_otc CALL $1.06 - Trade ID: 270ca6cd-fb65-4fd4-b7d8-3d6223ab047e
2025-05-29 21:07:59,915 - __main__ - DEBUG - Saving trade with ID: trade_20250529_210759_005
2025-05-29 21:07:59,921 - __main__ - DEBUG - Created backup: data\trades_history.json.backup
2025-05-29 21:08:20,950 - __main__ - ERROR - Error checking trade result: '>' not supported between instances of 'tuple' and 'int'
2025-05-29 21:08:21,118 - __main__ - DEBUG - Saving trade with ID: trade_20250529_210415_003
2025-05-29 21:08:21,121 - __main__ - DEBUG - Created backup: data\trades_history.json.backup
2025-05-29 21:09:05,022 - __main__ - INFO - 🔍 Checking trade result for trade ID: 270ca6cd-fb65-4fd4-b7d8-3d6223ab047e
2025-05-29 21:09:06,843 - __main__ - INFO - 📨 Received message: Signal result: +$644...
2025-05-29 21:09:30,063 - telethon.client.updates - INFO - Got difference for account updates
2025-05-29 21:09:30,991 - __main__ - INFO - 📨 Received message: ?Wonderful trade...
2025-05-29 21:09:38,335 - __main__ - INFO - 📨 Received message: **?Trading Pair: EUR/NZD (OTC)**...
2025-05-29 21:09:38,335 - __main__ - INFO - Parsed first message: Trading pair = EUR/NZD
2025-05-29 21:09:51,214 - __main__ - INFO - 📨 Received message: ?SET THE TIMER TO 00:01:00?

Sixth signal: Currency pair EUR/NZD
LOWER  ?
Trade time: 1 MIN...
2025-05-29 21:09:51,214 - __main__ - INFO - ✅ PARSED SIGNAL: {'timer': '00:01:00', 'pair': 'EUR/NZD', 'direction': 'LOWER', 'expiry': 1}
2025-05-29 21:09:51,214 - __main__ - INFO - 🎯 COMPLETE SIGNAL DETECTED: {'pair': 'EUR/NZD', 'timer': '00:01:00', 'direction': 'LOWER', 'expiry': 1, 'timestamp': '2025-05-29T23:09:51.214107+02:00', 'id': 'signal_20250529_210951_006', 'session_id': 'session_20250529_225035'}
2025-05-29 21:09:51,255 - __main__ - DEBUG - Saving signal with ID: signal_20250529_210951_006
2025-05-29 21:09:51,287 - __main__ - DEBUG - Created backup: data\signals_history.json.backup
2025-05-29 21:09:51,308 - __main__ - INFO - 🚀 EXECUTING TRADE IMMEDIATELY
2025-05-29 21:09:51,453 - timestamp_recorder - INFO - Trade execution timestamp recorded: trade_20250529_210951_006 (Delay: 75.3ms)
2025-05-29 21:09:51,454 - __main__ - INFO - 🎯 Using OTC pair: EURNZD_otc for signal pair: EUR/NZD
2025-05-29 21:09:51,466 - __main__ - DEBUG - Saving trade with ID: trade_20250529_210951_006
2025-05-29 21:09:51,514 - __main__ - DEBUG - Created backup: data\trades_history.json.backup
2025-05-29 21:09:51,590 - __main__ - DEBUG - Created backup: data\session_data.json.backup
2025-05-29 21:09:51,605 - __main__ - INFO - 🚀 EXECUTING TRADE: EURNZD_otc PUT $1.06 (expiry: 60s)
2025-05-29 21:09:51,605 - __main__ - INFO - 💰 REAL TRADING MODE: Executing actual trade on Pocket Option platform
2025-05-29 21:09:51,712 - __main__ - INFO - ✅ REAL TRADE EXECUTED: EURNZD_otc PUT $1.06 - Trade ID: b61486ad-d238-42c9-9a4d-952665613291
2025-05-29 21:09:51,817 - __main__ - DEBUG - Saving trade with ID: trade_20250529_210951_006
2025-05-29 21:09:51,819 - __main__ - DEBUG - Created backup: data\trades_history.json.backup
2025-05-29 21:10:30,105 - telethon.client.updates - INFO - Got difference for account updates
2025-05-29 21:10:56,838 - __main__ - INFO - 🔍 Checking trade result for trade ID: b61486ad-d238-42c9-9a4d-952665613291
2025-05-29 21:10:56,838 - __main__ - ERROR - Error checking trade result: '>' not supported between instances of 'tuple' and 'int'
2025-05-29 21:10:56,842 - __main__ - DEBUG - Saving trade with ID: trade_20250529_210951_006
2025-05-29 21:10:56,922 - __main__ - DEBUG - Created backup: data\trades_history.json.backup
2025-05-29 21:10:58,772 - __main__ - INFO - 📨 Received message: Signal result: +$644...
2025-05-29 21:11:09,626 - __main__ - INFO - 📨 Received message: ?Excellent result!...
2025-05-29 21:11:30,122 - telethon.client.updates - INFO - Got difference for account updates
2025-05-29 21:12:05,036 - __main__ - ERROR - Error checking trade result: '>' not supported between instances of 'tuple' and 'int'
2025-05-29 21:12:05,090 - __main__ - DEBUG - Saving trade with ID: trade_20250529_210759_005
2025-05-29 21:12:05,134 - __main__ - DEBUG - Created backup: data\trades_history.json.backup
2025-05-29 21:14:18,176 - telethon.network.connection.connection - WARNING - Server closed the connection: [WinError 64] The specified network name is no longer available
2025-05-29 21:14:18,176 - telethon.network.mtprotosender - INFO - Connection closed while receiving data: [WinError 64] The specified network name is no longer available
2025-05-29 21:14:18,176 - telethon.network.mtprotosender - INFO - Closing current connection to begin reconnect...
2025-05-29 21:14:18,176 - telethon.network.mtprotosender - INFO - Connecting to 149.154.167.91:443/TcpFull...
2025-05-29 21:14:18,176 - telethon.network.connection.connection - INFO - <class 'ConnectionResetError'> during disconnect: [WinError 64] The specified network name is no longer available
2025-05-29 21:14:18,194 - telethon.network.mtprotosender - INFO - Connection to 149.154.167.91:443/TcpFull complete!
2025-05-29 21:16:04,387 - __main__ - INFO - Shutting down Self Bot...
2025-05-29 21:16:04,388 - telethon.network.mtprotosender - INFO - Disconnecting from 149.154.167.91:443/TcpFull...
2025-05-29 21:16:04,389 - telethon.network.mtprotosender - INFO - Disconnection from 149.154.167.91:443/TcpFull complete!
2025-05-30 04:04:04,958 - session_manager - INFO - Found recovery data for session: session_20250529_225035
2025-05-30 04:04:04,968 - session_manager - INFO - Attempting session recovery...
2025-05-30 04:04:04,970 - session_manager - INFO - Session recovered successfully: session_20250529_225035
2025-05-30 04:04:04,970 - session_manager - INFO - SessionManager initialized successfully
2025-05-30 04:04:04,990 - session_manager - INFO - SignalDeduplicator initialized successfully
2025-05-30 04:04:04,990 - __main__ - INFO - Initializing Telegram client...
2025-05-30 04:04:05,038 - telethon.network.mtprotosender - INFO - Connecting to 149.154.167.91:443/TcpFull...
2025-05-30 04:04:05,053 - telethon.network.mtprotosender - INFO - Connection to 149.154.167.91:443/TcpFull complete!
2025-05-30 04:04:05,158 - __main__ - INFO - Started Telegram client in user account mode
2025-05-30 04:04:05,158 - __main__ - INFO - Already authenticated using existing session
2025-05-30 04:04:05,182 - __main__ - INFO - Logged in as: Pieter Stanton (@piet43)
2025-05-30 04:04:05,182 - __main__ - INFO - Initializing Pocket Option client (Demo mode: False)
2025-05-30 04:04:05,182 - __main__ - INFO - Successfully connected to Pocket Option API
2025-05-30 04:04:06,189 - __main__ - INFO - Account balance: 109.5
2025-05-30 04:04:06,192 - __main__ - DEBUG - Created backup: data\session_data.json.backup
2025-05-30 04:04:06,208 - __main__ - INFO - Subscription to favorite pairs is currently disabled due to API limitations.
2025-05-30 04:04:06,209 - __main__ - INFO - JSON storage initialized successfully
2025-05-30 04:04:06,210 - __main__ - ERROR - Cannot start new session: Active session already exists: session_20250529_225035
2025-05-30 04:04:06,211 - __main__ - ERROR - Failed to initialize session management. Exiting...
2025-05-30 11:10:58,941 - session_manager - INFO - Found recovery data for session: session_20250529_225035
2025-05-30 11:10:58,941 - session_manager - INFO - Attempting session recovery...
2025-05-30 11:10:58,941 - session_manager - INFO - Session recovered successfully: session_20250529_225035
2025-05-30 11:10:58,941 - session_manager - INFO - SessionManager initialized successfully
2025-05-30 11:10:58,974 - session_manager - INFO - SignalDeduplicator initialized successfully
2025-05-30 11:10:58,975 - __main__ - INFO - Initializing Telegram client...
2025-05-30 11:10:59,099 - telethon.network.mtprotosender - INFO - Connecting to 149.154.167.51:443/TcpFull...
2025-05-30 11:11:01,542 - telethon.network.mtprotosender - INFO - Connection to 149.154.167.51:443/TcpFull complete!
2025-05-30 11:11:21,606 - telethon.client.users - INFO - Phone migrated to 4
2025-05-30 11:11:21,806 - telethon.client.telegrambaseclient - INFO - Reconnecting to new data center 4
2025-05-30 11:11:22,010 - telethon.network.mtprotosender - INFO - Disconnecting from 149.154.167.51:443/TcpFull...
2025-05-30 11:11:22,010 - telethon.network.mtprotosender - INFO - Disconnection from 149.154.167.51:443/TcpFull complete!
2025-05-30 11:11:22,010 - telethon.network.mtprotosender - INFO - Connecting to 149.154.167.92:443/TcpFull...
2025-05-30 11:11:24,001 - telethon.network.mtprotosender - INFO - Connection to 149.154.167.92:443/TcpFull complete!
2025-05-30 11:12:08,991 - __main__ - INFO - Started Telegram client in user account mode
2025-05-30 11:12:08,991 - __main__ - INFO - Already authenticated using existing session
2025-05-30 11:12:09,229 - __main__ - INFO - Logged in as: Pieter Stanton (@piet43)
2025-05-30 11:12:09,229 - __main__ - INFO - Initializing Pocket Option client (Demo mode: False)
2025-05-30 11:12:09,229 - __main__ - INFO - Successfully connected to Pocket Option API
2025-05-30 11:12:11,232 - __main__ - INFO - Account balance: 109.5
2025-05-30 11:12:11,262 - __main__ - DEBUG - Created backup: data\session_data.json.backup
2025-05-30 11:12:11,275 - __main__ - INFO - Subscription to favorite pairs is currently disabled due to API limitations.
2025-05-30 11:12:11,276 - __main__ - INFO - JSON storage initialized successfully
2025-05-30 11:12:11,276 - __main__ - ERROR - Cannot start new session: Active session already exists: session_20250529_225035
2025-05-30 11:12:11,276 - __main__ - ERROR - Failed to initialize session management. Exiting...
2025-05-30 11:14:02,086 - session_manager - INFO - Found recovery data for session: session_20250529_225035
2025-05-30 11:14:02,086 - session_manager - INFO - Attempting session recovery...
2025-05-30 11:14:02,086 - session_manager - INFO - Session recovered successfully: session_20250529_225035
2025-05-30 11:14:02,086 - session_manager - INFO - SessionManager initialized successfully
2025-05-30 11:14:02,086 - session_manager - INFO - SignalDeduplicator initialized successfully
2025-05-30 11:14:02,086 - __main__ - INFO - Initializing Telegram client...
2025-05-30 11:14:02,155 - telethon.network.mtprotosender - INFO - Connecting to 149.154.167.92:443/TcpFull...
2025-05-30 11:14:02,342 - telethon.network.mtprotosender - INFO - Connection to 149.154.167.92:443/TcpFull complete!
2025-05-30 11:14:03,611 - __main__ - INFO - Started Telegram client in user account mode
2025-05-30 11:14:03,611 - __main__ - INFO - Already authenticated using existing session
2025-05-30 11:14:03,854 - __main__ - INFO - Logged in as: Pieter Stanton (@piet43)
2025-05-30 11:14:03,854 - __main__ - INFO - Initializing Pocket Option client (Demo mode: False)
2025-05-30 11:14:03,854 - __main__ - INFO - Successfully connected to Pocket Option API
2025-05-30 11:14:05,859 - __main__ - INFO - Account balance: 109.5
2025-05-30 11:14:05,869 - __main__ - DEBUG - Created backup: data\session_data.json.backup
2025-05-30 11:14:05,884 - __main__ - INFO - Subscription to favorite pairs is currently disabled due to API limitations.
2025-05-30 11:14:05,884 - __main__ - INFO - JSON storage initialized successfully
2025-05-30 11:14:05,885 - __main__ - ERROR - Cannot start new session: Active session already exists: session_20250529_225035
2025-05-30 11:14:05,886 - __main__ - ERROR - Failed to initialize session management. Exiting...
2025-05-30 11:50:46,200 - session_manager - INFO - Found recovery data for session: session_20250529_225035
2025-05-30 11:50:46,200 - session_manager - INFO - Attempting session recovery...
2025-05-30 11:50:46,208 - session_manager - INFO - Session recovered successfully: session_20250529_225035
2025-05-30 11:50:46,208 - session_manager - INFO - SessionManager initialized successfully
2025-05-30 11:50:46,208 - session_manager - INFO - SignalDeduplicator initialized successfully
2025-05-30 11:50:46,212 - __main__ - INFO - Initializing Telegram client...
2025-05-30 11:50:46,384 - telethon.network.mtprotosender - INFO - Connecting to 149.154.167.92:443/TcpFull...
2025-05-30 11:50:46,592 - telethon.network.mtprotosender - INFO - Connection to 149.154.167.92:443/TcpFull complete!
2025-05-30 11:50:47,839 - __main__ - INFO - Started Telegram client in user account mode
2025-05-30 11:50:47,841 - __main__ - INFO - Already authenticated using existing session
2025-05-30 11:50:48,043 - __main__ - INFO - Logged in as: Pieter Stanton (@piet43)
2025-05-30 11:50:48,044 - __main__ - INFO - Initializing Pocket Option client (Demo mode: False)
2025-05-30 11:50:48,047 - __main__ - INFO - Successfully connected to Pocket Option API
2025-05-30 11:50:51,049 - __main__ - INFO - Account balance: None
2025-05-30 11:50:51,064 - __main__ - DEBUG - Created backup: data\session_data.json.backup
2025-05-30 11:50:51,112 - __main__ - INFO - Subscription to favorite pairs is currently disabled due to API limitations.
2025-05-30 11:50:51,113 - __main__ - INFO - JSON storage initialized successfully
2025-05-30 11:50:51,113 - __main__ - ERROR - Cannot start new session: Active session already exists: session_20250529_225035
2025-05-30 11:50:51,113 - __main__ - ERROR - Failed to initialize session management. Exiting...
2025-05-30 11:51:33,014 - session_manager - INFO - Found recovery data for session: session_20250529_225035
2025-05-30 11:51:33,014 - session_manager - INFO - Attempting session recovery...
2025-05-30 11:51:33,014 - session_manager - INFO - Session recovered successfully: session_20250529_225035
2025-05-30 11:51:33,030 - session_manager - INFO - SessionManager initialized successfully
2025-05-30 11:51:33,030 - session_manager - INFO - SignalDeduplicator initialized successfully
2025-05-30 11:51:33,030 - __main__ - INFO - Initializing Telegram client...
2025-05-30 11:51:33,090 - telethon.network.mtprotosender - INFO - Connecting to 149.154.167.92:443/TcpFull...
2025-05-30 11:51:33,294 - telethon.network.mtprotosender - INFO - Connection to 149.154.167.92:443/TcpFull complete!
2025-05-30 11:51:34,506 - __main__ - INFO - Started Telegram client in user account mode
2025-05-30 11:51:34,507 - __main__ - INFO - Already authenticated using existing session
2025-05-30 11:51:34,707 - __main__ - INFO - Logged in as: Pieter Stanton (@piet43)
2025-05-30 11:51:34,708 - __main__ - INFO - Initializing Pocket Option client (Demo mode: False)
2025-05-30 11:51:34,710 - __main__ - INFO - Successfully connected to Pocket Option API
2025-05-30 11:51:36,712 - __main__ - INFO - Account balance: 109.5
2025-05-30 11:51:36,720 - __main__ - DEBUG - Created backup: data\session_data.json.backup
2025-05-30 11:51:36,742 - __main__ - INFO - Subscription to favorite pairs is currently disabled due to API limitations.
2025-05-30 11:51:36,743 - __main__ - INFO - JSON storage initialized successfully
2025-05-30 11:51:36,744 - __main__ - ERROR - Cannot start new session: Active session already exists: session_20250529_225035
2025-05-30 11:51:36,745 - __main__ - ERROR - Failed to initialize session management. Exiting...
2025-05-30 11:52:13,184 - session_manager - INFO - Found recovery data for session: session_20250529_225035
2025-05-30 11:52:13,187 - session_manager - INFO - Attempting session recovery...
2025-05-30 11:52:13,191 - session_manager - INFO - Session recovered successfully: session_20250529_225035
2025-05-30 11:52:13,192 - session_manager - INFO - SessionManager initialized successfully
2025-05-30 11:52:13,196 - session_manager - INFO - SignalDeduplicator initialized successfully
2025-05-30 11:52:13,197 - __main__ - INFO - Initializing Telegram client...
2025-05-30 11:52:13,361 - telethon.network.mtprotosender - INFO - Connecting to 149.154.167.92:443/TcpFull...
2025-05-30 11:52:13,552 - telethon.network.mtprotosender - INFO - Connection to 149.154.167.92:443/TcpFull complete!
2025-05-30 11:52:14,775 - __main__ - INFO - Started Telegram client in user account mode
2025-05-30 11:52:14,776 - __main__ - INFO - Already authenticated using existing session
2025-05-30 11:52:14,976 - __main__ - INFO - Logged in as: Pieter Stanton (@piet43)
2025-05-30 11:52:14,978 - __main__ - INFO - Initializing Pocket Option client (Demo mode: False)
2025-05-30 11:52:14,984 - __main__ - INFO - Successfully connected to Pocket Option API
2025-05-30 11:52:16,987 - __main__ - INFO - Account balance: 109.5
2025-05-30 11:52:16,998 - __main__ - DEBUG - Created backup: data\session_data.json.backup
2025-05-30 11:52:17,017 - __main__ - INFO - Subscription to favorite pairs is currently disabled due to API limitations.
2025-05-30 11:52:17,020 - __main__ - INFO - JSON storage initialized successfully
2025-05-30 11:52:17,022 - __main__ - ERROR - Cannot start new session: Active session already exists: session_20250529_225035
2025-05-30 11:52:17,023 - __main__ - ERROR - Failed to initialize session management. Exiting...
2025-05-30 11:52:54,148 - session_manager - INFO - SessionManager initialized successfully
2025-05-30 11:52:54,150 - session_manager - INFO - SignalDeduplicator initialized successfully
2025-05-30 11:52:54,152 - __main__ - INFO - Initializing Telegram client...
2025-05-30 11:52:54,268 - telethon.network.mtprotosender - INFO - Connecting to 149.154.167.92:443/TcpFull...
2025-05-30 11:52:54,465 - telethon.network.mtprotosender - INFO - Connection to 149.154.167.92:443/TcpFull complete!
2025-05-30 11:52:55,748 - __main__ - INFO - Started Telegram client in user account mode
2025-05-30 11:52:55,750 - __main__ - INFO - Already authenticated using existing session
2025-05-30 11:52:55,981 - __main__ - INFO - Logged in as: Pieter Stanton (@piet43)
2025-05-30 11:52:55,983 - __main__ - INFO - Initializing Pocket Option client (Demo mode: False)
2025-05-30 11:52:55,989 - __main__ - INFO - Successfully connected to Pocket Option API
2025-05-30 11:52:58,993 - __main__ - INFO - Account balance: None
2025-05-30 11:52:59,001 - __main__ - DEBUG - Created backup: data\session_data.json.backup
2025-05-30 11:52:59,033 - __main__ - INFO - Subscription to favorite pairs is currently disabled due to API limitations.
2025-05-30 11:52:59,039 - __main__ - INFO - JSON storage initialized successfully
2025-05-30 11:52:59,089 - session_manager - INFO - New session started: session_20250530_115259
2025-05-30 11:52:59,091 - __main__ - INFO - ✅ Session management initialized: session_20250530_115259
2025-05-30 11:53:02,097 - __main__ - ERROR - Failed to retrieve balance after multiple attempts
2025-05-30 11:53:02,097 - __main__ - ERROR - Could not fetch balance, using default trade amount
2025-05-30 11:53:02,098 - __main__ - INFO - ✅ Self Bot v1.5 initialized successfully
2025-05-30 11:53:02,099 - __main__ - INFO - 💰 REAL TRADING MODE ENABLED
2025-05-30 11:53:02,100 - __main__ - INFO - Bot is now monitoring for signals...
2025-05-30 11:53:02,100 - __main__ - INFO - Accessing channel: BINARY TRADING CLUB
2025-05-30 11:53:02,347 - __main__ - INFO - Accessed channel by ID: BINARY TRADING CLUB
2025-05-30 11:53:02,347 - __main__ - INFO - Starting monitoring of channel: BINARY TRADING CLUB
2025-05-30 11:53:02,348 - __main__ - INFO - Event handler registered. Waiting for signals...
2025-05-30 11:54:17,979 - __main__ - INFO - Shutting down Self Bot...
2025-05-30 11:54:17,983 - telethon.network.mtprotosender - INFO - Disconnecting from 149.154.167.92:443/TcpFull...
2025-05-30 11:54:17,983 - telethon.network.mtprotosender - INFO - Disconnection from 149.154.167.92:443/TcpFull complete!
2025-05-30 12:57:11,564 - session_manager - INFO - Found recovery data for session: session_20250530_115259
2025-05-30 12:57:11,566 - session_manager - INFO - Attempting session recovery...
2025-05-30 12:57:11,570 - session_manager - INFO - Session recovered successfully: session_20250530_115259
2025-05-30 12:57:11,572 - session_manager - INFO - SessionManager initialized successfully
2025-05-30 12:57:11,606 - session_manager - INFO - SignalDeduplicator initialized successfully
2025-05-30 12:57:11,608 - __main__ - INFO - Initializing Telegram client...
2025-05-30 12:57:11,759 - telethon.network.mtprotosender - INFO - Connecting to 149.154.167.92:443/TcpFull...
2025-05-30 12:57:12,951 - telethon.network.mtprotosender - INFO - Connection to 149.154.167.92:443/TcpFull complete!
2025-05-30 12:57:14,222 - __main__ - INFO - Started Telegram client in user account mode
2025-05-30 12:57:14,223 - __main__ - INFO - Already authenticated using existing session
2025-05-30 12:57:14,425 - __main__ - INFO - Logged in as: Pieter Stanton (@piet43)
2025-05-30 12:57:14,426 - __main__ - INFO - Initializing Pocket Option client (Demo mode: False)
2025-05-30 12:57:14,427 - __main__ - INFO - Successfully connected to Pocket Option API
2025-05-30 12:57:17,429 - __main__ - INFO - Account balance: None
2025-05-30 12:57:17,487 - __main__ - DEBUG - Created backup: data\session_data.json.backup
2025-05-30 12:57:17,512 - __main__ - INFO - Subscription to favorite pairs is currently disabled due to API limitations.
2025-05-30 12:57:17,514 - __main__ - INFO - JSON storage initialized successfully
2025-05-30 12:57:17,515 - __main__ - ERROR - Cannot start new session: Active session already exists: session_20250530_115259
2025-05-30 12:57:17,516 - __main__ - ERROR - Failed to initialize session management. Exiting...
2025-05-30 13:00:24,302 - session_manager - INFO - Found recovery data for session: session_20250530_115259
2025-05-30 13:00:24,303 - session_manager - INFO - Attempting session recovery...
2025-05-30 13:00:24,305 - session_manager - INFO - Session recovered successfully: session_20250530_115259
2025-05-30 13:00:24,305 - session_manager - INFO - SessionManager initialized successfully
2025-05-30 13:00:24,308 - session_manager - INFO - SignalDeduplicator initialized successfully
2025-05-30 13:00:24,309 - __main__ - INFO - Initializing Telegram client...
2025-05-30 13:00:24,405 - telethon.network.mtprotosender - INFO - Connecting to 149.154.167.92:443/TcpFull...
2025-05-30 13:00:24,596 - telethon.network.mtprotosender - INFO - Connection to 149.154.167.92:443/TcpFull complete!
2025-05-30 13:00:26,079 - __main__ - INFO - Started Telegram client in user account mode
2025-05-30 13:00:26,080 - __main__ - INFO - Already authenticated using existing session
2025-05-30 13:00:26,335 - __main__ - INFO - Logged in as: Pieter Stanton (@piet43)
2025-05-30 13:00:26,336 - __main__ - INFO - Initializing Pocket Option client (Demo mode: False)
2025-05-30 13:00:26,339 - __main__ - INFO - Successfully connected to Pocket Option API
2025-05-30 13:00:29,342 - __main__ - INFO - Account balance: None
2025-05-30 13:00:29,359 - __main__ - DEBUG - Created backup: data\session_data.json.backup
2025-05-30 13:00:29,381 - __main__ - INFO - Subscription to favorite pairs is currently disabled due to API limitations.
2025-05-30 13:00:29,384 - __main__ - INFO - JSON storage initialized successfully
2025-05-30 13:00:29,386 - __main__ - ERROR - Cannot start new session: Active session already exists: session_20250530_115259
2025-05-30 13:00:29,386 - __main__ - ERROR - Failed to initialize session management. Exiting...
2025-05-30 13:01:09,787 - session_manager - INFO - SessionManager initialized successfully
2025-05-30 13:01:09,789 - session_manager - INFO - SignalDeduplicator initialized successfully
2025-05-30 13:01:09,791 - __main__ - INFO - Initializing Telegram client...
2025-05-30 13:01:09,906 - telethon.network.mtprotosender - INFO - Connecting to 149.154.167.92:443/TcpFull...
2025-05-30 13:01:10,096 - telethon.network.mtprotosender - INFO - Connection to 149.154.167.92:443/TcpFull complete!
2025-05-30 13:01:11,394 - __main__ - INFO - Started Telegram client in user account mode
2025-05-30 13:01:11,395 - __main__ - INFO - Already authenticated using existing session
2025-05-30 13:01:11,592 - __main__ - INFO - Logged in as: Pieter Stanton (@piet43)
2025-05-30 13:01:11,594 - __main__ - INFO - Initializing Pocket Option client (Demo mode: False)
2025-05-30 13:01:11,599 - __main__ - INFO - Successfully connected to Pocket Option API
2025-05-30 13:01:13,601 - __main__ - INFO - Account balance: 109.5
2025-05-30 13:01:13,609 - __main__ - DEBUG - Created backup: data\session_data.json.backup
2025-05-30 13:01:13,664 - __main__ - INFO - Subscription to favorite pairs is currently disabled due to API limitations.
2025-05-30 13:01:13,665 - __main__ - INFO - JSON storage initialized successfully
2025-05-30 13:01:13,684 - __main__ - ERROR - Cannot start new session: Daily session limit reached: 1/1
2025-05-30 13:01:13,685 - __main__ - ERROR - Failed to initialize session management. Exiting...
2025-05-30 20:49:20,736 - session_manager - INFO - SessionManager initialized successfully
2025-05-30 20:49:20,736 - session_manager - INFO - SignalDeduplicator initialized successfully
2025-05-30 20:49:20,736 - __main__ - INFO - Initializing Telegram client...
2025-05-30 20:49:20,767 - telethon.network.mtprotosender - INFO - Connecting to 149.154.167.91:443/TcpFull...
2025-05-30 20:49:20,767 - telethon.network.mtprotosender - INFO - Connection to 149.154.167.91:443/TcpFull complete!
2025-05-30 20:49:20,892 - __main__ - INFO - Started Telegram client in user account mode
2025-05-30 20:49:20,892 - __main__ - INFO - Already authenticated using existing session
2025-05-30 20:49:20,907 - __main__ - INFO - Logged in as: Pieter Stanton (@piet43)
2025-05-30 20:49:20,907 - __main__ - INFO - Initializing Pocket Option client (Demo mode: False)
2025-05-30 20:49:20,907 - __main__ - INFO - Successfully connected to Pocket Option API
2025-05-30 20:49:21,917 - __main__ - INFO - Account balance: 109.85
2025-05-30 20:49:21,918 - __main__ - DEBUG - Created backup: data\session_data.json.backup
2025-05-30 20:49:21,929 - __main__ - INFO - Subscription to favorite pairs is currently disabled due to API limitations.
2025-05-30 20:49:21,929 - __main__ - INFO - JSON storage initialized successfully
2025-05-30 20:49:21,929 - session_manager - INFO - New session started: session_20250530_224921
2025-05-30 20:49:21,929 - __main__ - INFO - ✅ Session management initialized: session_20250530_224921
2025-05-30 20:49:21,929 - __main__ - INFO - 💰 Current Balance: $109.85
2025-05-30 20:49:29,220 - __main__ - INFO - 💵 Calculated Amount: $1.10
2025-05-30 20:49:37,520 - __main__ - INFO - ✅ Trading amount set to $1.10 for this session
2025-05-30 20:49:37,536 - __main__ - DEBUG - Created backup: data\session_data.json.backup
2025-05-30 20:49:37,548 - __main__ - INFO - ✅ Self Bot v1.5 initialized successfully
2025-05-30 20:49:37,552 - __main__ - INFO - 💰 REAL TRADING MODE ENABLED
2025-05-30 20:49:37,552 - __main__ - INFO - Bot is now monitoring for signals...
2025-05-30 20:49:37,552 - __main__ - INFO - Accessing channel: BINARY TRADING CLUB
2025-05-30 20:49:37,568 - __main__ - INFO - Accessed channel by ID: BINARY TRADING CLUB
2025-05-30 20:49:37,568 - __main__ - INFO - Starting monitoring of channel: BINARY TRADING CLUB
2025-05-30 20:49:37,568 - __main__ - INFO - Event handler registered. Waiting for signals...
2025-05-30 20:49:58,445 - __main__ - INFO - 📨 Received message: ?Get ready to earn! Starting soon!

In this session we will use these trading pairs:

**AUD/USD (OTC...
2025-05-30 21:00:01,085 - __main__ - INFO - 📨 Received message: **? The trading session has already started! Let's go!**...
2025-05-30 21:00:02,335 - __main__ - INFO - 📨 Received message: **?Trading Pair: AUD/USD (OTC)**...
2025-05-30 21:00:02,335 - __main__ - INFO - Parsed first message: Trading pair = AUD/USD
2025-05-30 21:00:09,857 - __main__ - INFO - 📨 Received message: ?SET THE TIMER TO 00:01:00?

First signal: Currency pair AUD/USD 
LOWER  ?
Trade time: 1 MIN...
2025-05-30 21:00:09,862 - __main__ - INFO - ✅ PARSED SIGNAL: {'timer': '00:01:00', 'pair': 'AUD/USD', 'direction': 'LOWER', 'expiry': 1}
2025-05-30 21:00:09,862 - __main__ - INFO - 🎯 COMPLETE SIGNAL DETECTED: {'pair': 'AUD/USD', 'timer': '00:01:00', 'direction': 'LOWER', 'expiry': 1, 'timestamp': '2025-05-30T23:00:09.862085+02:00', 'id': 'signal_20250530_210009_001', 'session_id': 'session_20250530_224921'}
2025-05-30 21:00:09,873 - __main__ - DEBUG - Saving signal with ID: signal_20250530_210009_001
2025-05-30 21:00:09,873 - __main__ - DEBUG - Created backup: data\signals_history.json.backup
2025-05-30 21:00:09,905 - __main__ - INFO - 🚀 EXECUTING TRADE IMMEDIATELY
2025-05-30 21:00:09,905 - timestamp_recorder - INFO - Trade execution timestamp recorded: trade_20250530_210009_001 (Delay: 43.8ms)
2025-05-30 21:00:09,905 - __main__ - INFO - 🎯 Using OTC pair: AUDUSD_otc for signal pair: AUD/USD
2025-05-30 21:00:09,929 - __main__ - DEBUG - Saving trade with ID: trade_20250530_210009_001
2025-05-30 21:00:09,929 - __main__ - DEBUG - Created backup: data\trades_history.json.backup
2025-05-30 21:00:09,937 - __main__ - DEBUG - Created backup: data\session_data.json.backup
2025-05-30 21:00:09,960 - __main__ - INFO - 🚀 EXECUTING TRADE: AUDUSD_otc PUT $1.1 (expiry: 60s)
2025-05-30 21:00:09,960 - __main__ - INFO - 💰 REAL TRADING MODE: Executing actual trade on Pocket Option platform
2025-05-30 21:00:10,068 - __main__ - INFO - ✅ REAL TRADE EXECUTED: AUDUSD_otc PUT $1.1 - Trade ID: abb7b682-58ad-427f-8efd-a8ae71f91e4d
2025-05-30 21:00:10,068 - __main__ - DEBUG - Saving trade with ID: trade_20250530_210009_001
2025-05-30 21:00:10,081 - __main__ - DEBUG - Created backup: data\trades_history.json.backup
2025-05-30 21:01:15,101 - __main__ - INFO - 🔍 Checking trade result for trade ID: abb7b682-58ad-427f-8efd-a8ae71f91e4d
2025-05-30 21:01:18,901 - __main__ - INFO - 📨 Received message: Signal result: +$644...
2025-05-30 21:01:44,245 - __main__ - ERROR - Error checking trade result: '>' not supported between instances of 'tuple' and 'int'
2025-05-30 21:01:44,276 - __main__ - DEBUG - Saving trade with ID: trade_20250530_210009_001
2025-05-30 21:01:44,276 - __main__ - INFO - 📨 Received message: ?Wonderful trade...
2025-05-30 21:01:44,292 - __main__ - INFO - 📨 Received message: **?Trading Pair: AUD/NZD (OTC)**...
2025-05-30 21:01:44,292 - __main__ - INFO - Parsed first message: Trading pair = AUD/NZD
2025-05-30 21:01:44,292 - __main__ - INFO - 📨 Received message: ?SET THE TIMER TO 00:01:00?

Second signal: Currency pair AUD/CAD 
LOWER  ?
Trade time: 1 MIN...
2025-05-30 21:01:44,292 - __main__ - DEBUG - Created backup: data\trades_history.json.backup
2025-05-30 21:01:44,292 - __main__ - INFO - ✅ PARSED SIGNAL: {'timer': '00:01:00', 'pair': 'AUD/CAD', 'direction': 'LOWER', 'expiry': 1}
2025-05-30 21:01:44,292 - __main__ - INFO - 🎯 COMPLETE SIGNAL DETECTED: {'pair': 'AUD/CAD', 'timer': '00:01:00', 'direction': 'LOWER', 'expiry': 1, 'timestamp': '2025-05-30T23:01:44.292742+02:00', 'id': 'signal_20250530_210144_002', 'session_id': 'session_20250530_224921'}
2025-05-30 21:01:44,324 - __main__ - DEBUG - Saving signal with ID: signal_20250530_210144_002
2025-05-30 21:01:44,337 - __main__ - DEBUG - Created backup: data\signals_history.json.backup
2025-05-30 21:01:44,356 - __main__ - INFO - 🚀 EXECUTING TRADE IMMEDIATELY
2025-05-30 21:01:44,356 - timestamp_recorder - INFO - Trade execution timestamp recorded: trade_20250530_210144_002 (Delay: 47.7ms)
2025-05-30 21:01:44,356 - __main__ - INFO - 🎯 Using OTC pair: AUDCAD_otc for signal pair: AUD/CAD
2025-05-30 21:01:44,372 - __main__ - DEBUG - Saving trade with ID: trade_20250530_210144_002
2025-05-30 21:01:44,372 - __main__ - DEBUG - Created backup: data\trades_history.json.backup
2025-05-30 21:01:44,388 - __main__ - DEBUG - Created backup: data\session_data.json.backup
2025-05-30 21:01:44,404 - __main__ - INFO - 🚀 EXECUTING TRADE: AUDCAD_otc PUT $1.1 (expiry: 60s)
2025-05-30 21:01:44,404 - __main__ - INFO - 💰 REAL TRADING MODE: Executing actual trade on Pocket Option platform
2025-05-30 21:01:44,513 - __main__ - INFO - ✅ REAL TRADE EXECUTED: AUDCAD_otc PUT $1.1 - Trade ID: 97a8ded0-deb9-4245-a49b-f680eed6e127
2025-05-30 21:01:44,524 - __main__ - DEBUG - Saving trade with ID: trade_20250530_210144_002
2025-05-30 21:01:44,524 - __main__ - DEBUG - Created backup: data\trades_history.json.backup
2025-05-30 21:02:49,546 - __main__ - INFO - 🔍 Checking trade result for trade ID: 97a8ded0-deb9-4245-a49b-f680eed6e127
2025-05-30 21:02:57,178 - __main__ - INFO - 📨 Received message: Signal result: +$644...
2025-05-30 21:03:16,986 - __main__ - ERROR - Error checking trade result: '>' not supported between instances of 'tuple' and 'int'
2025-05-30 21:03:17,001 - __main__ - INFO - 📨 Received message: ?Excellent result!...
2025-05-30 21:03:17,001 - __main__ - INFO - 📨 Received message: **?Trading Pair: AUD/CAD (OTC)**...
2025-05-30 21:03:17,001 - __main__ - INFO - Parsed first message: Trading pair = AUD/CAD
2025-05-30 21:03:17,001 - __main__ - DEBUG - Saving trade with ID: trade_20250530_210144_002
2025-05-30 21:03:17,017 - __main__ - DEBUG - Created backup: data\trades_history.json.backup
2025-05-30 21:03:19,946 - __main__ - INFO - 📨 Received message: ?SET THE TIMER TO 00:01:00?

Third signal: Currency pair AUD/CAD 
LOWER  ?
Trade time: 1 MIN...
2025-05-30 21:03:19,946 - __main__ - INFO - ✅ PARSED SIGNAL: {'timer': '00:01:00', 'pair': 'AUD/CAD', 'direction': 'LOWER', 'expiry': 1}
2025-05-30 21:03:19,946 - __main__ - INFO - 🎯 COMPLETE SIGNAL DETECTED: {'pair': 'AUD/CAD', 'timer': '00:01:00', 'direction': 'LOWER', 'expiry': 1, 'timestamp': '2025-05-30T23:03:19.946663+02:00', 'id': 'signal_20250530_210319_003', 'session_id': 'session_20250530_224921'}
2025-05-30 21:03:19,979 - __main__ - DEBUG - Saving signal with ID: signal_20250530_210319_003
2025-05-30 21:03:19,979 - __main__ - DEBUG - Created backup: data\signals_history.json.backup
2025-05-30 21:03:19,994 - __main__ - INFO - 🚀 EXECUTING TRADE IMMEDIATELY
2025-05-30 21:03:19,994 - timestamp_recorder - INFO - Trade execution timestamp recorded: trade_20250530_210319_003 (Delay: 31.2ms)
2025-05-30 21:03:19,994 - __main__ - INFO - 🎯 Using OTC pair: AUDCAD_otc for signal pair: AUD/CAD
2025-05-30 21:03:20,010 - __main__ - DEBUG - Saving trade with ID: trade_20250530_210319_003
2025-05-30 21:03:20,010 - __main__ - DEBUG - Created backup: data\trades_history.json.backup
2025-05-30 21:03:20,041 - __main__ - DEBUG - Created backup: data\session_data.json.backup
2025-05-30 21:03:20,041 - __main__ - INFO - 🚀 EXECUTING TRADE: AUDCAD_otc PUT $1.1 (expiry: 60s)
2025-05-30 21:03:20,041 - __main__ - INFO - 💰 REAL TRADING MODE: Executing actual trade on Pocket Option platform
2025-05-30 21:03:20,161 - __main__ - INFO - ✅ REAL TRADE EXECUTED: AUDCAD_otc PUT $1.1 - Trade ID: d8a0ed45-c184-4f62-b722-4b8c62b49105
2025-05-30 21:03:20,168 - __main__ - DEBUG - Saving trade with ID: trade_20250530_210319_003
2025-05-30 21:03:20,168 - __main__ - DEBUG - Created backup: data\trades_history.json.backup
2025-05-30 21:04:20,906 - telethon.client.updates - INFO - Got difference for account updates
2025-05-30 21:04:25,196 - __main__ - INFO - 🔍 Checking trade result for trade ID: d8a0ed45-c184-4f62-b722-4b8c62b49105
2025-05-30 21:04:25,196 - __main__ - ERROR - Error checking trade result: '>' not supported between instances of 'tuple' and 'int'
2025-05-30 21:04:25,196 - __main__ - DEBUG - Saving trade with ID: trade_20250530_210319_003
2025-05-30 21:04:25,196 - __main__ - DEBUG - Created backup: data\trades_history.json.backup
2025-05-30 21:04:52,472 - __main__ - INFO - 📨 Received message: Signal result: +$644...
2025-05-30 21:05:04,481 - __main__ - INFO - 📨 Received message: ?Stability, the key to success...
2025-05-30 21:05:13,862 - __main__ - INFO - 📨 Received message: **?Trading Pair: EUR/USD (OTC)**...
2025-05-30 21:05:13,862 - __main__ - INFO - Parsed first message: Trading pair = EUR/USD
2025-05-30 21:05:23,465 - __main__ - INFO - 📨 Received message: ?SET THE TIMER TO 00:01:00?

Fourth signal: Currency pair EUR/USD  
HIGHER ? 
Trade time: 1 MIN...
2025-05-30 21:05:23,465 - __main__ - INFO - ✅ PARSED SIGNAL: {'timer': '00:01:00', 'pair': 'EUR/USD', 'direction': 'HIGHER', 'expiry': 1}
2025-05-30 21:05:23,465 - __main__ - INFO - 🎯 COMPLETE SIGNAL DETECTED: {'pair': 'EUR/USD', 'timer': '00:01:00', 'direction': 'HIGHER', 'expiry': 1, 'timestamp': '2025-05-30T23:05:23.465582+02:00', 'id': 'signal_20250530_210523_004', 'session_id': 'session_20250530_224921'}
2025-05-30 21:05:23,497 - __main__ - DEBUG - Saving signal with ID: signal_20250530_210523_004
2025-05-30 21:05:23,497 - __main__ - DEBUG - Created backup: data\signals_history.json.backup
2025-05-30 21:05:23,512 - __main__ - INFO - 🚀 EXECUTING TRADE IMMEDIATELY
2025-05-30 21:05:23,512 - timestamp_recorder - INFO - Trade execution timestamp recorded: trade_20250530_210523_004 (Delay: 16.9ms)
2025-05-30 21:05:23,512 - __main__ - INFO - 🎯 Using OTC pair: EURUSD_otc for signal pair: EUR/USD
2025-05-30 21:05:23,528 - __main__ - DEBUG - Saving trade with ID: trade_20250530_210523_004
2025-05-30 21:05:23,528 - __main__ - DEBUG - Created backup: data\trades_history.json.backup
2025-05-30 21:05:23,560 - __main__ - DEBUG - Created backup: data\session_data.json.backup
2025-05-30 21:05:23,560 - __main__ - INFO - 🚀 EXECUTING TRADE: EURUSD_otc CALL $1.1 (expiry: 60s)
2025-05-30 21:05:23,560 - __main__ - INFO - 💰 REAL TRADING MODE: Executing actual trade on Pocket Option platform
2025-05-30 21:05:23,677 - __main__ - INFO - ✅ REAL TRADE EXECUTED: EURUSD_otc CALL $1.1 - Trade ID: 5ab91d6c-7b92-405c-bf38-c769b72a980e
2025-05-30 21:05:23,688 - __main__ - DEBUG - Saving trade with ID: trade_20250530_210523_004
2025-05-30 21:05:23,688 - __main__ - DEBUG - Created backup: data\trades_history.json.backup
2025-05-30 21:06:28,709 - __main__ - INFO - 🔍 Checking trade result for trade ID: 5ab91d6c-7b92-405c-bf38-c769b72a980e
2025-05-30 21:06:28,709 - __main__ - ERROR - Error checking trade result: '>' not supported between instances of 'tuple' and 'int'
2025-05-30 21:06:28,723 - __main__ - DEBUG - Saving trade with ID: trade_20250530_210523_004
2025-05-30 21:06:28,723 - __main__ - DEBUG - Created backup: data\trades_history.json.backup
2025-05-30 21:06:32,987 - __main__ - INFO - 📨 Received message: Signal result: +$0...
2025-05-30 21:06:42,090 - __main__ - INFO - 📨 Received message: ?Bad luck...
2025-05-30 21:09:41,704 - __main__ - INFO - 📨 Received message: ? Congratulations to the Private Trading Club participants on a successful trading session! ?  
  
R...
2025-05-30 21:10:58,108 - telethon.client.updates - INFO - Got difference for account updates
2025-05-30 21:15:28,796 - __main__ - INFO - Shutting down Self Bot...
2025-05-30 21:15:28,798 - telethon.network.mtprotosender - INFO - Disconnecting from 149.154.167.91:443/TcpFull...
2025-05-30 21:15:28,798 - telethon.network.mtprotosender - INFO - Disconnection from 149.154.167.91:443/TcpFull complete!
2025-05-31 13:30:26,407 - session_manager - INFO - SessionManager initialized successfully
2025-05-31 13:30:26,407 - session_manager - INFO - SignalDeduplicator initialized successfully
2025-05-31 13:30:26,407 - __main__ - INFO - Initializing Telegram client...
2025-05-31 13:30:26,439 - telethon.network.mtprotosender - INFO - Connecting to 149.154.167.91:443/TcpFull...
2025-05-31 13:30:26,439 - telethon.network.mtprotosender - INFO - Connection to 149.154.167.91:443/TcpFull complete!
2025-05-31 13:30:26,619 - __main__ - INFO - Started Telegram client in user account mode
2025-05-31 13:30:26,619 - __main__ - INFO - Already authenticated using existing session
2025-05-31 13:30:26,631 - __main__ - INFO - Logged in as: Pieter Stanton (@piet43)
2025-05-31 13:30:26,631 - __main__ - INFO - Initializing Pocket Option client (Demo mode: False)
2025-05-31 13:30:26,647 - __main__ - INFO - Successfully connected to Pocket Option API
2025-05-31 13:30:27,649 - __main__ - INFO - Account balance: 110.59
2025-05-31 13:30:27,650 - __main__ - DEBUG - Created backup: data\session_data.json.backup
2025-05-31 13:30:27,654 - __main__ - INFO - Subscription to favorite pairs is currently disabled due to API limitations.
2025-05-31 13:30:27,654 - __main__ - INFO - JSON storage initialized successfully
2025-05-31 13:30:27,654 - session_manager - INFO - New session started: session_20250531_153027
2025-05-31 13:30:27,654 - __main__ - INFO - ✅ Session management initialized: session_20250531_153027
2025-05-31 13:30:27,654 - __main__ - INFO - 💰 Current Balance: $110.59
2025-05-31 13:30:35,074 - __main__ - INFO - 💵 Calculated Amount: $1.11
2025-05-31 13:30:42,928 - __main__ - INFO - ✅ Trading amount set to $1.11 for this session
2025-05-31 13:30:42,931 - __main__ - DEBUG - Created backup: data\session_data.json.backup
2025-05-31 13:30:42,940 - __main__ - INFO - ✅ Self Bot v1.5 initialized successfully
2025-05-31 13:30:42,940 - __main__ - INFO - 💰 REAL TRADING MODE ENABLED
2025-05-31 13:30:42,940 - __main__ - INFO - Bot is now monitoring for signals...
2025-05-31 13:30:42,940 - __main__ - INFO - Accessing channel: BINARY TRADING CLUB
2025-05-31 13:30:43,036 - __main__ - INFO - Accessed channel by ID: BINARY TRADING CLUB
2025-05-31 13:30:43,036 - __main__ - INFO - Starting monitoring of channel: BINARY TRADING CLUB
2025-05-31 13:30:43,036 - __main__ - INFO - Event handler registered. Waiting for signals...
2025-05-31 13:50:01,232 - telethon.client.updates - INFO - Got difference for channel 2412213735 updates
2025-05-31 13:50:01,241 - __main__ - INFO - 📨 Received message: ? **We?re starting our first session in 30 minutes ? get ready for results!** ?

**The time has star...
2025-05-31 13:50:01,241 - __main__ - INFO - 📨 Received message: ?Get ready to earn! Starting soon!

In this session we will use these trading pairs:

**AUD/USD (OTC...
2025-05-31 14:00:00,355 - __main__ - INFO - 📨 Received message: **? The trading session has already started! Let's go!**...
2025-05-31 14:00:02,481 - __main__ - INFO - 📨 Received message: **?Trading Pair: AUD/CHF (OTC)**...
2025-05-31 14:00:02,481 - __main__ - INFO - Parsed first message: Trading pair = AUD/CHF
2025-05-31 14:00:08,724 - __main__ - INFO - 📨 Received message: ?SET THE TIMER TO 00:01:00?

First signal: Currency pair AUD/CHF 
HIGHER ? 
Trade time: 1 MIN...
2025-05-31 14:00:08,737 - __main__ - INFO - ✅ PARSED SIGNAL: {'timer': '00:01:00', 'pair': 'AUD/CHF', 'direction': 'HIGHER', 'expiry': 1}
2025-05-31 14:00:08,737 - __main__ - INFO - 🎯 COMPLETE SIGNAL DETECTED: {'pair': 'AUD/CHF', 'timer': '00:01:00', 'direction': 'HIGHER', 'expiry': 1, 'timestamp': '2025-05-31T16:00:08.737991+02:00', 'id': 'signal_20250531_140008_001', 'session_id': 'session_20250531_153027'}
2025-05-31 14:00:08,756 - __main__ - DEBUG - Saving signal with ID: signal_20250531_140008_001
2025-05-31 14:00:08,756 - __main__ - DEBUG - Created backup: data\signals_history.json.backup
2025-05-31 14:00:08,772 - __main__ - INFO - 🚀 EXECUTING TRADE IMMEDIATELY
2025-05-31 14:00:08,772 - timestamp_recorder - INFO - Trade execution timestamp recorded: trade_20250531_140008_001 (Delay: 32.2ms)
2025-05-31 14:00:08,772 - __main__ - INFO - 🎯 Using OTC pair: AUDCHF_otc for signal pair: AUD/CHF
2025-05-31 14:00:08,788 - __main__ - DEBUG - Saving trade with ID: trade_20250531_140008_001
2025-05-31 14:00:08,788 - __main__ - DEBUG - Created backup: data\trades_history.json.backup
2025-05-31 14:00:08,820 - __main__ - DEBUG - Created backup: data\session_data.json.backup
2025-05-31 14:00:08,836 - __main__ - INFO - 🚀 EXECUTING TRADE: AUDCHF_otc CALL $1.11 (expiry: 60s)
2025-05-31 14:00:08,836 - __main__ - INFO - 💰 REAL TRADING MODE: Executing actual trade on Pocket Option platform
2025-05-31 14:00:09,041 - __main__ - INFO - ✅ REAL TRADE EXECUTED: AUDCHF_otc CALL $1.11 - Trade ID: bd16e2b7-901e-4304-9c3f-36ac2a9d09dc
2025-05-31 14:00:09,053 - __main__ - DEBUG - Saving trade with ID: trade_20250531_140008_001
2025-05-31 14:00:09,053 - __main__ - DEBUG - Created backup: data\trades_history.json.backup
2025-05-31 14:01:14,079 - __main__ - INFO - 🔍 Checking trade result for trade ID: bd16e2b7-901e-4304-9c3f-36ac2a9d09dc
2025-05-31 14:01:14,080 - __main__ - ERROR - Error checking trade result: '>' not supported between instances of 'tuple' and 'int'
2025-05-31 14:01:14,096 - __main__ - DEBUG - Saving trade with ID: trade_20250531_140008_001
2025-05-31 14:01:14,096 - __main__ - DEBUG - Created backup: data\trades_history.json.backup
2025-05-31 14:01:15,790 - __main__ - INFO - 📨 Received message: Signal result: +$0...
2025-05-31 14:01:24,486 - __main__ - INFO - 📨 Received message: ?Bad luck...
2025-05-31 14:01:35,211 - __main__ - INFO - 📨 Received message: **?Trading Pair: EUR/USD (OTC)**...
2025-05-31 14:01:35,211 - __main__ - INFO - Parsed first message: Trading pair = EUR/USD
2025-05-31 14:01:48,501 - __main__ - INFO - 📨 Received message: ?SET THE TIMER TO 00:01:00?

Second signal: Currency pair EUR/USD 
LOWER  ?
Trade time: 1 MIN...
2025-05-31 14:01:48,501 - __main__ - INFO - ✅ PARSED SIGNAL: {'timer': '00:01:00', 'pair': 'EUR/USD', 'direction': 'LOWER', 'expiry': 1}
2025-05-31 14:01:48,501 - __main__ - INFO - 🎯 COMPLETE SIGNAL DETECTED: {'pair': 'EUR/USD', 'timer': '00:01:00', 'direction': 'LOWER', 'expiry': 1, 'timestamp': '2025-05-31T16:01:48.501958+02:00', 'id': 'signal_20250531_140148_002', 'session_id': 'session_20250531_153027'}
2025-05-31 14:01:48,533 - __main__ - DEBUG - Saving signal with ID: signal_20250531_140148_002
2025-05-31 14:01:48,533 - __main__ - DEBUG - Created backup: data\signals_history.json.backup
2025-05-31 14:01:48,552 - __main__ - INFO - 🚀 EXECUTING TRADE IMMEDIATELY
2025-05-31 14:01:48,552 - timestamp_recorder - INFO - Trade execution timestamp recorded: trade_20250531_140148_002 (Delay: 31.4ms)
2025-05-31 14:01:48,552 - __main__ - INFO - 🎯 Using OTC pair: EURUSD_otc for signal pair: EUR/USD
2025-05-31 14:01:48,565 - __main__ - DEBUG - Saving trade with ID: trade_20250531_140148_002
2025-05-31 14:01:48,565 - __main__ - DEBUG - Created backup: data\trades_history.json.backup
2025-05-31 14:01:48,584 - __main__ - DEBUG - Created backup: data\session_data.json.backup
2025-05-31 14:01:48,597 - __main__ - INFO - 🚀 EXECUTING TRADE: EURUSD_otc PUT $1.11 (expiry: 60s)
2025-05-31 14:01:48,597 - __main__ - INFO - 💰 REAL TRADING MODE: Executing actual trade on Pocket Option platform
2025-05-31 14:01:48,712 - __main__ - INFO - ✅ REAL TRADE EXECUTED: EURUSD_otc PUT $1.11 - Trade ID: ad772a8d-019e-4dd5-a38b-42bdc6c588b1
2025-05-31 14:01:48,724 - __main__ - DEBUG - Saving trade with ID: trade_20250531_140148_002
2025-05-31 14:01:48,724 - __main__ - DEBUG - Created backup: data\trades_history.json.backup
2025-05-31 14:02:53,745 - __main__ - INFO - 🔍 Checking trade result for trade ID: ad772a8d-019e-4dd5-a38b-42bdc6c588b1
2025-05-31 14:02:53,745 - __main__ - ERROR - Error checking trade result: '>' not supported between instances of 'tuple' and 'int'
2025-05-31 14:02:53,746 - __main__ - DEBUG - Saving trade with ID: trade_20250531_140148_002
2025-05-31 14:02:53,762 - __main__ - DEBUG - Created backup: data\trades_history.json.backup
2025-05-31 14:02:54,881 - __main__ - INFO - 📨 Received message: Signal result: +$644...
2025-05-31 14:03:03,662 - __main__ - INFO - 📨 Received message: ?Wonderful trade...
2025-05-31 14:03:16,639 - __main__ - INFO - 📨 Received message: **?Trading Pair: AUD/CHF (OTC)**...
2025-05-31 14:03:16,640 - __main__ - INFO - Parsed first message: Trading pair = AUD/CHF
2025-05-31 14:03:27,428 - __main__ - INFO - 📨 Received message: ?SET THE TIMER TO 00:01:00?

Third signal: Currency pair AUD/CHF 
LOWER  ?
Trade time: 1 MIN...
2025-05-31 14:03:27,428 - __main__ - INFO - ✅ PARSED SIGNAL: {'timer': '00:01:00', 'pair': 'AUD/CHF', 'direction': 'LOWER', 'expiry': 1}
2025-05-31 14:03:27,428 - __main__ - INFO - 🎯 COMPLETE SIGNAL DETECTED: {'pair': 'AUD/CHF', 'timer': '00:01:00', 'direction': 'LOWER', 'expiry': 1, 'timestamp': '2025-05-31T16:03:27.428095+02:00', 'id': 'signal_20250531_140327_003', 'session_id': 'session_20250531_153027'}
2025-05-31 14:03:27,459 - __main__ - DEBUG - Saving signal with ID: signal_20250531_140327_003
2025-05-31 14:03:27,459 - __main__ - DEBUG - Created backup: data\signals_history.json.backup
2025-05-31 14:03:27,475 - __main__ - INFO - 🚀 EXECUTING TRADE IMMEDIATELY
2025-05-31 14:03:27,475 - timestamp_recorder - INFO - Trade execution timestamp recorded: trade_20250531_140327_003 (Delay: 31.5ms)
2025-05-31 14:03:27,475 - __main__ - INFO - 🎯 Using OTC pair: AUDCHF_otc for signal pair: AUD/CHF
2025-05-31 14:03:27,490 - __main__ - DEBUG - Saving trade with ID: trade_20250531_140327_003
2025-05-31 14:03:27,490 - __main__ - DEBUG - Created backup: data\trades_history.json.backup
2025-05-31 14:03:27,522 - __main__ - DEBUG - Created backup: data\session_data.json.backup
2025-05-31 14:03:27,537 - __main__ - INFO - 🚀 EXECUTING TRADE: AUDCHF_otc PUT $1.11 (expiry: 60s)
2025-05-31 14:03:27,537 - __main__ - INFO - 💰 REAL TRADING MODE: Executing actual trade on Pocket Option platform
2025-05-31 14:03:27,645 - __main__ - INFO - ✅ REAL TRADE EXECUTED: AUDCHF_otc PUT $1.11 - Trade ID: b213f9e3-b948-4879-94f4-98c2def44001
2025-05-31 14:03:27,648 - __main__ - DEBUG - Saving trade with ID: trade_20250531_140327_003
2025-05-31 14:03:27,648 - __main__ - DEBUG - Created backup: data\trades_history.json.backup
2025-05-31 14:04:32,683 - __main__ - INFO - 🔍 Checking trade result for trade ID: b213f9e3-b948-4879-94f4-98c2def44001
2025-05-31 14:04:32,683 - __main__ - ERROR - Error checking trade result: '>' not supported between instances of 'tuple' and 'int'
2025-05-31 14:04:32,696 - __main__ - DEBUG - Saving trade with ID: trade_20250531_140327_003
2025-05-31 14:04:32,696 - __main__ - DEBUG - Created backup: data\trades_history.json.backup
2025-05-31 14:04:34,330 - __main__ - INFO - 📨 Received message: Signal result: +$644...
2025-05-31 14:04:44,537 - __main__ - INFO - 📨 Received message: ?Excellent result!...
2025-05-31 14:04:51,137 - __main__ - INFO - 📨 Received message: **?Trading Pair: AUD/USD (OTC)**...
2025-05-31 14:04:51,137 - __main__ - INFO - Parsed first message: Trading pair = AUD/USD
2025-05-31 14:05:00,662 - __main__ - INFO - 📨 Received message: ?SET THE TIMER TO 00:01:00?

Fourth signal: Currency pair AUD/USD  
LOWER  ?
Trade time: 1 MIN...
2025-05-31 14:05:00,662 - __main__ - INFO - ✅ PARSED SIGNAL: {'timer': '00:01:00', 'pair': 'AUD/USD', 'direction': 'LOWER', 'expiry': 1}
2025-05-31 14:05:00,662 - __main__ - INFO - 🎯 COMPLETE SIGNAL DETECTED: {'pair': 'AUD/USD', 'timer': '00:01:00', 'direction': 'LOWER', 'expiry': 1, 'timestamp': '2025-05-31T16:05:00.662170+02:00', 'id': 'signal_20250531_140500_004', 'session_id': 'session_20250531_153027'}
2025-05-31 14:05:00,693 - __main__ - DEBUG - Saving signal with ID: signal_20250531_140500_004
2025-05-31 14:05:00,693 - __main__ - DEBUG - Created backup: data\signals_history.json.backup
2025-05-31 14:05:00,709 - __main__ - INFO - 🚀 EXECUTING TRADE IMMEDIATELY
2025-05-31 14:05:00,724 - timestamp_recorder - INFO - Trade execution timestamp recorded: trade_20250531_140500_004 (Delay: 31.3ms)
2025-05-31 14:05:00,724 - __main__ - INFO - 🎯 Using OTC pair: AUDUSD_otc for signal pair: AUD/USD
2025-05-31 14:05:00,724 - __main__ - DEBUG - Saving trade with ID: trade_20250531_140500_004
2025-05-31 14:05:00,724 - __main__ - DEBUG - Created backup: data\trades_history.json.backup
2025-05-31 14:05:00,756 - __main__ - DEBUG - Created backup: data\session_data.json.backup
2025-05-31 14:05:00,771 - __main__ - INFO - 🚀 EXECUTING TRADE: AUDUSD_otc PUT $1.11 (expiry: 60s)
2025-05-31 14:05:00,771 - __main__ - INFO - 💰 REAL TRADING MODE: Executing actual trade on Pocket Option platform
2025-05-31 14:05:00,878 - __main__ - INFO - ✅ REAL TRADE EXECUTED: AUDUSD_otc PUT $1.11 - Trade ID: d315ad52-d6b1-4ebf-9864-908de88cbc6b
2025-05-31 14:05:00,883 - __main__ - DEBUG - Saving trade with ID: trade_20250531_140500_004
2025-05-31 14:05:00,883 - __main__ - DEBUG - Created backup: data\trades_history.json.backup
2025-05-31 14:06:05,909 - __main__ - INFO - 🔍 Checking trade result for trade ID: d315ad52-d6b1-4ebf-9864-908de88cbc6b
2025-05-31 14:06:05,909 - __main__ - ERROR - Error checking trade result: '>' not supported between instances of 'tuple' and 'int'
2025-05-31 14:06:05,913 - __main__ - DEBUG - Saving trade with ID: trade_20250531_140500_004
2025-05-31 14:06:05,927 - __main__ - DEBUG - Created backup: data\trades_history.json.backup
2025-05-31 14:06:07,485 - __main__ - INFO - 📨 Received message: Signal result: +$644...
2025-05-31 14:06:17,807 - __main__ - INFO - 📨 Received message: ?Stability, the key to success...
2025-05-31 14:06:24,630 - __main__ - INFO - 📨 Received message: **?Trading Pair: EUR/USD (OTC)**...
2025-05-31 14:06:24,630 - __main__ - INFO - Parsed first message: Trading pair = EUR/USD
2025-05-31 14:06:33,295 - __main__ - INFO - 📨 Received message: ?SET THE TIMER TO 00:01:00?

Fifth signal: Currency pair EUR/USD
LOWER  ?
Trade time: 1 MIN...
2025-05-31 14:06:33,295 - __main__ - INFO - ✅ PARSED SIGNAL: {'timer': '00:01:00', 'pair': 'EUR/USD', 'direction': 'LOWER', 'expiry': 1}
2025-05-31 14:06:33,295 - __main__ - INFO - 🎯 COMPLETE SIGNAL DETECTED: {'pair': 'EUR/USD', 'timer': '00:01:00', 'direction': 'LOWER', 'expiry': 1, 'timestamp': '2025-05-31T16:06:33.295983+02:00', 'id': 'signal_20250531_140633_005', 'session_id': 'session_20250531_153027'}
2025-05-31 14:06:33,333 - __main__ - DEBUG - Saving signal with ID: signal_20250531_140633_005
2025-05-31 14:06:33,333 - __main__ - DEBUG - Created backup: data\signals_history.json.backup
2025-05-31 14:06:33,359 - __main__ - INFO - 🚀 EXECUTING TRADE IMMEDIATELY
2025-05-31 14:06:33,359 - timestamp_recorder - INFO - Trade execution timestamp recorded: trade_20250531_140633_005 (Delay: 47.7ms)
2025-05-31 14:06:33,359 - __main__ - INFO - 🎯 Using OTC pair: EURUSD_otc for signal pair: EUR/USD
2025-05-31 14:06:33,375 - __main__ - DEBUG - Saving trade with ID: trade_20250531_140633_005
2025-05-31 14:06:33,375 - __main__ - DEBUG - Created backup: data\trades_history.json.backup
2025-05-31 14:06:33,396 - __main__ - DEBUG - Created backup: data\session_data.json.backup
2025-05-31 14:06:33,407 - __main__ - INFO - 🚀 EXECUTING TRADE: EURUSD_otc PUT $1.11 (expiry: 60s)
2025-05-31 14:06:33,407 - __main__ - INFO - 💰 REAL TRADING MODE: Executing actual trade on Pocket Option platform
2025-05-31 14:06:33,521 - __main__ - INFO - ✅ REAL TRADE EXECUTED: EURUSD_otc PUT $1.11 - Trade ID: e2fcdb48-f356-4f7a-9428-2a6650d4d5b5
2025-05-31 14:06:33,521 - __main__ - DEBUG - Saving trade with ID: trade_20250531_140633_005
2025-05-31 14:06:33,535 - __main__ - DEBUG - Created backup: data\trades_history.json.backup
2025-05-31 14:07:38,556 - __main__ - INFO - 🔍 Checking trade result for trade ID: e2fcdb48-f356-4f7a-9428-2a6650d4d5b5
2025-05-31 14:07:38,556 - __main__ - ERROR - Error checking trade result: '>' not supported between instances of 'tuple' and 'int'
2025-05-31 14:07:38,567 - __main__ - DEBUG - Saving trade with ID: trade_20250531_140633_005
2025-05-31 14:07:38,567 - __main__ - DEBUG - Created backup: data\trades_history.json.backup
2025-05-31 14:07:40,584 - __main__ - INFO - 📨 Received message: Signal result: +$644...
2025-05-31 14:07:50,298 - __main__ - INFO - 📨 Received message: ?Incredible win...
2025-05-31 14:10:24,186 - __main__ - INFO - 📨 Received message: ? Congratulations to the Private Trading Club participants on a successful trading session! ?  
  
R...
2025-05-31 14:15:19,316 - __main__ - INFO - Shutting down Self Bot...
2025-05-31 14:15:19,321 - telethon.network.mtprotosender - INFO - Disconnecting from 149.154.167.91:443/TcpFull...
2025-05-31 14:15:19,321 - telethon.network.mtprotosender - INFO - Disconnection from 149.154.167.91:443/TcpFull complete!
2025-05-31 20:43:20,181 - session_manager - INFO - SessionManager initialized successfully
2025-05-31 20:43:20,181 - session_manager - INFO - SignalDeduplicator initialized successfully
2025-05-31 20:43:20,181 - __main__ - INFO - Initializing Telegram client...
2025-05-31 20:43:20,181 - telethon.network.mtprotosender - INFO - Connecting to 149.154.167.91:443/TcpFull...
2025-05-31 20:43:20,197 - telethon.network.mtprotosender - INFO - Connection to 149.154.167.91:443/TcpFull complete!
2025-05-31 20:43:20,372 - __main__ - INFO - Started Telegram client in user account mode
2025-05-31 20:43:20,372 - __main__ - INFO - Already authenticated using existing session
2025-05-31 20:43:20,393 - __main__ - INFO - Logged in as: Pieter Stanton (@piet43)
2025-05-31 20:43:20,393 - __main__ - INFO - Initializing Pocket Option client (Demo mode: False)
2025-05-31 20:43:20,393 - __main__ - INFO - Successfully connected to Pocket Option API
2025-05-31 20:43:21,400 - __main__ - INFO - Account balance: 113.56
2025-05-31 20:43:21,400 - __main__ - DEBUG - Created backup: data\session_data.json.backup
2025-05-31 20:43:21,400 - __main__ - INFO - Subscription to favorite pairs is currently disabled due to API limitations.
2025-05-31 20:43:21,400 - __main__ - INFO - JSON storage initialized successfully
2025-05-31 20:43:21,400 - session_manager - INFO - New session started: session_20250531_224321
2025-05-31 20:43:21,400 - __main__ - INFO - ✅ Session management initialized: session_20250531_224321
2025-05-31 20:43:21,400 - __main__ - INFO - 💰 Current Balance: $113.56
2025-05-31 20:44:15,490 - __main__ - INFO - 💵 Custom Amount: $14.00
2025-05-31 20:44:22,036 - __main__ - INFO - ✅ Trading amount set to $14.00 for this session
2025-05-31 20:44:22,052 - __main__ - DEBUG - Created backup: data\session_data.json.backup
2025-05-31 20:44:22,052 - __main__ - INFO - ✅ Self Bot v1.5 initialized successfully
2025-05-31 20:44:22,052 - __main__ - INFO - 💰 REAL TRADING MODE ENABLED
2025-05-31 20:44:22,052 - __main__ - INFO - Bot is now monitoring for signals...
2025-05-31 20:44:22,052 - __main__ - INFO - Accessing channel: BINARY TRADING CLUB
2025-05-31 20:44:22,068 - __main__ - INFO - Accessed channel by ID: BINARY TRADING CLUB
2025-05-31 20:44:22,068 - __main__ - INFO - Starting monitoring of channel: BINARY TRADING CLUB
2025-05-31 20:44:22,068 - __main__ - INFO - Event handler registered. Waiting for signals...
2025-05-31 20:50:00,630 - __main__ - INFO - 📨 Received message: ?Get ready to earn! Starting soon!

In this session we will use these trading pairs:

**AUD/USD (OTC...
2025-05-31 21:00:30,180 - __main__ - INFO - 📨 Received message: **? The trading session has already started! Let's go!**...
2025-05-31 21:00:43,407 - __main__ - INFO - 📨 Received message: **?Trading Pair: AUD/USD (OTC)**...
2025-05-31 21:00:43,407 - __main__ - INFO - Parsed first message: Trading pair = AUD/USD
2025-05-31 21:00:43,426 - __main__ - INFO - 📨 Received message: ?SET THE TIMER TO 00:01:00?

First signal: Currency pair AUD/USD 
HIGHER ? 
Trade time: 1 MIN...
2025-05-31 21:00:43,426 - __main__ - INFO - ✅ PARSED SIGNAL: {'timer': '00:01:00', 'pair': 'AUD/USD', 'direction': 'HIGHER', 'expiry': 1}
2025-05-31 21:00:43,426 - __main__ - INFO - 🎯 COMPLETE SIGNAL DETECTED: {'pair': 'AUD/USD', 'timer': '00:01:00', 'direction': 'HIGHER', 'expiry': 1, 'timestamp': '2025-05-31T23:00:43.426829+02:00', 'id': 'signal_20250531_210043_001', 'session_id': 'session_20250531_224321'}
2025-05-31 21:00:43,439 - __main__ - DEBUG - Saving signal with ID: signal_20250531_210043_001
2025-05-31 21:00:43,439 - __main__ - DEBUG - Created backup: data\signals_history.json.backup
2025-05-31 21:00:43,439 - __main__ - INFO - 🚀 EXECUTING TRADE IMMEDIATELY
2025-05-31 21:00:43,439 - timestamp_recorder - INFO - Trade execution timestamp recorded: trade_20250531_210043_001 (Delay: 0.0ms)
2025-05-31 21:00:43,439 - __main__ - INFO - 🎯 Using OTC pair: AUDUSD_otc for signal pair: AUD/USD
2025-05-31 21:00:43,439 - __main__ - DEBUG - Saving trade with ID: trade_20250531_210043_001
2025-05-31 21:00:43,455 - __main__ - DEBUG - Created backup: data\trades_history.json.backup
2025-05-31 21:00:43,458 - __main__ - DEBUG - Created backup: data\session_data.json.backup
2025-05-31 21:00:43,471 - __main__ - INFO - 🚀 EXECUTING TRADE: AUDUSD_otc CALL $14.0 (expiry: 60s)
2025-05-31 21:00:43,471 - __main__ - INFO - 💰 REAL TRADING MODE: Executing actual trade on Pocket Option platform
2025-05-31 21:00:43,574 - __main__ - INFO - ✅ REAL TRADE EXECUTED: AUDUSD_otc CALL $14.0 - Trade ID: bb505c71-8477-4c2e-ac4b-7291d3457ed1
2025-05-31 21:00:43,574 - __main__ - DEBUG - Saving trade with ID: trade_20250531_210043_001
2025-05-31 21:00:43,574 - __main__ - DEBUG - Created backup: data\trades_history.json.backup
2025-05-31 21:01:48,586 - __main__ - INFO - 🔍 Checking trade result for trade ID: bb505c71-8477-4c2e-ac4b-7291d3457ed1
2025-05-31 21:01:48,586 - __main__ - ERROR - Error checking trade result: '>' not supported between instances of 'tuple' and 'int'
2025-05-31 21:01:48,586 - __main__ - DEBUG - Saving trade with ID: trade_20250531_210043_001
2025-05-31 21:01:48,589 - __main__ - DEBUG - Created backup: data\trades_history.json.backup
2025-05-31 21:01:50,645 - __main__ - INFO - 📨 Received message: Signal result: +$644...
2025-05-31 21:01:59,511 - __main__ - INFO - 📨 Received message: ?Wonderful trade...
2025-05-31 21:02:02,747 - __main__ - INFO - 📨 Received message: **?Trading Pair: AUD/CHF (OTC)**...
2025-05-31 21:02:02,747 - __main__ - INFO - Parsed first message: Trading pair = AUD/CHF
2025-05-31 21:02:14,754 - __main__ - INFO - 📨 Received message: ?SET THE TIMER TO 00:01:00?

Second signal: Currency pair AUD/CHF 
HIGHER ? 
Trade time: 1 MIN...
2025-05-31 21:02:14,769 - __main__ - INFO - ✅ PARSED SIGNAL: {'timer': '00:01:00', 'pair': 'AUD/CHF', 'direction': 'HIGHER', 'expiry': 1}
2025-05-31 21:02:14,770 - __main__ - INFO - 🎯 COMPLETE SIGNAL DETECTED: {'pair': 'AUD/CHF', 'timer': '00:01:00', 'direction': 'HIGHER', 'expiry': 1, 'timestamp': '2025-05-31T23:02:14.770551+02:00', 'id': 'signal_20250531_210214_002', 'session_id': 'session_20250531_224321'}
2025-05-31 21:02:14,770 - __main__ - DEBUG - Saving signal with ID: signal_20250531_210214_002
2025-05-31 21:02:14,770 - __main__ - DEBUG - Created backup: data\signals_history.json.backup
2025-05-31 21:02:14,770 - __main__ - INFO - 🚀 EXECUTING TRADE IMMEDIATELY
2025-05-31 21:02:14,770 - timestamp_recorder - INFO - Trade execution timestamp recorded: trade_20250531_210214_002 (Delay: 0.0ms)
2025-05-31 21:02:14,770 - __main__ - INFO - 🎯 Using OTC pair: AUDCHF_otc for signal pair: AUD/CHF
2025-05-31 21:02:14,770 - __main__ - DEBUG - Saving trade with ID: trade_20250531_210214_002
2025-05-31 21:02:14,770 - __main__ - DEBUG - Created backup: data\trades_history.json.backup
2025-05-31 21:02:14,786 - __main__ - DEBUG - Created backup: data\session_data.json.backup
2025-05-31 21:02:14,786 - __main__ - INFO - 🚀 EXECUTING TRADE: AUDCHF_otc CALL $14.0 (expiry: 60s)
2025-05-31 21:02:14,786 - __main__ - INFO - 💰 REAL TRADING MODE: Executing actual trade on Pocket Option platform
2025-05-31 21:02:14,895 - __main__ - INFO - ✅ REAL TRADE EXECUTED: AUDCHF_otc CALL $14.0 - Trade ID: 7fb1b0e1-7466-4acb-a83a-7b45de9f5bc8
2025-05-31 21:02:14,895 - __main__ - DEBUG - Saving trade with ID: trade_20250531_210214_002
2025-05-31 21:02:14,895 - __main__ - DEBUG - Created backup: data\trades_history.json.backup
2025-05-31 21:03:19,906 - __main__ - INFO - 🔍 Checking trade result for trade ID: 7fb1b0e1-7466-4acb-a83a-7b45de9f5bc8
2025-05-31 21:03:19,906 - __main__ - ERROR - Error checking trade result: '>' not supported between instances of 'tuple' and 'int'
2025-05-31 21:03:19,906 - __main__ - DEBUG - Saving trade with ID: trade_20250531_210214_002
2025-05-31 21:03:19,906 - __main__ - DEBUG - Created backup: data\trades_history.json.backup
2025-05-31 21:03:25,109 - __main__ - INFO - 📨 Received message: Signal result: +$644...
2025-05-31 21:03:33,302 - __main__ - INFO - 📨 Received message: ?Excellent result!...
2025-05-31 21:03:37,734 - __main__ - INFO - 📨 Received message: **?Trading Pair: AUD/CAD (OTC)**...
2025-05-31 21:03:37,735 - __main__ - INFO - Parsed first message: Trading pair = AUD/CAD
2025-05-31 21:03:48,115 - __main__ - INFO - 📨 Received message: ?SET THE TIMER TO 00:01:00?

Third signal: Currency pair AUD/CAD 
HIGHER ? 
Trade time: 1 MIN...
2025-05-31 21:03:48,115 - __main__ - INFO - ✅ PARSED SIGNAL: {'timer': '00:01:00', 'pair': 'AUD/CAD', 'direction': 'HIGHER', 'expiry': 1}
2025-05-31 21:03:48,115 - __main__ - INFO - 🎯 COMPLETE SIGNAL DETECTED: {'pair': 'AUD/CAD', 'timer': '00:01:00', 'direction': 'HIGHER', 'expiry': 1, 'timestamp': '2025-05-31T23:03:48.115543+02:00', 'id': 'signal_20250531_210348_003', 'session_id': 'session_20250531_224321'}
2025-05-31 21:03:48,115 - __main__ - DEBUG - Saving signal with ID: signal_20250531_210348_003
2025-05-31 21:03:48,115 - __main__ - DEBUG - Created backup: data\signals_history.json.backup
2025-05-31 21:03:48,115 - __main__ - INFO - 🚀 EXECUTING TRADE IMMEDIATELY
2025-05-31 21:03:48,130 - timestamp_recorder - INFO - Trade execution timestamp recorded: trade_20250531_210348_003 (Delay: 15.4ms)
2025-05-31 21:03:48,130 - __main__ - INFO - 🎯 Using OTC pair: AUDCAD_otc for signal pair: AUD/CAD
2025-05-31 21:03:48,130 - __main__ - DEBUG - Saving trade with ID: trade_20250531_210348_003
2025-05-31 21:03:48,130 - __main__ - DEBUG - Created backup: data\trades_history.json.backup
2025-05-31 21:03:48,130 - __main__ - DEBUG - Created backup: data\session_data.json.backup
2025-05-31 21:03:48,147 - __main__ - INFO - 🚀 EXECUTING TRADE: AUDCAD_otc CALL $14.0 (expiry: 60s)
2025-05-31 21:03:48,147 - __main__ - INFO - 💰 REAL TRADING MODE: Executing actual trade on Pocket Option platform
2025-05-31 21:03:48,250 - __main__ - INFO - ✅ REAL TRADE EXECUTED: AUDCAD_otc CALL $14.0 - Trade ID: 2b585502-e680-47a4-a9d9-bf4677eaf4a1
2025-05-31 21:03:48,250 - __main__ - DEBUG - Saving trade with ID: trade_20250531_210348_003
2025-05-31 21:03:48,250 - __main__ - DEBUG - Created backup: data\trades_history.json.backup
2025-05-31 21:04:53,261 - __main__ - INFO - 🔍 Checking trade result for trade ID: 2b585502-e680-47a4-a9d9-bf4677eaf4a1
2025-05-31 21:04:53,261 - __main__ - ERROR - Error checking trade result: '>' not supported between instances of 'tuple' and 'int'
2025-05-31 21:04:53,261 - __main__ - DEBUG - Saving trade with ID: trade_20250531_210348_003
2025-05-31 21:04:53,261 - __main__ - DEBUG - Created backup: data\trades_history.json.backup
2025-05-31 21:04:55,330 - __main__ - INFO - 📨 Received message: Signal result: +$644...
2025-05-31 21:05:03,923 - __main__ - INFO - 📨 Received message: ?Stability, the key to success...
2025-05-31 21:05:07,927 - __main__ - INFO - 📨 Received message: **?Trading Pair: AUD/USD (OTC)**...
2025-05-31 21:05:07,927 - __main__ - INFO - Parsed first message: Trading pair = AUD/USD
2025-05-31 21:05:20,593 - __main__ - INFO - 📨 Received message: ?SET THE TIMER TO 00:01:00?

Fourth signal: Currency pair AUD/USD  
HIGHER ? 
Trade time: 1 MIN...
2025-05-31 21:05:20,593 - __main__ - INFO - ✅ PARSED SIGNAL: {'timer': '00:01:00', 'pair': 'AUD/USD', 'direction': 'HIGHER', 'expiry': 1}
2025-05-31 21:05:20,593 - __main__ - INFO - 🎯 COMPLETE SIGNAL DETECTED: {'pair': 'AUD/USD', 'timer': '00:01:00', 'direction': 'HIGHER', 'expiry': 1, 'timestamp': '2025-05-31T23:05:20.593550+02:00', 'id': 'signal_20250531_210520_004', 'session_id': 'session_20250531_224321'}
2025-05-31 21:05:20,593 - __main__ - DEBUG - Saving signal with ID: signal_20250531_210520_004
2025-05-31 21:05:20,593 - __main__ - DEBUG - Created backup: data\signals_history.json.backup
2025-05-31 21:05:20,609 - __main__ - INFO - 🚀 EXECUTING TRADE IMMEDIATELY
2025-05-31 21:05:20,609 - timestamp_recorder - INFO - Trade execution timestamp recorded: trade_20250531_210520_004 (Delay: 15.6ms)
2025-05-31 21:05:20,609 - __main__ - INFO - 🎯 Using OTC pair: AUDUSD_otc for signal pair: AUD/USD
2025-05-31 21:05:20,613 - __main__ - DEBUG - Saving trade with ID: trade_20250531_210520_004
2025-05-31 21:05:20,613 - __main__ - DEBUG - Created backup: data\trades_history.json.backup
2025-05-31 21:05:20,613 - __main__ - DEBUG - Created backup: data\session_data.json.backup
2025-05-31 21:05:20,625 - __main__ - INFO - 🚀 EXECUTING TRADE: AUDUSD_otc CALL $14.0 (expiry: 60s)
2025-05-31 21:05:20,625 - __main__ - INFO - 💰 REAL TRADING MODE: Executing actual trade on Pocket Option platform
2025-05-31 21:05:20,729 - __main__ - INFO - ✅ REAL TRADE EXECUTED: AUDUSD_otc CALL $14.0 - Trade ID: 52d4d90b-9cb2-4433-8f40-3064a5284ec1
2025-05-31 21:05:20,729 - __main__ - DEBUG - Saving trade with ID: trade_20250531_210520_004
2025-05-31 21:05:20,729 - __main__ - DEBUG - Created backup: data\trades_history.json.backup
2025-05-31 21:05:32,962 - telethon.client.updates - INFO - Got difference for account updates
2025-05-31 21:06:25,740 - __main__ - INFO - 🔍 Checking trade result for trade ID: 52d4d90b-9cb2-4433-8f40-3064a5284ec1
2025-05-31 21:06:25,740 - __main__ - ERROR - Error checking trade result: '>' not supported between instances of 'tuple' and 'int'
2025-05-31 21:06:25,740 - __main__ - DEBUG - Saving trade with ID: trade_20250531_210520_004
2025-05-31 21:06:25,740 - __main__ - DEBUG - Created backup: data\trades_history.json.backup
2025-05-31 21:06:28,475 - __main__ - INFO - 📨 Received message: Signal result: +$0...
2025-05-31 21:06:33,002 - telethon.client.updates - INFO - Got difference for account updates
2025-05-31 21:06:36,507 - __main__ - INFO - 📨 Received message: ?Bad luck...
2025-05-31 21:07:02,934 - telethon.client.updates - INFO - Got difference for account updates
2025-05-31 21:08:26,433 - __main__ - INFO - 📨 Received message: ? Congratulations to the Private Trading Club participants on a successful trading session! ?  
  
R...
2025-05-31 21:08:33,082 - telethon.client.updates - INFO - Got difference for account updates
2025-05-31 21:09:35,175 - __main__ - INFO - Shutting down Self Bot...
2025-05-31 21:09:35,175 - telethon.network.mtprotosender - INFO - Disconnecting from 149.154.167.91:443/TcpFull...
2025-05-31 21:09:35,175 - telethon.network.mtprotosender - INFO - Disconnection from 149.154.167.91:443/TcpFull complete!
2025-05-31 23:35:03,605 - session_manager - INFO - SessionManager initialized successfully
2025-05-31 23:35:03,608 - session_manager - INFO - SignalDeduplicator initialized successfully
2025-05-31 23:35:03,609 - __main__ - INFO - Initializing Telegram client...
2025-05-31 23:35:03,620 - telethon.network.mtprotosender - INFO - Connecting to 149.154.167.91:443/TcpFull...
2025-05-31 23:35:03,629 - telethon.network.mtprotosender - INFO - Connection to 149.154.167.91:443/TcpFull complete!
2025-05-31 23:35:03,742 - __main__ - INFO - Started Telegram client in user account mode
2025-05-31 23:35:03,742 - __main__ - INFO - Already authenticated using existing session
2025-05-31 23:35:03,768 - __main__ - INFO - Logged in as: Pieter Stanton (@piet43)
2025-05-31 23:35:03,768 - __main__ - INFO - Initializing Pocket Option client (Demo mode: False)
2025-05-31 23:35:03,772 - __main__ - INFO - Successfully connected to Pocket Option API
2025-05-31 23:35:04,773 - __main__ - INFO - Account balance: 84.02
2025-05-31 23:35:04,775 - __main__ - DEBUG - Created backup: data\session_data.json.backup
2025-05-31 23:35:04,777 - __main__ - INFO - Subscription to favorite pairs is currently disabled due to API limitations.
2025-05-31 23:35:04,777 - __main__ - INFO - JSON storage initialized successfully
2025-05-31 23:35:04,780 - session_manager - INFO - New session started: session_20250601_013504
2025-05-31 23:35:04,780 - __main__ - INFO - ✅ Session management initialized: session_20250601_013504
2025-05-31 23:35:04,780 - __main__ - INFO - 💰 Current Balance: $84.02
2025-05-31 23:35:14,961 - __main__ - INFO - 💵 Calculated Amount: $0.84
2025-05-31 23:35:18,913 - __main__ - INFO - ✅ Trading amount set to $0.84 for this session
2025-05-31 23:35:18,918 - __main__ - DEBUG - Created backup: data\session_data.json.backup
2025-05-31 23:35:18,922 - __main__ - INFO - ✅ Self Bot v1.5 initialized successfully
2025-05-31 23:35:18,922 - __main__ - INFO - 💰 REAL TRADING MODE ENABLED
2025-05-31 23:35:18,923 - __main__ - INFO - Bot is now monitoring for signals...
2025-05-31 23:35:18,924 - __main__ - INFO - Accessing channel: BINARY TRADING CLUB
2025-05-31 23:35:18,950 - __main__ - INFO - Accessed channel by ID: BINARY TRADING CLUB
2025-05-31 23:35:18,950 - __main__ - INFO - Starting monitoring of channel: BINARY TRADING CLUB
2025-05-31 23:35:18,951 - __main__ - INFO - Event handler registered. Waiting for signals...
2025-05-31 23:35:55,074 - __main__ - INFO - Shutting down Self Bot...
2025-05-31 23:35:55,076 - telethon.network.mtprotosender - INFO - Disconnecting from 149.154.167.91:443/TcpFull...
2025-05-31 23:35:55,077 - telethon.network.mtprotosender - INFO - Disconnection from 149.154.167.91:443/TcpFull complete!
2025-06-01 14:04:46,082 - session_manager - INFO - SessionManager initialized successfully
2025-06-01 14:04:46,190 - session_manager - INFO - SignalDeduplicator initialized successfully
2025-06-01 14:04:46,193 - __main__ - INFO - Initializing Telegram client...
2025-06-01 14:04:46,312 - telethon.network.mtprotosender - INFO - Connecting to 149.154.167.91:443/TcpFull...
2025-06-01 14:04:46,567 - telethon.network.mtprotosender - INFO - Connection to 149.154.167.91:443/TcpFull complete!
2025-06-01 14:04:50,578 - __main__ - INFO - Started Telegram client in user account mode
2025-06-01 14:04:50,578 - __main__ - INFO - Already authenticated using existing session
2025-06-01 14:04:51,101 - __main__ - INFO - Logged in as: Pieter Stanton (@piet43)
2025-06-01 14:04:51,101 - __main__ - INFO - Initializing Pocket Option client (Demo mode: False)
2025-06-01 14:04:51,104 - __main__ - INFO - Successfully connected to Pocket Option API
2025-06-01 14:04:54,106 - __main__ - INFO - Account balance: None
2025-06-01 14:04:54,109 - __main__ - DEBUG - Created backup: data\session_data.json.backup
2025-06-01 14:04:54,186 - __main__ - INFO - Subscription to favorite pairs is currently disabled due to API limitations.
2025-06-01 14:04:54,261 - __main__ - INFO - JSON storage initialized successfully
2025-06-01 14:04:54,265 - session_manager - INFO - New session started: session_20250601_160454
2025-06-01 14:04:54,270 - __main__ - INFO - ✅ Session management initialized: session_20250601_160454
2025-06-01 14:04:56,271 - __main__ - INFO - 💰 Current Balance: $84.02
2025-06-01 14:05:19,574 - __main__ - INFO - 💵 Custom Amount: $2.00
2025-06-01 14:05:22,397 - __main__ - INFO - ✅ Trading amount set to $2.00 for this session
2025-06-01 14:05:22,402 - __main__ - DEBUG - Created backup: data\session_data.json.backup
2025-06-01 14:05:22,493 - __main__ - INFO - ✅ Self Bot v1.5 initialized successfully
2025-06-01 14:05:22,497 - __main__ - INFO - 💰 REAL TRADING MODE ENABLED
2025-06-01 14:05:22,498 - __main__ - INFO - Bot is now monitoring for signals...
2025-06-01 14:05:22,499 - __main__ - INFO - Accessing channel: BINARY TRADING CLUB
2025-06-01 14:05:23,086 - __main__ - INFO - Accessed channel by ID: BINARY TRADING CLUB
2025-06-01 14:05:23,087 - __main__ - INFO - Starting monitoring of channel: BINARY TRADING CLUB
2025-06-01 14:05:23,087 - __main__ - INFO - Event handler registered. Waiting for signals...
2025-06-01 14:06:20,383 - __main__ - INFO - 📨 Received message: Signal result: +$644...
2025-06-01 14:06:29,712 - __main__ - INFO - 📨 Received message: ?Stability, the key to success...
2025-06-01 14:06:51,144 - telethon.client.updates - INFO - Got difference for account updates
2025-06-01 14:08:46,523 - __main__ - INFO - 📨 Received message: ? Congratulations to the Private Trading Club participants on a successful trading session! ?  
  
R...
2025-06-01 14:08:51,211 - telethon.client.updates - INFO - Got difference for account updates
2025-06-01 14:10:22,839 - __main__ - INFO - Shutting down Self Bot...
2025-06-01 14:10:22,840 - telethon.network.mtprotosender - INFO - Disconnecting from 149.154.167.91:443/TcpFull...
2025-06-01 14:10:22,840 - telethon.network.mtprotosender - INFO - Disconnection from 149.154.167.91:443/TcpFull complete!
2025-06-01 14:17:15,081 - __main__ - INFO - Using 'sessions' for session-related data files.
2025-06-01 14:17:15,216 - session_manager - INFO - Found externally started active session in sessions\active_session.json: morning_session
2025-06-01 14:17:15,219 - session_manager - INFO - Successfully loaded and adopted active session from sessions\active_session.json: morning_session
2025-06-01 14:17:15,219 - session_manager - INFO - SessionManager initialized successfully
2025-06-01 14:17:15,221 - session_manager - INFO - SignalDeduplicator initialized successfully
2025-06-01 14:17:15,342 - __main__ - INFO - Initializing Telegram client...
2025-06-01 14:17:15,696 - telethon.network.mtprotosender - INFO - Connecting to 149.154.167.91:443/TcpFull...
2025-06-01 14:17:15,954 - telethon.network.mtprotosender - INFO - Connection to 149.154.167.91:443/TcpFull complete!
2025-06-01 14:17:19,797 - __main__ - INFO - Started Telegram client in user account mode
2025-06-01 14:17:19,855 - __main__ - INFO - Already authenticated using existing session
2025-06-01 14:17:20,393 - __main__ - INFO - Logged in as: Pieter Stanton (@piet43)
2025-06-01 14:17:20,393 - __main__ - INFO - Initializing Pocket Option client (Demo mode: False)
2025-06-01 14:17:20,396 - __main__ - INFO - Successfully connected to Pocket Option API
2025-06-01 14:17:23,398 - __main__ - INFO - Account balance: None
2025-06-01 14:17:23,402 - __main__ - DEBUG - Created backup: sessions\session_data.json.backup
2025-06-01 14:17:23,406 - __main__ - INFO - Subscription to favorite pairs is currently disabled due to API limitations.
2025-06-01 14:17:23,455 - __main__ - INFO - JSON storage initialized successfully
2025-06-01 14:17:23,456 - __main__ - INFO - Using already loaded session: morning_session
2025-06-01 14:17:23,458 - __main__ - WARNING - Could not get current balance for loaded session morning_session; balance_start may be stale.
2025-06-01 14:17:23,458 - __main__ - INFO - ✅ Session management initialized with existing session: morning_session
2025-06-01 14:17:25,459 - __main__ - INFO - 💰 Current Balance: $84.02
2025-06-01 14:17:37,479 - __main__ - INFO - 💵 Custom Amount: $2.00
2025-06-01 14:17:57,343 - __main__ - INFO - ✅ Trading amount set to $2.00 for this session
2025-06-01 14:17:57,349 - __main__ - DEBUG - Created backup: sessions\session_data.json.backup
2025-06-01 14:17:57,404 - __main__ - INFO - ✅ Self Bot v1.5 initialized successfully
2025-06-01 14:17:57,405 - __main__ - INFO - 💰 REAL TRADING MODE ENABLED
2025-06-01 14:17:57,406 - __main__ - INFO - Bot is now monitoring for signals...
2025-06-01 14:17:57,407 - __main__ - INFO - Accessing channel: BINARY TRADING CLUB
2025-06-01 14:17:57,942 - __main__ - INFO - Accessed channel by ID: BINARY TRADING CLUB
2025-06-01 14:17:57,946 - __main__ - INFO - Starting monitoring of channel: BINARY TRADING CLUB
2025-06-01 14:17:57,947 - __main__ - INFO - Event handler registered. Waiting for signals...
2025-06-01 14:18:58,648 - __main__ - INFO - Shutting down Self Bot...
2025-06-01 14:18:58,648 - telethon.network.mtprotosender - INFO - Disconnecting from 149.154.167.91:443/TcpFull...
2025-06-01 14:18:58,650 - telethon.network.mtprotosender - INFO - Disconnection from 149.154.167.91:443/TcpFull complete!
2025-06-01 15:59:54,443 - __main__ - INFO - Using 'sessions' for session-related data files.
2025-06-01 15:59:54,559 - session_manager - INFO - Found externally started active session in sessions\active_session.json: morning_session
2025-06-01 15:59:54,562 - session_manager - INFO - Successfully loaded and adopted active session from sessions\active_session.json: morning_session
2025-06-01 15:59:54,563 - session_manager - INFO - SessionManager initialized successfully
2025-06-01 15:59:54,564 - session_manager - INFO - SignalDeduplicator initialized successfully
2025-06-01 15:59:54,567 - __main__ - INFO - Initializing Telegram client...
2025-06-01 15:59:54,676 - telethon.network.mtprotosender - INFO - Connecting to 149.154.167.91:443/TcpFull...
2025-06-01 15:59:54,925 - telethon.network.mtprotosender - INFO - Connection to 149.154.167.91:443/TcpFull complete!
2025-06-01 15:59:58,663 - __main__ - INFO - Started Telegram client in user account mode
2025-06-01 15:59:58,663 - __main__ - INFO - Already authenticated using existing session
2025-06-01 15:59:59,178 - __main__ - INFO - Logged in as: Pieter Stanton (@piet43)
2025-06-01 15:59:59,178 - __main__ - INFO - Initializing Pocket Option client (Demo mode: False)
2025-06-01 15:59:59,180 - __main__ - INFO - Successfully connected to Pocket Option API
2025-06-01 16:00:02,182 - __main__ - INFO - Account balance: None
2025-06-01 16:00:02,205 - __main__ - DEBUG - Created backup: sessions\session_data.json.backup
2025-06-01 16:00:02,300 - __main__ - INFO - Subscription to favorite pairs is currently disabled due to API limitations.
2025-06-01 16:00:02,300 - __main__ - INFO - JSON storage initialized successfully
2025-06-01 16:00:02,301 - __main__ - INFO - Using already loaded session: morning_session
2025-06-01 16:00:02,301 - __main__ - WARNING - Could not get current balance for loaded session morning_session; balance_start may be stale.
2025-06-01 16:00:02,301 - __main__ - INFO - ✅ Session management initialized with existing session: morning_session
2025-06-01 16:00:04,303 - __main__ - INFO - 💰 Current Balance: $84.02
2025-06-01 16:00:27,540 - __main__ - INFO - 💵 Custom Amount: $2.00
2025-06-01 16:00:30,277 - __main__ - INFO - ✅ Trading amount set to $2.00 for this session
2025-06-01 16:00:30,280 - __main__ - DEBUG - Created backup: sessions\session_data.json.backup
2025-06-01 16:00:30,284 - __main__ - INFO - ✅ Self Bot v1.5 initialized successfully
2025-06-01 16:00:30,288 - __main__ - INFO - 💰 REAL TRADING MODE ENABLED
2025-06-01 16:00:30,320 - __main__ - INFO - Bot is now monitoring for signals...
2025-06-01 16:00:30,321 - __main__ - INFO - Accessing channel: BINARY TRADING CLUB
2025-06-01 16:00:30,923 - __main__ - INFO - Accessed channel by ID: BINARY TRADING CLUB
2025-06-01 16:00:30,925 - __main__ - INFO - Starting monitoring of channel: BINARY TRADING CLUB
2025-06-01 16:00:30,925 - __main__ - INFO - Event handler registered. Waiting for signals...
2025-06-01 16:02:25,499 - __main__ - INFO - Shutting down Self Bot...
2025-06-01 16:02:25,499 - telethon.network.mtprotosender - INFO - Disconnecting from 149.154.167.91:443/TcpFull...
2025-06-01 16:02:25,500 - telethon.network.mtprotosender - INFO - Disconnection from 149.154.167.91:443/TcpFull complete!
2025-06-01 20:22:26,014 - __main__ - INFO - Using 'sessions' for session-related data files.
2025-06-01 20:22:26,111 - session_manager - INFO - SessionManager initialized successfully
2025-06-01 20:22:26,120 - session_manager - INFO - SignalDeduplicator initialized successfully
2025-06-01 20:22:26,136 - __main__ - INFO - Initializing Telegram client...
2025-06-01 20:22:26,186 - telethon.network.mtprotosender - INFO - Connecting to 149.154.167.91:443/TcpFull...
2025-06-01 20:22:26,197 - telethon.network.mtprotosender - INFO - Connection to 149.154.167.91:443/TcpFull complete!
2025-06-01 20:22:26,385 - __main__ - INFO - Started Telegram client in user account mode
2025-06-01 20:22:26,385 - __main__ - INFO - Already authenticated using existing session
2025-06-01 20:22:26,402 - __main__ - INFO - Logged in as: Pieter Stanton (@piet43)
2025-06-01 20:22:26,403 - __main__ - INFO - Initializing Pocket Option client (Demo mode: False)
2025-06-01 20:22:26,414 - __main__ - INFO - Successfully connected to Pocket Option API
2025-06-01 20:22:29,418 - __main__ - INFO - Account balance: None
2025-06-01 20:22:29,428 - __main__ - INFO - Subscription to favorite pairs is currently disabled due to API limitations.
2025-06-01 20:22:29,430 - __main__ - INFO - JSON storage initialized successfully
2025-06-01 20:22:29,431 - __main__ - INFO - No existing session found by SessionManager. Attempting to start a new session.
2025-06-01 20:22:29,432 - __main__ - ERROR - Cannot start new session: Daily session limit reached: 2/1
2025-06-01 20:22:29,432 - __main__ - ERROR - Failed to initialize session management. Exiting...
2025-06-01 20:31:13,675 - __main__ - INFO - Using 'sessions' for session-related data files.
2025-06-01 20:31:13,901 - session_manager - INFO - SessionManager initialized successfully
2025-06-01 20:31:13,917 - session_manager - INFO - SignalDeduplicator initialized successfully
2025-06-01 20:31:13,928 - __main__ - INFO - Initializing Telegram client...
2025-06-01 20:31:14,118 - telethon.network.mtprotosender - INFO - Connecting to 149.154.167.91:443/TcpFull...
2025-06-01 20:31:14,133 - telethon.network.mtprotosender - INFO - Connection to 149.154.167.91:443/TcpFull complete!
2025-06-01 20:31:14,390 - __main__ - INFO - Started Telegram client in user account mode
2025-06-01 20:31:14,416 - __main__ - INFO - Already authenticated using existing session
2025-06-01 20:31:14,448 - __main__ - INFO - Logged in as: Pieter Stanton (@piet43)
2025-06-01 20:31:14,518 - __main__ - INFO - Initializing Pocket Option client (Demo mode: False)
2025-06-01 20:31:14,672 - __main__ - INFO - Successfully connected to Pocket Option API
2025-06-01 20:31:17,732 - __main__ - INFO - Account balance: None
2025-06-01 20:31:17,837 - __main__ - INFO - Subscription to favorite pairs is currently disabled due to API limitations.
2025-06-01 20:31:17,840 - __main__ - INFO - JSON storage initialized successfully
2025-06-01 20:31:17,841 - __main__ - INFO - No existing session found by SessionManager. Attempting to start a new session.
2025-06-01 20:31:17,841 - session_manager - ERROR - Error getting sessions for date: Expecting value: line 1 column 1 (char 0)
2025-06-01 20:31:17,842 - session_manager - ERROR - Error getting sessions for date: Expecting value: line 1 column 1 (char 0)
2025-06-01 20:31:18,029 - session_manager - ERROR - Error saving session: Expecting value: line 1 column 1 (char 0)
2025-06-01 20:31:18,047 - session_manager - INFO - New session started: session_20250601_223118
2025-06-01 20:31:18,053 - __main__ - INFO - ✅ Session management initialized with new session: session_20250601_223118
2025-06-01 20:31:21,071 - __main__ - ERROR - Failed to retrieve balance after multiple attempts
2025-06-01 20:31:21,071 - __main__ - ERROR - Could not fetch balance, using default trade amount
2025-06-01 20:31:21,072 - __main__ - INFO - ✅ Self Bot v1.5 initialized successfully
2025-06-01 20:31:21,072 - __main__ - INFO - 💰 REAL TRADING MODE ENABLED
2025-06-01 20:31:21,073 - __main__ - INFO - Bot is now monitoring for signals...
2025-06-01 20:31:21,073 - __main__ - INFO - Accessing channel: BINARY TRADING CLUB
2025-06-01 20:31:21,106 - __main__ - INFO - Accessed channel by ID: BINARY TRADING CLUB
2025-06-01 20:31:21,107 - __main__ - INFO - Starting monitoring of channel: BINARY TRADING CLUB
2025-06-01 20:31:21,108 - __main__ - INFO - Event handler registered. Waiting for signals...
2025-06-01 20:36:05,553 - __main__ - INFO - Shutting down Self Bot...
2025-06-01 20:36:05,559 - telethon.network.mtprotosender - INFO - Disconnecting from 149.154.167.91:443/TcpFull...
2025-06-01 20:36:05,559 - telethon.network.mtprotosender - INFO - Disconnection from 149.154.167.91:443/TcpFull complete!
2025-06-01 20:44:36,903 - __main__ - INFO - Using 'sessions' for session-related data files.
2025-06-01 20:44:37,088 - session_manager - INFO - Found externally started active session in sessions\active_session.json: session_20250601_223118
2025-06-01 20:44:37,094 - session_manager - INFO - Successfully loaded and adopted active session from sessions\active_session.json: session_20250601_223118
2025-06-01 20:44:37,188 - session_manager - INFO - SessionManager initialized successfully
2025-06-01 20:44:37,220 - session_manager - INFO - SignalDeduplicator initialized successfully
2025-06-01 20:44:37,337 - __main__ - INFO - Initializing Telegram client...
2025-06-01 20:44:37,710 - telethon.network.mtprotosender - INFO - Connecting to 149.154.167.91:443/TcpFull...
2025-06-01 20:44:37,745 - telethon.network.mtprotosender - INFO - Connection to 149.154.167.91:443/TcpFull complete!
2025-06-01 20:44:38,263 - __main__ - INFO - Started Telegram client in user account mode
2025-06-01 20:44:38,268 - __main__ - INFO - Already authenticated using existing session
2025-06-01 20:44:38,294 - __main__ - INFO - Logged in as: Pieter Stanton (@piet43)
2025-06-01 20:44:38,482 - __main__ - INFO - Initializing Pocket Option client (Demo mode: False)
2025-06-01 20:44:38,587 - __main__ - INFO - Successfully connected to Pocket Option API
2025-06-01 20:44:41,650 - __main__ - INFO - Account balance: None
2025-06-01 20:44:41,657 - __main__ - INFO - Subscription to favorite pairs is currently disabled due to API limitations.
2025-06-01 20:44:41,658 - __main__ - INFO - JSON storage initialized successfully
2025-06-01 20:44:41,658 - __main__ - INFO - Using already loaded session: session_20250601_223118
2025-06-01 20:44:41,660 - __main__ - WARNING - Could not get current balance for loaded session session_20250601_223118; balance_start may be stale.
2025-06-01 20:44:41,660 - __main__ - INFO - ✅ Session management initialized with existing session: session_20250601_223118
2025-06-01 20:44:44,667 - __main__ - ERROR - Failed to retrieve balance after multiple attempts
2025-06-01 20:44:44,668 - __main__ - ERROR - Could not fetch balance, using default trade amount
2025-06-01 20:44:44,669 - __main__ - INFO - ✅ Self Bot v1.5 initialized successfully
2025-06-01 20:44:44,669 - __main__ - INFO - 💰 REAL TRADING MODE ENABLED
2025-06-01 20:44:44,670 - __main__ - INFO - Bot is now monitoring for signals...
2025-06-01 20:44:44,670 - __main__ - INFO - Accessing channel: BINARY TRADING CLUB
2025-06-01 20:44:44,702 - __main__ - INFO - Accessed channel by ID: BINARY TRADING CLUB
2025-06-01 20:44:44,783 - __main__ - INFO - Starting monitoring of channel: BINARY TRADING CLUB
2025-06-01 20:44:44,897 - __main__ - INFO - Event handler registered. Waiting for signals...
2025-06-01 20:45:05,812 - __main__ - INFO - Shutting down Self Bot...
2025-06-01 20:45:05,813 - telethon.network.mtprotosender - INFO - Disconnecting from 149.154.167.91:443/TcpFull...
2025-06-01 20:45:05,813 - telethon.network.mtprotosender - INFO - Disconnection from 149.154.167.91:443/TcpFull complete!
2025-06-01 20:51:39,012 - __main__ - INFO - Using 'sessions' for session-related data files.
2025-06-01 20:51:39,063 - session_manager - INFO - Found externally started active session in sessions\active_session.json: session_20250601_223118
2025-06-01 20:51:39,064 - session_manager - INFO - Successfully loaded and adopted active session from sessions\active_session.json: session_20250601_223118
2025-06-01 20:51:39,065 - session_manager - INFO - SessionManager initialized successfully
2025-06-01 20:51:39,065 - session_manager - INFO - SignalDeduplicator initialized successfully
2025-06-01 20:51:39,067 - __main__ - INFO - Initializing Telegram client...
2025-06-01 20:51:39,094 - telethon.network.mtprotosender - INFO - Connecting to 149.154.167.91:443/TcpFull...
2025-06-01 20:51:39,105 - telethon.network.mtprotosender - INFO - Connection to 149.154.167.91:443/TcpFull complete!
2025-06-01 20:51:39,226 - __main__ - INFO - Started Telegram client in user account mode
2025-06-01 20:51:39,227 - __main__ - INFO - Already authenticated using existing session
2025-06-01 20:51:39,241 - __main__ - INFO - Logged in as: Pieter Stanton (@piet43)
2025-06-01 20:51:39,241 - __main__ - INFO - Initializing Pocket Option client (Demo mode: False)
2025-06-01 20:51:39,242 - __main__ - INFO - Successfully connected to Pocket Option API
2025-06-01 20:51:40,244 - __main__ - INFO - Account balance: 84.02
2025-06-01 20:51:40,246 - __main__ - DEBUG - Created backup: sessions\session_data.json.backup
2025-06-01 20:51:40,249 - __main__ - INFO - Subscription to favorite pairs is currently disabled due to API limitations.
2025-06-01 20:51:40,251 - __main__ - INFO - JSON storage initialized successfully
2025-06-01 20:51:40,251 - __main__ - INFO - Using already loaded session: session_20250601_223118
2025-06-01 20:51:40,251 - session_manager - ERROR - Error saving session: Expecting value: line 1 column 1 (char 0)
2025-06-01 20:51:40,255 - __main__ - INFO - Updated balance_start for loaded session session_20250601_223118 to 84.02
2025-06-01 20:51:40,255 - __main__ - INFO - ✅ Session management initialized with existing session: session_20250601_223118
2025-06-01 20:51:40,261 - __main__ - INFO - 💰 Current Balance: $84.02
2025-06-01 20:52:41,356 - __main__ - INFO - 💵 Custom Amount: $4.50
2025-06-01 20:52:47,515 - __main__ - INFO - ✅ Trading amount set to $4.50 for this session
2025-06-01 20:52:47,517 - __main__ - DEBUG - Created backup: sessions\session_data.json.backup
2025-06-01 20:52:47,521 - __main__ - INFO - ✅ Self Bot v1.5 initialized successfully
2025-06-01 20:52:47,521 - __main__ - INFO - 💰 REAL TRADING MODE ENABLED
2025-06-01 20:52:47,521 - __main__ - INFO - Bot is now monitoring for signals...
2025-06-01 20:52:47,521 - __main__ - INFO - Accessing channel: BINARY TRADING CLUB
2025-06-01 20:52:47,544 - __main__ - INFO - Accessed channel by ID: BINARY TRADING CLUB
2025-06-01 20:52:47,544 - __main__ - INFO - Starting monitoring of channel: BINARY TRADING CLUB
2025-06-01 20:52:47,544 - __main__ - INFO - Event handler registered. Waiting for signals...
2025-06-01 21:00:00,260 - telethon.client.updates - INFO - Got difference for channel 2412213735 updates
2025-06-01 21:00:00,267 - __main__ - INFO - 📨 Received message: ?Get ready to earn! Starting soon!

In this session we will use these trading pairs:

**AUD/USD (OTC...
2025-06-01 21:00:00,268 - __main__ - INFO - 📨 Received message: **? The trading session has already started! Let's go!**...
2025-06-01 21:00:04,068 - __main__ - INFO - 📨 Received message: **?Trading Pair: AUD/CHF (OTC)**...
2025-06-01 21:00:04,068 - __main__ - INFO - Parsed first message: Trading pair = AUD/CHF
2025-06-01 21:00:13,790 - __main__ - INFO - 📨 Received message: ?SET THE TIMER TO 00:01:00?

First signal: Currency pair AUD/CHF 
LOWER  ?
Trade time: 1 MIN...
2025-06-01 21:00:13,791 - __main__ - INFO - ✅ PARSED SIGNAL: {'timer': '00:01:00', 'pair': 'AUD/CHF', 'direction': 'LOWER', 'expiry': 1}
2025-06-01 21:00:13,791 - __main__ - INFO - 🎯 COMPLETE SIGNAL DETECTED: {'pair': 'AUD/CHF', 'timer': '00:01:00', 'direction': 'LOWER', 'expiry': 1, 'timestamp': '2025-06-01T23:00:13.791073+02:00', 'id': 'signal_20250601_210013_001', 'session_id': 'session_20250601_223118'}
2025-06-01 21:00:13,793 - __main__ - DEBUG - Saving signal with ID: signal_20250601_210013_001
2025-06-01 21:00:13,794 - __main__ - DEBUG - Created backup: sessions\signals_history.json.backup
2025-06-01 21:00:13,797 - __main__ - INFO - 🚀 EXECUTING TRADE IMMEDIATELY
2025-06-01 21:00:13,797 - timestamp_recorder - INFO - Trade execution timestamp recorded: trade_20250601_210013_001 (Delay: 4.9ms)
2025-06-01 21:00:13,797 - __main__ - INFO - 🎯 Using OTC pair: AUDCHF_otc for signal pair: AUD/CHF
2025-06-01 21:00:13,798 - __main__ - DEBUG - Saving trade with ID: trade_20250601_210013_001
2025-06-01 21:00:13,799 - __main__ - DEBUG - Created backup: sessions\trades_history.json.backup
2025-06-01 21:00:13,802 - __main__ - DEBUG - Created backup: sessions\session_data.json.backup
2025-06-01 21:00:13,804 - __main__ - INFO - 🚀 EXECUTING TRADE: AUDCHF_otc PUT $4.5 (expiry: 60s)
2025-06-01 21:00:13,804 - __main__ - INFO - 💰 REAL TRADING MODE: Executing actual trade on Pocket Option platform
2025-06-01 21:00:13,907 - __main__ - INFO - ✅ REAL TRADE EXECUTED: AUDCHF_otc PUT $4.5 - Trade ID: c27dbe79-13b5-488a-9592-3dfb4bd63724
2025-06-01 21:00:13,907 - __main__ - DEBUG - Saving trade with ID: trade_20250601_210013_001
2025-06-01 21:00:13,909 - __main__ - DEBUG - Created backup: sessions\trades_history.json.backup
2025-06-01 21:01:18,913 - __main__ - INFO - 🔍 Checking trade result for trade ID: c27dbe79-13b5-488a-9592-3dfb4bd63724
2025-06-01 21:01:18,913 - __main__ - ERROR - Error checking trade result: '>' not supported between instances of 'tuple' and 'int'
2025-06-01 21:01:18,915 - __main__ - DEBUG - Saving trade with ID: trade_20250601_210013_001
2025-06-01 21:01:18,917 - __main__ - DEBUG - Created backup: sessions\trades_history.json.backup
2025-06-01 21:01:25,490 - __main__ - INFO - 📨 Received message: Signal result: +$0...
2025-06-01 21:01:34,226 - __main__ - INFO - 📨 Received message: ?Bad luck...
2025-06-01 21:01:40,346 - __main__ - INFO - 📨 Received message: **?Trading Pair: AUD/NZD (OTC)**...
2025-06-01 21:01:40,346 - __main__ - INFO - Parsed first message: Trading pair = AUD/NZD
2025-06-01 21:01:51,133 - __main__ - INFO - 📨 Received message: ?SET THE TIMER TO 00:01:00?

Second signal: Currency pair AUD/NZD 
HIGHER ? 
Trade time: 1 MIN...
2025-06-01 21:01:51,134 - __main__ - INFO - ✅ PARSED SIGNAL: {'timer': '00:01:00', 'pair': 'AUD/NZD', 'direction': 'HIGHER', 'expiry': 1}
2025-06-01 21:01:51,134 - __main__ - INFO - 🎯 COMPLETE SIGNAL DETECTED: {'pair': 'AUD/NZD', 'timer': '00:01:00', 'direction': 'HIGHER', 'expiry': 1, 'timestamp': '2025-06-01T23:01:51.134416+02:00', 'id': 'signal_20250601_210151_002', 'session_id': 'session_20250601_223118'}
2025-06-01 21:01:51,136 - __main__ - DEBUG - Saving signal with ID: signal_20250601_210151_002
2025-06-01 21:01:51,138 - __main__ - DEBUG - Created backup: sessions\signals_history.json.backup
2025-06-01 21:01:51,140 - __main__ - INFO - 🚀 EXECUTING TRADE IMMEDIATELY
2025-06-01 21:01:51,141 - timestamp_recorder - INFO - Trade execution timestamp recorded: trade_20250601_210151_002 (Delay: 5.4ms)
2025-06-01 21:01:51,141 - __main__ - INFO - 🎯 Using OTC pair: AUDNZD_otc for signal pair: AUD/NZD
2025-06-01 21:01:51,142 - __main__ - DEBUG - Saving trade with ID: trade_20250601_210151_002
2025-06-01 21:01:51,143 - __main__ - DEBUG - Created backup: sessions\trades_history.json.backup
2025-06-01 21:01:51,145 - __main__ - DEBUG - Created backup: sessions\session_data.json.backup
2025-06-01 21:01:51,147 - __main__ - INFO - 🚀 EXECUTING TRADE: AUDNZD_otc CALL $4.5 (expiry: 60s)
2025-06-01 21:01:51,147 - __main__ - INFO - 💰 REAL TRADING MODE: Executing actual trade on Pocket Option platform
2025-06-01 21:01:51,250 - __main__ - INFO - ✅ REAL TRADE EXECUTED: AUDNZD_otc CALL $4.5 - Trade ID: 507f5a24-909b-4564-913d-6a18fd160d05
2025-06-01 21:01:51,250 - __main__ - DEBUG - Saving trade with ID: trade_20250601_210151_002
2025-06-01 21:01:51,252 - __main__ - DEBUG - Created backup: sessions\trades_history.json.backup
2025-06-01 21:02:56,258 - __main__ - INFO - 🔍 Checking trade result for trade ID: 507f5a24-909b-4564-913d-6a18fd160d05
2025-06-01 21:02:56,258 - __main__ - ERROR - Error checking trade result: '>' not supported between instances of 'tuple' and 'int'
2025-06-01 21:02:56,259 - __main__ - DEBUG - Saving trade with ID: trade_20250601_210151_002
2025-06-01 21:02:56,261 - __main__ - DEBUG - Created backup: sessions\trades_history.json.backup
2025-06-01 21:02:59,311 - __main__ - INFO - 📨 Received message: Signal result: +$644...
2025-06-01 21:03:07,973 - __main__ - INFO - 📨 Received message: ?Wonderful trade...
2025-06-01 21:03:08,601 - telethon.client.updates - INFO - Got difference for account updates
2025-06-01 21:03:14,305 - __main__ - INFO - 📨 Received message: **?Trading Pair: AUD/USD (OTC)**...
2025-06-01 21:03:14,305 - __main__ - INFO - Parsed first message: Trading pair = AUD/USD
2025-06-01 21:03:23,898 - __main__ - INFO - 📨 Received message: ?SET THE TIMER TO 00:01:00?

Third signal: Currency pair AUD/USD 
HIGHER ? 
Trade time: 1 MIN...
2025-06-01 21:03:23,898 - __main__ - INFO - ✅ PARSED SIGNAL: {'timer': '00:01:00', 'pair': 'AUD/USD', 'direction': 'HIGHER', 'expiry': 1}
2025-06-01 21:03:23,898 - __main__ - INFO - 🎯 COMPLETE SIGNAL DETECTED: {'pair': 'AUD/USD', 'timer': '00:01:00', 'direction': 'HIGHER', 'expiry': 1, 'timestamp': '2025-06-01T23:03:23.898533+02:00', 'id': 'signal_20250601_210323_003', 'session_id': 'session_20250601_223118'}
2025-06-01 21:03:23,900 - __main__ - DEBUG - Saving signal with ID: signal_20250601_210323_003
2025-06-01 21:03:23,902 - __main__ - DEBUG - Created backup: sessions\signals_history.json.backup
2025-06-01 21:03:23,904 - __main__ - INFO - 🚀 EXECUTING TRADE IMMEDIATELY
2025-06-01 21:03:23,904 - timestamp_recorder - INFO - Trade execution timestamp recorded: trade_20250601_210323_003 (Delay: 4.8ms)
2025-06-01 21:03:23,904 - __main__ - INFO - 🎯 Using OTC pair: AUDUSD_otc for signal pair: AUD/USD
2025-06-01 21:03:23,906 - __main__ - DEBUG - Saving trade with ID: trade_20250601_210323_003
2025-06-01 21:03:23,906 - __main__ - DEBUG - Created backup: sessions\trades_history.json.backup
2025-06-01 21:03:23,910 - __main__ - DEBUG - Created backup: sessions\session_data.json.backup
2025-06-01 21:03:23,912 - __main__ - INFO - 🚀 EXECUTING TRADE: AUDUSD_otc CALL $4.5 (expiry: 60s)
2025-06-01 21:03:23,912 - __main__ - INFO - 💰 REAL TRADING MODE: Executing actual trade on Pocket Option platform
2025-06-01 21:03:24,014 - __main__ - INFO - ✅ REAL TRADE EXECUTED: AUDUSD_otc CALL $4.5 - Trade ID: 363c4359-9268-4fe9-8ddd-323a5f066126
2025-06-01 21:03:24,014 - __main__ - DEBUG - Saving trade with ID: trade_20250601_210323_003
2025-06-01 21:03:24,016 - __main__ - DEBUG - Created backup: sessions\trades_history.json.backup
2025-06-01 21:04:08,677 - telethon.client.updates - INFO - Got difference for account updates
2025-06-01 21:04:29,022 - __main__ - INFO - 🔍 Checking trade result for trade ID: 363c4359-9268-4fe9-8ddd-323a5f066126
2025-06-01 21:04:29,022 - __main__ - ERROR - Error checking trade result: '>' not supported between instances of 'tuple' and 'int'
2025-06-01 21:04:29,022 - __main__ - DEBUG - Saving trade with ID: trade_20250601_210323_003
2025-06-01 21:04:29,024 - __main__ - DEBUG - Created backup: sessions\trades_history.json.backup
2025-06-01 21:04:30,117 - __main__ - INFO - 📨 Received message: Signal result: +$644...
2025-06-01 21:04:38,439 - __main__ - INFO - 📨 Received message: ?Excellent result!...
2025-06-01 21:04:46,227 - __main__ - INFO - 📨 Received message: **?Trading Pair: AUD/CHF (OTC)**...
2025-06-01 21:04:46,227 - __main__ - INFO - Parsed first message: Trading pair = AUD/CHF
2025-06-01 21:04:55,254 - telethon.client.updates - INFO - Got difference for account updates
2025-06-01 21:04:57,275 - __main__ - INFO - 📨 Received message: ?SET THE TIMER TO 00:01:00?

Fourth signal: Currency pair AUD/CHF  
LOWER  ?
Trade time: 1 MIN...
2025-06-01 21:04:57,275 - __main__ - INFO - ✅ PARSED SIGNAL: {'timer': '00:01:00', 'pair': 'AUD/CHF', 'direction': 'LOWER', 'expiry': 1}
2025-06-01 21:04:57,276 - __main__ - INFO - 🎯 COMPLETE SIGNAL DETECTED: {'pair': 'AUD/CHF', 'timer': '00:01:00', 'direction': 'LOWER', 'expiry': 1, 'timestamp': '2025-06-01T23:04:57.276315+02:00', 'id': 'signal_20250601_210457_004', 'session_id': 'session_20250601_223118'}
2025-06-01 21:04:57,278 - __main__ - DEBUG - Saving signal with ID: signal_20250601_210457_004
2025-06-01 21:04:57,279 - __main__ - DEBUG - Created backup: sessions\signals_history.json.backup
2025-06-01 21:04:57,282 - __main__ - INFO - 🚀 EXECUTING TRADE IMMEDIATELY
2025-06-01 21:04:57,282 - timestamp_recorder - INFO - Trade execution timestamp recorded: trade_20250601_210457_004 (Delay: 4.9ms)
2025-06-01 21:04:57,282 - __main__ - INFO - 🎯 Using OTC pair: AUDCHF_otc for signal pair: AUD/CHF
2025-06-01 21:04:57,282 - __main__ - DEBUG - Saving trade with ID: trade_20250601_210457_004
2025-06-01 21:04:57,284 - __main__ - DEBUG - Created backup: sessions\trades_history.json.backup
2025-06-01 21:04:57,288 - __main__ - DEBUG - Created backup: sessions\session_data.json.backup
2025-06-01 21:04:57,290 - __main__ - INFO - 🚀 EXECUTING TRADE: AUDCHF_otc PUT $4.5 (expiry: 60s)
2025-06-01 21:04:57,290 - __main__ - INFO - 💰 REAL TRADING MODE: Executing actual trade on Pocket Option platform
2025-06-01 21:04:57,392 - __main__ - INFO - ✅ REAL TRADE EXECUTED: AUDCHF_otc PUT $4.5 - Trade ID: 666e7a1b-c9e3-4eed-9bc1-02bd7078b297
2025-06-01 21:04:57,392 - __main__ - DEBUG - Saving trade with ID: trade_20250601_210457_004
2025-06-01 21:04:57,394 - __main__ - DEBUG - Created backup: sessions\trades_history.json.backup
2025-06-01 21:06:02,400 - __main__ - INFO - 🔍 Checking trade result for trade ID: 666e7a1b-c9e3-4eed-9bc1-02bd7078b297
2025-06-01 21:06:02,401 - __main__ - ERROR - Error checking trade result: '>' not supported between instances of 'tuple' and 'int'
2025-06-01 21:06:02,401 - __main__ - DEBUG - Saving trade with ID: trade_20250601_210457_004
2025-06-01 21:06:02,404 - __main__ - DEBUG - Created backup: sessions\trades_history.json.backup
2025-06-01 21:06:03,707 - __main__ - INFO - 📨 Received message: Signal result: +$644...
2025-06-01 21:06:08,666 - telethon.client.updates - INFO - Got difference for account updates
2025-06-01 21:06:12,863 - __main__ - INFO - 📨 Received message: ?Stability, the key to success...
2025-06-01 21:07:08,515 - telethon.client.updates - INFO - Got difference for account updates
2025-06-01 21:08:17,586 - __main__ - INFO - 📨 Received message: ? Congratulations to the Private Trading Club participants on a successful trading session! ?  
  
R...
2025-06-01 21:10:59,870 - __main__ - INFO - Shutting down Self Bot...
2025-06-01 21:10:59,872 - telethon.network.mtprotosender - INFO - Disconnecting from 149.154.167.91:443/TcpFull...
2025-06-01 21:10:59,872 - telethon.network.mtprotosender - INFO - Disconnection from 149.154.167.91:443/TcpFull complete!
2025-06-02 10:45:49,477 - __main__ - INFO - Using 'sessions' for session-related data files.
2025-06-02 10:45:49,651 - session_manager - INFO - SessionManager initialized successfully
2025-06-02 10:45:49,653 - session_manager - INFO - SignalDeduplicator initialized successfully
2025-06-02 10:45:49,653 - __main__ - INFO - Initializing Telegram client...
2025-06-02 10:45:49,700 - telethon.network.mtprotosender - INFO - Connecting to 149.154.167.91:443/TcpFull...
2025-06-02 10:45:49,710 - telethon.network.mtprotosender - INFO - Connection to 149.154.167.91:443/TcpFull complete!
2025-06-02 10:45:49,856 - __main__ - INFO - Started Telegram client in user account mode
2025-06-02 10:45:49,856 - __main__ - INFO - Already authenticated using existing session
2025-06-02 10:45:49,874 - __main__ - INFO - Logged in as: Pieter Stanton (@piet43)
2025-06-02 10:45:49,874 - __main__ - INFO - Initializing Pocket Option client (Demo mode: False)
2025-06-02 10:45:49,876 - __main__ - INFO - Successfully connected to Pocket Option API
2025-06-02 10:45:52,877 - __main__ - INFO - Account balance: None
2025-06-02 10:45:52,882 - __main__ - INFO - Subscription to favorite pairs is currently disabled due to API limitations.
2025-06-02 10:45:52,883 - __main__ - INFO - JSON storage initialized successfully
2025-06-02 10:45:52,883 - __main__ - INFO - No existing session found by SessionManager. Attempting to start a new session.
2025-06-02 10:45:52,886 - session_manager - INFO - New session started: session_20250602_124552
2025-06-02 10:45:52,888 - __main__ - INFO - ✅ Session management initialized with new session: session_20250602_124552
2025-06-02 10:45:55,889 - __main__ - ERROR - Failed to retrieve balance after multiple attempts
2025-06-02 10:45:55,889 - __main__ - ERROR - Could not fetch balance, using default trade amount
2025-06-02 10:45:55,889 - __main__ - INFO - ✅ Self Bot v1.5 initialized successfully
2025-06-02 10:45:55,889 - __main__ - INFO - 💰 REAL TRADING MODE ENABLED
2025-06-02 10:45:55,889 - __main__ - INFO - Bot is now monitoring for signals...
2025-06-02 10:45:55,889 - __main__ - INFO - Accessing channel: BINARY TRADING CLUB
2025-06-02 10:45:55,980 - __main__ - INFO - Accessed channel by ID: BINARY TRADING CLUB
2025-06-02 10:45:55,980 - __main__ - INFO - Starting monitoring of channel: BINARY TRADING CLUB
2025-06-02 10:45:55,980 - __main__ - INFO - Event handler registered. Waiting for signals...
2025-06-02 10:46:16,530 - __main__ - INFO - Shutting down Self Bot...
2025-06-02 10:46:16,532 - telethon.network.mtprotosender - INFO - Disconnecting from 149.154.167.91:443/TcpFull...
2025-06-02 10:46:16,533 - telethon.network.mtprotosender - INFO - Disconnection from 149.154.167.91:443/TcpFull complete!
2025-06-02 11:01:44,301 - __main__ - INFO - Using 'sessions' for session-related data files.
2025-06-02 11:01:44,381 - session_manager - INFO - Found externally started active session in sessions\active_session.json: session_20250602_124552
2025-06-02 11:01:44,383 - session_manager - INFO - Successfully loaded and adopted active session from sessions\active_session.json: session_20250602_124552
2025-06-02 11:01:44,385 - session_manager - INFO - SessionManager initialized successfully
2025-06-02 11:01:44,385 - session_manager - INFO - SignalDeduplicator initialized successfully
2025-06-02 11:01:44,385 - __main__ - INFO - Initializing Telegram client...
2025-06-02 11:01:44,413 - telethon.network.mtprotosender - INFO - Connecting to 149.154.167.91:443/TcpFull...
2025-06-02 11:01:44,422 - telethon.network.mtprotosender - INFO - Connection to 149.154.167.91:443/TcpFull complete!
2025-06-02 11:01:44,589 - __main__ - INFO - Started Telegram client in user account mode
2025-06-02 11:01:44,590 - __main__ - INFO - Already authenticated using existing session
2025-06-02 11:01:44,608 - __main__ - INFO - Logged in as: Pieter Stanton (@piet43)
2025-06-02 11:01:44,609 - __main__ - INFO - Initializing Pocket Option client (Demo mode: False)
2025-06-02 11:01:44,615 - __main__ - INFO - Successfully connected to Pocket Option API
2025-06-02 11:01:45,616 - __main__ - INFO - Account balance: 92.23
2025-06-02 11:01:45,620 - __main__ - INFO - Subscription to favorite pairs is currently disabled due to API limitations.
2025-06-02 11:01:45,620 - __main__ - INFO - JSON storage initialized successfully
2025-06-02 11:01:45,620 - __main__ - INFO - Using already loaded session: session_20250602_124552
2025-06-02 11:01:45,622 - __main__ - INFO - Updated balance_start for loaded session session_20250602_124552 to 92.23
2025-06-02 11:01:45,623 - __main__ - INFO - ✅ Session management initialized with existing session: session_20250602_124552
2025-06-02 11:01:45,623 - __main__ - INFO - 💰 Current Balance: $92.23
2025-06-02 11:03:16,646 - __main__ - INFO - 💵 Calculated Amount: $1.84
2025-06-02 11:03:26,677 - __main__ - INFO - ✅ Trading amount set to $1.84 for this session
2025-06-02 11:03:26,683 - __main__ - INFO - ✅ Self Bot v1.5 initialized successfully
2025-06-02 11:03:26,684 - __main__ - INFO - 💰 REAL TRADING MODE ENABLED
2025-06-02 11:03:26,685 - __main__ - INFO - Bot is now monitoring for signals...
2025-06-02 11:03:26,685 - __main__ - INFO - Accessing channel: BINARY TRADING CLUB
2025-06-02 11:03:26,727 - __main__ - INFO - Accessed channel by ID: BINARY TRADING CLUB
2025-06-02 11:03:26,727 - __main__ - INFO - Starting monitoring of channel: BINARY TRADING CLUB
2025-06-02 11:03:26,727 - __main__ - INFO - Event handler registered. Waiting for signals...
2025-06-02 11:04:43,709 - __main__ - INFO - Shutting down Self Bot...
2025-06-02 11:04:43,711 - telethon.network.mtprotosender - INFO - Disconnecting from 149.154.167.91:443/TcpFull...
2025-06-02 11:04:43,712 - telethon.network.mtprotosender - INFO - Disconnection from 149.154.167.91:443/TcpFull complete!
2025-06-02 13:28:20,529 - __main__ - INFO - Using 'sessions' for session-related data files.
2025-06-02 13:28:20,581 - session_manager - INFO - Found externally started active session in sessions\active_session.json: SE1-202500602T14UTC
2025-06-02 13:28:20,583 - session_manager - INFO - Successfully loaded and adopted active session from sessions\active_session.json: SE1-202500602T14UTC
2025-06-02 13:28:20,585 - session_manager - INFO - SessionManager initialized successfully
2025-06-02 13:28:20,586 - session_manager - INFO - SignalDeduplicator initialized successfully
2025-06-02 13:28:20,586 - __main__ - INFO - Initializing Telegram client...
2025-06-02 13:28:20,608 - telethon.network.mtprotosender - INFO - Connecting to 149.154.167.91:443/TcpFull...
2025-06-02 13:28:20,625 - telethon.network.mtprotosender - INFO - Connection to 149.154.167.91:443/TcpFull complete!
2025-06-02 13:28:20,751 - __main__ - INFO - Started Telegram client in user account mode
2025-06-02 13:28:20,752 - __main__ - INFO - Already authenticated using existing session
2025-06-02 13:28:20,768 - __main__ - INFO - Logged in as: Pieter Stanton (@piet43)
2025-06-02 13:28:20,768 - __main__ - INFO - Initializing Pocket Option client (Demo mode: False)
2025-06-02 13:28:20,770 - __main__ - INFO - Successfully connected to Pocket Option API
2025-06-02 13:28:21,772 - __main__ - INFO - Account balance: 121.23
2025-06-02 13:28:21,774 - __main__ - DEBUG - Created backup: sessions\session_data.json.backup
2025-06-02 13:28:21,777 - __main__ - INFO - Subscription to favorite pairs is currently disabled due to API limitations.
2025-06-02 13:28:21,779 - __main__ - INFO - JSON storage initialized successfully
2025-06-02 13:28:21,779 - __main__ - INFO - Using already loaded session: SE1-202500602T14UTC
2025-06-02 13:28:21,782 - __main__ - INFO - Updated balance_start for loaded session SE1-202500602T14UTC to 121.23
2025-06-02 13:28:21,782 - __main__ - INFO - ✅ Session management initialized with existing session: SE1-202500602T14UTC
2025-06-02 13:28:21,782 - __main__ - INFO - 💰 Current Balance: $121.23
2025-06-02 13:29:06,520 - __main__ - INFO - 💵 Custom Amount: $12.00
2025-06-02 13:29:12,420 - __main__ - INFO - ✅ Trading amount set to $12.00 for this session
2025-06-02 13:29:12,422 - __main__ - DEBUG - Created backup: sessions\session_data.json.backup
2025-06-02 13:29:12,425 - __main__ - INFO - ✅ Self Bot v1.5 initialized successfully
2025-06-02 13:29:12,425 - __main__ - INFO - 💰 REAL TRADING MODE ENABLED
2025-06-02 13:29:12,426 - __main__ - INFO - Bot is now monitoring for signals...
2025-06-02 13:29:12,426 - __main__ - INFO - Accessing channel: BINARY TRADING CLUB
2025-06-02 13:29:12,448 - __main__ - INFO - Accessed channel by ID: BINARY TRADING CLUB
2025-06-02 13:29:12,449 - __main__ - INFO - Starting monitoring of channel: BINARY TRADING CLUB
2025-06-02 13:29:12,449 - __main__ - INFO - Event handler registered. Waiting for signals...
2025-06-02 13:30:14,881 - __main__ - INFO - 📨 Received message: ? **We?re starting our first session in 30 minutes ? get ready for results!** ?

**The time has star...
2025-06-02 13:34:18,505 - telethon.network.connection.connection - WARNING - Server closed the connection: [WinError 64] The specified network name is no longer available
2025-06-02 13:34:18,506 - telethon.network.mtprotosender - INFO - Connection closed while receiving data: [WinError 64] The specified network name is no longer available
2025-06-02 13:34:18,507 - telethon.network.mtprotosender - INFO - Closing current connection to begin reconnect...
2025-06-02 13:34:18,507 - telethon.network.mtprotosender - INFO - Connecting to 149.154.167.91:443/TcpFull...
2025-06-02 13:34:18,507 - telethon.network.connection.connection - INFO - <class 'ConnectionResetError'> during disconnect: [WinError 64] The specified network name is no longer available
2025-06-02 13:34:18,514 - telethon.network.mtprotosender - INFO - Connection to 149.154.167.91:443/TcpFull complete!
2025-06-02 13:49:59,433 - __main__ - INFO - 📨 Received message: ?Get ready to earn! Starting soon!

In this session we will use these trading pairs:

**EUR/USD (OTC...
2025-06-02 14:00:50,665 - __main__ - INFO - 📨 Received message: **? The trading session has already started! Let's go!**...
2025-06-02 14:01:00,283 - __main__ - INFO - 📨 Received message: **?Trading Pair: EUR/USD (OTC)**...
2025-06-02 14:01:00,285 - __main__ - INFO - Parsed first message: Trading pair = EUR/USD
2025-06-02 14:01:12,403 - __main__ - INFO - 📨 Received message: ?SET THE TIMER TO 00:01:00?

First signal: Currency pair EUR/USD 
LOWER  ?
Trade time: 1 MIN...
2025-06-02 14:01:12,405 - __main__ - INFO - ✅ PARSED SIGNAL: {'timer': '00:01:00', 'pair': 'EUR/USD', 'direction': 'LOWER', 'expiry': 1}
2025-06-02 14:01:12,405 - __main__ - INFO - 🎯 COMPLETE SIGNAL DETECTED: {'pair': 'EUR/USD', 'timer': '00:01:00', 'direction': 'LOWER', 'expiry': 1, 'timestamp': '2025-06-02T16:01:12.405042+02:00', 'id': 'signal_20250602_140112_001', 'session_id': 'SE1-202500602T14UTC'}
2025-06-02 14:01:12,408 - __main__ - DEBUG - Saving signal with ID: signal_20250602_140112_001
2025-06-02 14:01:12,409 - __main__ - DEBUG - Created backup: sessions\signals_history.json.backup
2025-06-02 14:01:12,412 - __main__ - INFO - 🚀 EXECUTING TRADE IMMEDIATELY
2025-06-02 14:01:12,412 - timestamp_recorder - INFO - Trade execution timestamp recorded: trade_20250602_140112_001 (Delay: 5.6ms)
2025-06-02 14:01:12,412 - __main__ - INFO - 🎯 Using OTC pair: EURUSD_otc for signal pair: EUR/USD
2025-06-02 14:01:12,414 - __main__ - DEBUG - Saving trade with ID: trade_20250602_140112_001
2025-06-02 14:01:12,416 - __main__ - DEBUG - Created backup: sessions\trades_history.json.backup
2025-06-02 14:01:12,423 - __main__ - DEBUG - Created backup: sessions\session_data.json.backup
2025-06-02 14:01:12,425 - __main__ - INFO - 🚀 EXECUTING TRADE: EURUSD_otc PUT $12.0 (expiry: 60s)
2025-06-02 14:01:12,425 - __main__ - INFO - 💰 REAL TRADING MODE: Executing actual trade on Pocket Option platform
2025-06-02 14:01:12,527 - __main__ - INFO - ✅ REAL TRADE EXECUTED: EURUSD_otc PUT $12.0 - Trade ID: 081e092e-0d1d-4049-9234-ec30016b42ee
2025-06-02 14:01:12,527 - __main__ - DEBUG - Saving trade with ID: trade_20250602_140112_001
2025-06-02 14:01:12,529 - __main__ - DEBUG - Created backup: sessions\trades_history.json.backup
2025-06-02 14:02:17,533 - __main__ - INFO - 🔍 Checking trade result for trade ID: 081e092e-0d1d-4049-9234-ec30016b42ee
2025-06-02 14:02:17,533 - __main__ - ERROR - Error checking trade result: '>' not supported between instances of 'tuple' and 'int'
2025-06-02 14:02:17,533 - __main__ - DEBUG - Saving trade with ID: trade_20250602_140112_001
2025-06-02 14:02:17,535 - __main__ - DEBUG - Created backup: sessions\trades_history.json.backup
2025-06-02 14:02:20,445 - __main__ - INFO - 📨 Received message: Signal result: +$0...
2025-06-02 14:02:29,551 - __main__ - INFO - 📨 Received message: ?Bad luck...
2025-06-02 14:02:37,509 - __main__ - INFO - 📨 Received message: **?Trading Pair: EUR/GBP (OTC)**...
2025-06-02 14:02:37,510 - __main__ - INFO - Parsed first message: Trading pair = EUR/GBP
2025-06-02 14:02:50,109 - __main__ - INFO - 📨 Received message: ?SET THE TIMER TO 00:01:00?

Second signal: Currency pair EUR/GBP 
LOWER  ?
Trade time: 1 MIN...
2025-06-02 14:02:50,109 - __main__ - INFO - ✅ PARSED SIGNAL: {'timer': '00:01:00', 'pair': 'EUR/GBP', 'direction': 'LOWER', 'expiry': 1}
2025-06-02 14:02:50,109 - __main__ - INFO - 🎯 COMPLETE SIGNAL DETECTED: {'pair': 'EUR/GBP', 'timer': '00:01:00', 'direction': 'LOWER', 'expiry': 1, 'timestamp': '2025-06-02T16:02:50.109701+02:00', 'id': 'signal_20250602_140250_002', 'session_id': 'SE1-202500602T14UTC'}
2025-06-02 14:02:50,111 - __main__ - DEBUG - Saving signal with ID: signal_20250602_140250_002
2025-06-02 14:02:50,114 - __main__ - DEBUG - Created backup: sessions\signals_history.json.backup
2025-06-02 14:02:50,117 - __main__ - INFO - 🚀 EXECUTING TRADE IMMEDIATELY
2025-06-02 14:02:50,118 - timestamp_recorder - INFO - Trade execution timestamp recorded: trade_20250602_140250_002 (Delay: 6.8ms)
2025-06-02 14:02:50,118 - __main__ - INFO - 🎯 Using OTC pair: EURGBP_otc for signal pair: EUR/GBP
2025-06-02 14:02:50,118 - __main__ - DEBUG - Saving trade with ID: trade_20250602_140250_002
2025-06-02 14:02:50,120 - __main__ - DEBUG - Created backup: sessions\trades_history.json.backup
2025-06-02 14:02:50,123 - __main__ - DEBUG - Created backup: sessions\session_data.json.backup
2025-06-02 14:02:50,125 - __main__ - INFO - 🚀 EXECUTING TRADE: EURGBP_otc PUT $12.0 (expiry: 60s)
2025-06-02 14:02:50,126 - __main__ - INFO - 💰 REAL TRADING MODE: Executing actual trade on Pocket Option platform
2025-06-02 14:02:50,228 - __main__ - INFO - ✅ REAL TRADE EXECUTED: EURGBP_otc PUT $12.0 - Trade ID: 9aea85cf-842d-4e5a-959b-203115d0e322
2025-06-02 14:02:50,228 - __main__ - DEBUG - Saving trade with ID: trade_20250602_140250_002
2025-06-02 14:02:50,230 - __main__ - DEBUG - Created backup: sessions\trades_history.json.backup
2025-06-02 14:03:55,235 - __main__ - INFO - 🔍 Checking trade result for trade ID: 9aea85cf-842d-4e5a-959b-203115d0e322
2025-06-02 14:03:55,235 - __main__ - ERROR - Error checking trade result: '>' not supported between instances of 'tuple' and 'int'
2025-06-02 14:03:55,235 - __main__ - DEBUG - Saving trade with ID: trade_20250602_140250_002
2025-06-02 14:03:55,238 - __main__ - DEBUG - Created backup: sessions\trades_history.json.backup
2025-06-02 14:03:58,995 - __main__ - INFO - 📨 Received message: Signal result: +$644...
2025-06-02 14:04:09,939 - __main__ - INFO - 📨 Received message: ?Wonderful trade...
2025-06-02 14:04:18,631 - __main__ - INFO - 📨 Received message: **?Trading Pair: EUR/CHF (OTC)**...
2025-06-02 14:04:18,631 - __main__ - INFO - Parsed first message: Trading pair = EUR/CHF
2025-06-02 14:04:30,216 - __main__ - INFO - 📨 Received message: ?SET THE TIMER TO 00:01:00?

Third signal: Currency pair EUR/CHF 
HIGHER ?
Trade time: 1 MIN...
2025-06-02 14:04:30,216 - __main__ - INFO - ✅ PARSED SIGNAL: {'timer': '00:01:00', 'pair': 'EUR/CHF', 'direction': 'HIGHER', 'expiry': 1}
2025-06-02 14:04:30,218 - __main__ - INFO - 🎯 COMPLETE SIGNAL DETECTED: {'pair': 'EUR/CHF', 'timer': '00:01:00', 'direction': 'HIGHER', 'expiry': 1, 'timestamp': '2025-06-02T16:04:30.216162+02:00', 'id': 'signal_20250602_140430_003', 'session_id': 'SE1-202500602T14UTC'}
2025-06-02 14:04:30,220 - __main__ - DEBUG - Saving signal with ID: signal_20250602_140430_003
2025-06-02 14:04:30,222 - __main__ - DEBUG - Created backup: sessions\signals_history.json.backup
2025-06-02 14:04:30,224 - __main__ - INFO - 🚀 EXECUTING TRADE IMMEDIATELY
2025-06-02 14:04:30,224 - timestamp_recorder - INFO - Trade execution timestamp recorded: trade_20250602_140430_003 (Delay: 6.2ms)
2025-06-02 14:04:30,226 - __main__ - INFO - 🎯 Using OTC pair: EURCHF_otc for signal pair: EUR/CHF
2025-06-02 14:04:30,226 - __main__ - DEBUG - Saving trade with ID: trade_20250602_140430_003
2025-06-02 14:04:30,228 - __main__ - DEBUG - Created backup: sessions\trades_history.json.backup
2025-06-02 14:04:30,232 - __main__ - DEBUG - Created backup: sessions\session_data.json.backup
2025-06-02 14:04:30,234 - __main__ - INFO - 🚀 EXECUTING TRADE: EURCHF_otc CALL $12.0 (expiry: 60s)
2025-06-02 14:04:30,234 - __main__ - INFO - 💰 REAL TRADING MODE: Executing actual trade on Pocket Option platform
2025-06-02 14:04:30,436 - __main__ - INFO - ✅ REAL TRADE EXECUTED: EURCHF_otc CALL $12.0 - Trade ID: 52c86ae1-f80a-4d1f-92ad-51ded1b47902
2025-06-02 14:04:30,437 - __main__ - DEBUG - Saving trade with ID: trade_20250602_140430_003
2025-06-02 14:04:30,440 - __main__ - DEBUG - Created backup: sessions\trades_history.json.backup
2025-06-02 14:05:35,445 - __main__ - INFO - 🔍 Checking trade result for trade ID: 52c86ae1-f80a-4d1f-92ad-51ded1b47902
2025-06-02 14:05:35,445 - __main__ - ERROR - Error checking trade result: '>' not supported between instances of 'tuple' and 'int'
2025-06-02 14:05:35,445 - __main__ - DEBUG - Saving trade with ID: trade_20250602_140430_003
2025-06-02 14:05:35,447 - __main__ - DEBUG - Created backup: sessions\trades_history.json.backup
2025-06-02 14:05:48,670 - __main__ - INFO - 📨 Received message: Signal result: +$644...
2025-06-02 14:05:57,515 - __main__ - INFO - 📨 Received message: ?Excellent result!...
2025-06-02 14:06:11,879 - __main__ - INFO - 📨 Received message: **?Trading Pair: EUR/GBP (OTC)**...
2025-06-02 14:06:11,879 - __main__ - INFO - Parsed first message: Trading pair = EUR/GBP
2025-06-02 14:06:26,064 - __main__ - INFO - 📨 Received message: ?SET THE TIMER TO 00:01:00?

Fourth signal: Currency pair EUR/GBP  
LOWER  ?
Trade time: 1 MIN...
2025-06-02 14:06:26,064 - __main__ - INFO - ✅ PARSED SIGNAL: {'timer': '00:01:00', 'pair': 'EUR/GBP', 'direction': 'LOWER', 'expiry': 1}
2025-06-02 14:06:26,064 - __main__ - INFO - 🎯 COMPLETE SIGNAL DETECTED: {'pair': 'EUR/GBP', 'timer': '00:01:00', 'direction': 'LOWER', 'expiry': 1, 'timestamp': '2025-06-02T16:06:26.064447+02:00', 'id': 'signal_20250602_140626_004', 'session_id': 'SE1-202500602T14UTC'}
2025-06-02 14:06:26,066 - __main__ - DEBUG - Saving signal with ID: signal_20250602_140626_004
2025-06-02 14:06:26,068 - __main__ - DEBUG - Created backup: sessions\signals_history.json.backup
2025-06-02 14:06:26,072 - __main__ - INFO - 🚀 EXECUTING TRADE IMMEDIATELY
2025-06-02 14:06:26,072 - timestamp_recorder - INFO - Trade execution timestamp recorded: trade_20250602_140626_004 (Delay: 6.1ms)
2025-06-02 14:06:26,072 - __main__ - INFO - 🎯 Using OTC pair: EURGBP_otc for signal pair: EUR/GBP
2025-06-02 14:06:26,074 - __main__ - DEBUG - Saving trade with ID: trade_20250602_140626_004
2025-06-02 14:06:26,074 - __main__ - DEBUG - Created backup: sessions\trades_history.json.backup
2025-06-02 14:06:26,080 - __main__ - DEBUG - Created backup: sessions\session_data.json.backup
2025-06-02 14:06:26,082 - __main__ - INFO - 🚀 EXECUTING TRADE: EURGBP_otc PUT $12.0 (expiry: 60s)
2025-06-02 14:06:26,082 - __main__ - INFO - 💰 REAL TRADING MODE: Executing actual trade on Pocket Option platform
2025-06-02 14:06:26,289 - __main__ - INFO - ✅ REAL TRADE EXECUTED: EURGBP_otc PUT $12.0 - Trade ID: b30c4b06-8bce-4363-b7af-55d37cc2892e
2025-06-02 14:06:26,289 - __main__ - DEBUG - Saving trade with ID: trade_20250602_140626_004
2025-06-02 14:06:26,291 - __main__ - DEBUG - Created backup: sessions\trades_history.json.backup
2025-06-02 14:07:31,297 - __main__ - INFO - 🔍 Checking trade result for trade ID: b30c4b06-8bce-4363-b7af-55d37cc2892e
2025-06-02 14:07:31,297 - __main__ - ERROR - Error checking trade result: '>' not supported between instances of 'tuple' and 'int'
2025-06-02 14:07:31,297 - __main__ - DEBUG - Saving trade with ID: trade_20250602_140626_004
2025-06-02 14:07:31,299 - __main__ - DEBUG - Created backup: sessions\trades_history.json.backup
2025-06-02 14:07:53,329 - __main__ - INFO - 📨 Received message: Signal result: +$644...
2025-06-02 14:08:02,786 - __main__ - INFO - 📨 Received message: ?Stability, the key to success...
2025-06-02 14:11:46,807 - __main__ - INFO - 📨 Received message: ? Congratulations to the Private Trading Club participants on a successful trading session! ?  
  
R...
2025-06-02 14:24:12,629 - __main__ - INFO - Shutting down Self Bot...
2025-06-02 14:24:12,630 - telethon.network.mtprotosender - INFO - Disconnecting from 149.154.167.91:443/TcpFull...
2025-06-02 14:24:12,631 - telethon.network.mtprotosender - INFO - Disconnection from 149.154.167.91:443/TcpFull complete!
2025-06-02 19:59:36,568 - __main__ - INFO - Using 'sessions' for session-related data files.
2025-06-02 19:59:36,770 - session_manager - INFO - SessionManager initialized successfully
2025-06-02 19:59:36,771 - session_manager - INFO - SignalDeduplicator initialized successfully
2025-06-02 19:59:36,772 - __main__ - INFO - Initializing Telegram client...
2025-06-02 19:59:36,809 - telethon.network.mtprotosender - INFO - Connecting to 149.154.167.91:443/TcpFull...
2025-06-02 19:59:36,817 - telethon.network.mtprotosender - INFO - Connection to 149.154.167.91:443/TcpFull complete!
2025-06-02 19:59:37,060 - __main__ - INFO - Started Telegram client in user account mode
2025-06-02 19:59:37,061 - __main__ - INFO - Already authenticated using existing session
2025-06-02 19:59:37,075 - __main__ - INFO - Logged in as: Pieter Stanton (@piet43)
2025-06-02 19:59:37,075 - __main__ - INFO - Initializing Pocket Option client (Demo mode: False)
2025-06-02 19:59:37,077 - __main__ - INFO - Successfully connected to Pocket Option API
2025-06-02 19:59:38,079 - __main__ - INFO - Account balance: 116.27
2025-06-02 19:59:38,082 - __main__ - INFO - Subscription to favorite pairs is currently disabled due to API limitations.
2025-06-02 19:59:38,083 - __main__ - INFO - JSON storage initialized successfully
2025-06-02 19:59:38,083 - __main__ - INFO - No existing session found by SessionManager. Attempting to start a new session.
2025-06-02 19:59:38,087 - session_manager - INFO - New session started: session_20250602_215938
2025-06-02 19:59:38,089 - __main__ - INFO - ✅ Session management initialized with new session: session_20250602_215938
2025-06-02 19:59:38,090 - __main__ - INFO - 💰 Current Balance: $116.27
2025-06-02 20:00:46,775 - __main__ - INFO - 💵 Custom Amount: $1.50
2025-06-02 20:00:51,517 - __main__ - INFO - ✅ Trading amount set to $1.50 for this session
2025-06-02 20:00:51,520 - __main__ - INFO - ✅ Self Bot v1.5 initialized successfully
2025-06-02 20:00:51,522 - __main__ - INFO - 💰 REAL TRADING MODE ENABLED
2025-06-02 20:00:51,522 - __main__ - INFO - Bot is now monitoring for signals...
2025-06-02 20:00:51,522 - __main__ - INFO - Accessing channel: BINARY TRADING CLUB
2025-06-02 20:00:51,541 - __main__ - INFO - Accessed channel by ID: BINARY TRADING CLUB
2025-06-02 20:00:51,541 - __main__ - INFO - Starting monitoring of channel: BINARY TRADING CLUB
2025-06-02 20:00:51,541 - __main__ - INFO - Event handler registered. Waiting for signals...
2025-06-02 20:07:47,987 - __main__ - INFO - Shutting down Self Bot...
2025-06-02 20:07:47,987 - telethon.network.mtprotosender - INFO - Disconnecting from 149.154.167.91:443/TcpFull...
2025-06-02 20:07:47,989 - telethon.network.mtprotosender - INFO - Disconnection from 149.154.167.91:443/TcpFull complete!
2025-06-02 20:32:30,893 - __main__ - INFO - Using 'sessions' for session-related data files.
2025-06-02 20:32:30,940 - session_manager - INFO - SessionManager initialized successfully
2025-06-02 20:32:30,942 - session_manager - INFO - SignalDeduplicator initialized successfully
2025-06-02 20:32:30,942 - __main__ - INFO - Initializing Telegram client...
2025-06-02 20:32:30,974 - telethon.network.mtprotosender - INFO - Connecting to 149.154.167.91:443/TcpFull...
2025-06-02 20:32:30,984 - telethon.network.mtprotosender - INFO - Connection to 149.154.167.91:443/TcpFull complete!
2025-06-02 20:32:31,121 - __main__ - INFO - Started Telegram client in user account mode
2025-06-02 20:32:31,121 - __main__ - INFO - Already authenticated using existing session
2025-06-02 20:32:31,135 - __main__ - INFO - Logged in as: Pieter Stanton (@piet43)
2025-06-02 20:32:31,137 - __main__ - INFO - Initializing Pocket Option client (Demo mode: False)
2025-06-02 20:32:31,139 - __main__ - INFO - Successfully connected to Pocket Option API
2025-06-02 20:32:32,141 - __main__ - INFO - Account balance: 116.27
2025-06-02 20:32:32,144 - __main__ - INFO - Subscription to favorite pairs is currently disabled due to API limitations.
2025-06-02 20:32:32,145 - __main__ - INFO - JSON storage initialized successfully
2025-06-02 20:32:32,145 - __main__ - INFO - No existing session found by SessionManager. Attempting to start a new session.
2025-06-02 20:32:32,148 - session_manager - INFO - New session started: session_20250602_223232
2025-06-02 20:32:32,148 - __main__ - INFO - ✅ Session management initialized with new session: session_20250602_223232
2025-06-02 20:32:32,148 - __main__ - INFO - 💰 Current Balance: $116.27
2025-06-02 20:32:55,368 - __main__ - INFO - 💵 Custom Amount: $1.50
2025-06-02 20:33:01,633 - __main__ - INFO - ✅ Trading amount set to $1.50 for this session
2025-06-02 20:33:01,641 - __main__ - INFO - ✅ Self Bot v1.5 initialized successfully
2025-06-02 20:33:01,642 - __main__ - INFO - 💰 REAL TRADING MODE ENABLED
2025-06-02 20:33:01,642 - __main__ - INFO - Bot is now monitoring for signals...
2025-06-02 20:33:01,643 - __main__ - INFO - Accessing channel: BINARY TRADING CLUB
2025-06-02 20:33:01,658 - __main__ - INFO - Accessed channel by ID: BINARY TRADING CLUB
2025-06-02 20:33:01,660 - __main__ - INFO - Starting monitoring of channel: BINARY TRADING CLUB
2025-06-02 20:33:01,660 - __main__ - INFO - Event handler registered. Waiting for signals...
2025-06-02 20:47:31,769 - telethon.client.updates - INFO - Got difference for channel 2412213735 updates
2025-06-02 20:47:31,778 - __main__ - INFO - 📨 Received message: ? **ATTENTION! In 30 minutes we?re starting ? the evening session is coming up! ****?**

The first h...
2025-06-02 20:50:03,007 - __main__ - INFO - 📨 Received message: ?Get ready to earn! Starting soon!

In this session we will use these trading pairs:

**AUD/USD (OTC...
2025-06-02 21:00:21,293 - telethon.network.connection.connection - WARNING - Server closed the connection: [WinError 64] The specified network name is no longer available
2025-06-02 21:00:21,293 - telethon.network.mtprotosender - INFO - Connection closed while receiving data: [WinError 64] The specified network name is no longer available
2025-06-02 21:00:21,295 - telethon.network.mtprotosender - INFO - Closing current connection to begin reconnect...
2025-06-02 21:00:21,295 - telethon.network.mtprotosender - INFO - Connecting to 149.154.167.91:443/TcpFull...
2025-06-02 21:00:21,295 - telethon.network.connection.connection - INFO - <class 'ConnectionResetError'> during disconnect: [WinError 64] The specified network name is no longer available
2025-06-02 21:00:21,303 - telethon.network.mtprotosender - INFO - Connection to 149.154.167.91:443/TcpFull complete!
2025-06-02 21:00:26,866 - __main__ - INFO - 📨 Received message: **? The trading session has already started! Let's go!**...
2025-06-02 21:00:32,352 - __main__ - INFO - 📨 Received message: **?Trading Pair: EUR/USD (OTC)**...
2025-06-02 21:00:32,352 - __main__ - INFO - Parsed first message: Trading pair = EUR/USD
2025-06-02 21:00:39,279 - __main__ - INFO - 📨 Received message: ?SET THE TIMER TO 00:01:00?

First signal: Currency pair EUR/USD 
HIGHER ? 
Trade time: 1 MIN...
2025-06-02 21:00:39,280 - __main__ - INFO - ✅ PARSED SIGNAL: {'timer': '00:01:00', 'pair': 'EUR/USD', 'direction': 'HIGHER', 'expiry': 1}
2025-06-02 21:00:39,280 - __main__ - INFO - 🎯 COMPLETE SIGNAL DETECTED: {'pair': 'EUR/USD', 'timer': '00:01:00', 'direction': 'HIGHER', 'expiry': 1, 'timestamp': '2025-06-02T23:00:39.280352+02:00', 'id': 'signal_20250602_210039_001', 'session_id': 'session_20250602_223232'}
2025-06-02 21:00:39,286 - __main__ - INFO - 🚀 EXECUTING TRADE IMMEDIATELY
2025-06-02 21:00:39,286 - timestamp_recorder - INFO - Trade execution timestamp recorded: trade_20250602_210039_001 (Delay: 3.9ms)
2025-06-02 21:00:39,286 - __main__ - INFO - 🎯 Using OTC pair: EURUSD_otc for signal pair: EUR/USD
2025-06-02 21:00:39,296 - __main__ - INFO - 🚀 EXECUTING TRADE: EURUSD_otc CALL $1.5 (expiry: 60s)
2025-06-02 21:00:39,296 - __main__ - INFO - 💰 REAL TRADING MODE: Executing actual trade on Pocket Option platform
2025-06-02 21:00:39,398 - __main__ - INFO - ✅ REAL TRADE EXECUTED: EURUSD_otc CALL $1.5 - Trade ID: 1003c87e-6cc7-464a-9bf7-06f70585f287
2025-06-02 21:01:44,413 - __main__ - INFO - 🔍 Checking trade result for trade ID: 1003c87e-6cc7-464a-9bf7-06f70585f287
2025-06-02 21:01:44,413 - __main__ - ERROR - Error checking trade result: '>' not supported between instances of 'tuple' and 'int'
2025-06-02 21:01:46,968 - __main__ - INFO - 📨 Received message: Signal result: +$644...
2025-06-02 21:01:55,668 - __main__ - INFO - 📨 Received message: ?Wonderful trade...
2025-06-02 21:02:00,346 - __main__ - INFO - 📨 Received message: **?Trading Pair: EUR/GBP (OTC)**...
2025-06-02 21:02:00,346 - __main__ - INFO - Parsed first message: Trading pair = EUR/GBP
2025-06-02 21:02:10,971 - __main__ - INFO - 📨 Received message: ?SET THE TIMER TO 00:01:00?

Second signal: Currency pair EUR/GBP 
HIGHER ? 
Trade time: 1 MIN...
2025-06-02 21:02:10,971 - __main__ - INFO - ✅ PARSED SIGNAL: {'timer': '00:01:00', 'pair': 'EUR/GBP', 'direction': 'HIGHER', 'expiry': 1}
2025-06-02 21:02:10,971 - __main__ - INFO - 🎯 COMPLETE SIGNAL DETECTED: {'pair': 'EUR/GBP', 'timer': '00:01:00', 'direction': 'HIGHER', 'expiry': 1, 'timestamp': '2025-06-02T23:02:10.971327+02:00', 'id': 'signal_20250602_210210_002', 'session_id': 'session_20250602_223232'}
2025-06-02 21:02:10,976 - __main__ - INFO - 🚀 EXECUTING TRADE IMMEDIATELY
2025-06-02 21:02:10,976 - timestamp_recorder - INFO - Trade execution timestamp recorded: trade_20250602_210210_002 (Delay: 3.5ms)
2025-06-02 21:02:10,976 - __main__ - INFO - 🎯 Using OTC pair: EURGBP_otc for signal pair: EUR/GBP
2025-06-02 21:02:10,984 - __main__ - INFO - 🚀 EXECUTING TRADE: EURGBP_otc CALL $1.5 (expiry: 60s)
2025-06-02 21:02:10,984 - __main__ - INFO - 💰 REAL TRADING MODE: Executing actual trade on Pocket Option platform
2025-06-02 21:02:11,087 - __main__ - INFO - ✅ REAL TRADE EXECUTED: EURGBP_otc CALL $1.5 - Trade ID: 74128773-0b3a-4e1b-95af-53be25f14f98
2025-06-02 21:02:31,373 - telethon.client.updates - INFO - Got difference for account updates
2025-06-02 21:03:16,101 - __main__ - INFO - 🔍 Checking trade result for trade ID: 74128773-0b3a-4e1b-95af-53be25f14f98
2025-06-02 21:03:16,101 - __main__ - ERROR - Error checking trade result: '>' not supported between instances of 'tuple' and 'int'
2025-06-02 21:03:19,182 - __main__ - INFO - 📨 Received message: Signal result: +$0...
2025-06-02 21:03:27,706 - __main__ - INFO - 📨 Received message: ?Bad luck...
2025-06-02 21:03:35,215 - __main__ - INFO - 📨 Received message: **?Trading Pair: EUR/JPY (OTC)**...
2025-06-02 21:03:35,215 - __main__ - INFO - Parsed first message: Trading pair = EUR/JPY
2025-06-02 21:03:48,315 - __main__ - INFO - 📨 Received message: ?SET THE TIMER TO 00:01:00?

Third signal: Currency pair EUR/JPY 
HIGHER ? 
Trade time: 1 MIN...
2025-06-02 21:03:48,316 - __main__ - INFO - ✅ PARSED SIGNAL: {'timer': '00:01:00', 'pair': 'EUR/JPY', 'direction': 'HIGHER', 'expiry': 1}
2025-06-02 21:03:48,317 - __main__ - INFO - 🎯 COMPLETE SIGNAL DETECTED: {'pair': 'EUR/JPY', 'timer': '00:01:00', 'direction': 'HIGHER', 'expiry': 1, 'timestamp': '2025-06-02T23:03:48.317171+02:00', 'id': 'signal_20250602_210348_003', 'session_id': 'session_20250602_223232'}
2025-06-02 21:03:48,322 - __main__ - INFO - 🚀 EXECUTING TRADE IMMEDIATELY
2025-06-02 21:03:48,324 - timestamp_recorder - INFO - Trade execution timestamp recorded: trade_20250602_210348_003 (Delay: 6.0ms)
2025-06-02 21:03:48,326 - __main__ - INFO - 🎯 Using OTC pair: EURJPY_otc for signal pair: EUR/JPY
2025-06-02 21:03:48,334 - __main__ - INFO - 🚀 EXECUTING TRADE: EURJPY_otc CALL $1.5 (expiry: 60s)
2025-06-02 21:03:48,334 - __main__ - INFO - 💰 REAL TRADING MODE: Executing actual trade on Pocket Option platform
2025-06-02 21:03:48,436 - __main__ - INFO - ✅ REAL TRADE EXECUTED: EURJPY_otc CALL $1.5 - Trade ID: f66f6a98-4db0-4ea7-ab1a-16f8337f7dad
2025-06-02 21:04:53,450 - __main__ - INFO - 🔍 Checking trade result for trade ID: f66f6a98-4db0-4ea7-ab1a-16f8337f7dad
2025-06-02 21:04:53,450 - __main__ - ERROR - Error checking trade result: '>' not supported between instances of 'tuple' and 'int'
2025-06-02 21:04:56,185 - __main__ - INFO - 📨 Received message: Signal result: +$644...
2025-06-02 21:05:07,410 - __main__ - INFO - 📨 Received message: ?Excellent result!...
2025-06-02 21:05:14,713 - __main__ - INFO - 📨 Received message: **?Trading Pair: EUR/USD (OTC)**...
2025-06-02 21:05:14,715 - __main__ - INFO - Parsed first message: Trading pair = EUR/USD
2025-06-02 21:05:25,485 - __main__ - INFO - 📨 Received message: ?SET THE TIMER TO 00:01:00?

Fourth signal: Currency pair EUR/USD  
HIGHER ? 
Trade time: 1 MIN...
2025-06-02 21:05:25,485 - __main__ - INFO - ✅ PARSED SIGNAL: {'timer': '00:01:00', 'pair': 'EUR/USD', 'direction': 'HIGHER', 'expiry': 1}
2025-06-02 21:05:25,485 - __main__ - INFO - 🎯 COMPLETE SIGNAL DETECTED: {'pair': 'EUR/USD', 'timer': '00:01:00', 'direction': 'HIGHER', 'expiry': 1, 'timestamp': '2025-06-02T23:05:25.485178+02:00', 'id': 'signal_20250602_210525_004', 'session_id': 'session_20250602_223232'}
2025-06-02 21:05:25,490 - __main__ - INFO - 🚀 EXECUTING TRADE IMMEDIATELY
2025-06-02 21:05:25,491 - timestamp_recorder - INFO - Trade execution timestamp recorded: trade_20250602_210525_004 (Delay: 4.0ms)
2025-06-02 21:05:25,491 - __main__ - INFO - 🎯 Using OTC pair: EURUSD_otc for signal pair: EUR/USD
2025-06-02 21:05:25,498 - __main__ - INFO - 🚀 EXECUTING TRADE: EURUSD_otc CALL $1.5 (expiry: 60s)
2025-06-02 21:05:25,498 - __main__ - INFO - 💰 REAL TRADING MODE: Executing actual trade on Pocket Option platform
2025-06-02 21:05:25,601 - __main__ - INFO - ✅ REAL TRADE EXECUTED: EURUSD_otc CALL $1.5 - Trade ID: 38ae448f-c3a5-44f9-bdbf-5442e7ef2268
2025-06-02 21:06:30,610 - __main__ - INFO - 🔍 Checking trade result for trade ID: 38ae448f-c3a5-44f9-bdbf-5442e7ef2268
2025-06-02 21:06:30,611 - __main__ - ERROR - Error checking trade result: '>' not supported between instances of 'tuple' and 'int'
2025-06-02 21:06:33,080 - __main__ - INFO - 📨 Received message: Signal result: +$644...
2025-06-02 21:06:43,544 - __main__ - INFO - 📨 Received message: ?Stability, the key to success...
2025-06-02 21:09:12,814 - __main__ - INFO - 📨 Received message: ? Congratulations to the Private Trading Club participants on a successful trading session! ?  
  
R...
2025-06-02 21:16:50,780 - telethon.client.updates - INFO - Got difference for account updates
2025-06-02 21:34:11,928 - __main__ - INFO - 📨 Received message: ? **When I first started trading, it seemed to me that there was some kind of magic in it. I watched...
2025-06-02 21:36:16,484 - __main__ - INFO - Shutting down Self Bot...
2025-06-02 21:36:16,484 - telethon.network.mtprotosender - INFO - Disconnecting from 149.154.167.91:443/TcpFull...
2025-06-02 21:36:16,487 - telethon.network.mtprotosender - INFO - Disconnection from 149.154.167.91:443/TcpFull complete!
2025-06-03 11:14:22,319 - __main__ - INFO - Using 'sessions' for session-related data files.
2025-06-03 11:14:22,369 - session_manager - INFO - Found externally started active session in sessions\active_session.json: session_20250603_124526
2025-06-03 11:14:22,370 - session_manager - INFO - Successfully loaded and adopted active session from sessions\active_session.json: session_20250603_124526
2025-06-03 11:14:22,371 - session_manager - INFO - SessionManager initialized successfully
2025-06-03 11:14:22,371 - session_manager - INFO - SignalDeduplicator initialized successfully
2025-06-03 11:14:22,371 - __main__ - INFO - Initializing Telegram client...
2025-06-03 11:14:22,384 - telethon.network.mtprotosender - INFO - Connecting to 149.154.167.92:443/TcpFull...
2025-06-03 11:14:22,392 - telethon.network.mtprotosender - INFO - Connection to 149.154.167.92:443/TcpFull complete!
2025-06-03 11:14:22,581 - __main__ - INFO - Started Telegram client in user account mode
2025-06-03 11:14:22,583 - __main__ - INFO - Already authenticated using existing session
2025-06-03 11:14:22,597 - __main__ - INFO - Logged in as: Pieter Stanton (@piet43)
2025-06-03 11:14:22,597 - __main__ - INFO - Initializing Pocket Option client (Demo mode: False)
2025-06-03 11:14:22,599 - __main__ - INFO - Successfully connected to Pocket Option API
2025-06-03 11:14:23,601 - __main__ - INFO - Account balance: 110.91
2025-06-03 11:14:23,605 - __main__ - INFO - Subscription to favorite pairs is currently disabled due to API limitations.
2025-06-03 11:14:23,605 - __main__ - INFO - JSON storage initialized successfully
2025-06-03 11:14:23,605 - __main__ - INFO - Using already loaded session: session_20250603_124526
2025-06-03 11:14:23,607 - __main__ - INFO - Updated balance_start for loaded session session_20250603_124526 to 110.91
2025-06-03 11:14:23,607 - __main__ - INFO - ✅ Session management initialized with existing session: session_20250603_124526
2025-06-03 11:14:23,607 - __main__ - INFO - 💰 Current Balance: $110.91
2025-06-03 11:15:42,617 - __main__ - INFO - Using 'sessions' for session-related data files.
2025-06-03 11:15:42,669 - session_manager - INFO - Found externally started active session in sessions\active_session.json: session_20250603_124526
2025-06-03 11:15:42,671 - session_manager - INFO - Successfully loaded and adopted active session from sessions\active_session.json: session_20250603_124526
2025-06-03 11:15:42,671 - session_manager - INFO - SessionManager initialized successfully
2025-06-03 11:15:42,671 - session_manager - INFO - SignalDeduplicator initialized successfully
2025-06-03 11:15:42,672 - __main__ - INFO - Initializing Telegram client...
2025-06-03 11:15:42,683 - telethon.network.mtprotosender - INFO - Connecting to 149.154.167.92:443/TcpFull...
2025-06-03 11:15:42,691 - telethon.network.mtprotosender - INFO - Connection to 149.154.167.92:443/TcpFull complete!
2025-06-03 11:15:42,809 - __main__ - INFO - Started Telegram client in user account mode
2025-06-03 11:15:42,809 - __main__ - INFO - Already authenticated using existing session
2025-06-03 11:15:42,823 - __main__ - INFO - Logged in as: Pieter Stanton (@piet43)
2025-06-03 11:15:42,823 - __main__ - INFO - Initializing Pocket Option client (Demo mode: False)
2025-06-03 11:15:42,825 - __main__ - INFO - Successfully connected to Pocket Option API
2025-06-03 11:15:43,826 - __main__ - INFO - Account balance: 110.91
2025-06-03 11:15:43,831 - __main__ - INFO - Subscription to favorite pairs is currently disabled due to API limitations.
2025-06-03 11:15:43,831 - __main__ - INFO - JSON storage initialized successfully
2025-06-03 11:15:43,831 - __main__ - INFO - Using already loaded session: session_20250603_124526
2025-06-03 11:15:43,833 - __main__ - INFO - Updated balance_start for loaded session session_20250603_124526 to 110.91
2025-06-03 11:15:43,833 - __main__ - INFO - ✅ Session management initialized with existing session: session_20250603_124526
2025-06-03 11:15:43,833 - __main__ - INFO - 💰 Current Balance: $110.91
2025-06-03 11:39:18,788 - __main__ - INFO - Using 'sessions' for session-related data files.
2025-06-03 11:39:18,865 - session_manager - INFO - Found externally started active session in sessions\active_session.json: session_20250603_124526
2025-06-03 11:39:18,866 - session_manager - INFO - Successfully loaded and adopted active session from sessions\active_session.json: session_20250603_124526
2025-06-03 11:39:18,867 - session_manager - INFO - SessionManager initialized successfully
2025-06-03 11:39:18,868 - session_manager - INFO - SignalDeduplicator initialized successfully
2025-06-03 11:39:18,868 - __main__ - INFO - Initializing Telegram client...
2025-06-03 11:39:18,945 - telethon.network.mtprotosender - INFO - Connecting to 149.154.167.92:443/TcpFull...
2025-06-03 11:39:18,961 - telethon.network.mtprotosender - INFO - Connection to 149.154.167.92:443/TcpFull complete!
2025-06-03 11:39:19,155 - __main__ - INFO - Started Telegram client in user account mode
2025-06-03 11:39:19,156 - __main__ - INFO - Already authenticated using existing session
2025-06-03 11:39:19,181 - __main__ - INFO - Logged in as: Pieter Stanton (@piet43)
2025-06-03 11:39:19,192 - __main__ - INFO - Initializing Pocket Option client (Demo mode: False)
2025-06-03 11:39:19,299 - __main__ - INFO - Successfully connected to Pocket Option API
2025-06-03 11:39:20,300 - __main__ - INFO - Account balance: 110.91
2025-06-03 11:39:20,305 - __main__ - INFO - Subscription to favorite pairs is currently disabled due to API limitations.
2025-06-03 11:39:20,306 - __main__ - INFO - JSON storage initialized successfully
2025-06-03 11:39:20,307 - __main__ - INFO - Using already loaded session: session_20250603_124526
2025-06-03 11:39:20,311 - __main__ - INFO - Updated balance_start for loaded session session_20250603_124526 to 110.91
2025-06-03 11:39:20,311 - __main__ - INFO - ✅ Session management initialized with existing session: session_20250603_124526
2025-06-03 11:39:20,312 - __main__ - INFO - 💰 Current Balance: $110.91
2025-06-03 11:40:37,540 - __main__ - INFO - Shutting down Self Bot...
2025-06-03 13:51:00,926 - __main__ - INFO - Using 'sessions' for session-related data files.
2025-06-03 13:51:00,978 - session_manager - INFO - Found externally started active session in sessions\active_session.json: session_20250603_124526
2025-06-03 13:51:00,980 - session_manager - INFO - Successfully loaded and adopted active session from sessions\active_session.json: session_20250603_124526
2025-06-03 13:51:00,980 - session_manager - INFO - SessionManager initialized successfully
2025-06-03 13:51:00,982 - session_manager - INFO - SignalDeduplicator initialized successfully
2025-06-03 13:51:00,982 - __main__ - INFO - Initializing Telegram client...
2025-06-03 13:51:00,996 - telethon.network.mtprotosender - INFO - Connecting to 149.154.167.92:443/TcpFull...
2025-06-03 13:51:01,005 - telethon.network.mtprotosender - INFO - Connection to 149.154.167.92:443/TcpFull complete!
2025-06-03 13:51:01,225 - __main__ - INFO - Started Telegram client in user account mode
2025-06-03 13:51:01,225 - __main__ - INFO - Already authenticated using existing session
2025-06-03 13:51:01,245 - __main__ - INFO - Logged in as: Pieter Stanton (@piet43)
2025-06-03 13:51:01,247 - __main__ - INFO - Initializing Pocket Option client (Demo mode: False)
2025-06-03 13:51:01,250 - __main__ - INFO - Successfully connected to Pocket Option API
2025-06-03 13:51:02,251 - __main__ - INFO - Account balance: 110.91
2025-06-03 13:51:02,258 - __main__ - INFO - Subscription to favorite pairs is currently disabled due to API limitations.
2025-06-03 13:51:02,259 - __main__ - INFO - JSON storage initialized successfully
2025-06-03 13:51:02,259 - __main__ - INFO - Using already loaded session: session_20250603_124526
2025-06-03 13:51:02,264 - __main__ - INFO - Updated balance_start for loaded session session_20250603_124526 to 110.91
2025-06-03 13:51:02,264 - __main__ - INFO - ✅ Session management initialized with existing session: session_20250603_124526
2025-06-03 13:51:02,264 - __main__ - INFO - 💰 Current Balance: $110.91
2025-06-03 13:51:18,572 - __main__ - INFO - 💵 Custom Amount: $1.10
2025-06-03 13:51:24,151 - __main__ - INFO - ✅ Trading amount set to $1.10 for this session
2025-06-03 13:51:24,155 - __main__ - INFO - ✅ Self Bot v1.5 initialized successfully
2025-06-03 13:51:24,155 - __main__ - INFO - 💰 REAL TRADING MODE ENABLED
2025-06-03 13:51:24,156 - __main__ - INFO - Bot is now monitoring for signals...
2025-06-03 13:51:24,156 - __main__ - INFO - Accessing channel: BINARY TRADING CLUB
2025-06-03 13:51:24,173 - __main__ - INFO - Accessed channel by ID: BINARY TRADING CLUB
2025-06-03 13:51:24,173 - __main__ - INFO - Starting monitoring of channel: BINARY TRADING CLUB
2025-06-03 13:51:24,173 - __main__ - INFO - Event handler registered. Waiting for signals...
2025-06-03 14:00:00,927 - telethon.client.updates - INFO - Got difference for channel 2412213735 updates
2025-06-03 14:00:00,930 - __main__ - INFO - 📨 Received message: ?Get ready to earn! Starting soon!

In this session we will use these trading pairs:

**AUD/USD (OTC...
2025-06-03 14:00:00,931 - __main__ - INFO - 📨 Received message: **? The trading session has already started! Let's go!**...
2025-06-03 14:00:19,299 - __main__ - INFO - 📨 Received message: **?Trading Pair: AUD/CHF (OTC)**...
2025-06-03 14:00:19,299 - __main__ - INFO - Parsed first message: Trading pair = AUD/CHF
2025-06-03 14:00:31,595 - __main__ - INFO - 📨 Received message: ?SET THE TIMER TO 00:01:00?

First signal: Currency pair AUD/CHF 
HIGHER ? 
Trade time: 1 MIN...
2025-06-03 14:00:31,595 - __main__ - INFO - ✅ PARSED SIGNAL: {'timer': '00:01:00', 'pair': 'AUD/CHF', 'direction': 'HIGHER', 'expiry': 1}
2025-06-03 14:00:31,595 - __main__ - INFO - 🎯 COMPLETE SIGNAL DETECTED: {'pair': 'AUD/CHF', 'timer': '00:01:00', 'direction': 'HIGHER', 'expiry': 1, 'timestamp': '2025-06-03T16:00:31.595883+02:00', 'id': 'signal_20250603_140031_001', 'session_id': 'session_20250603_124526'}
2025-06-03 14:00:31,604 - __main__ - INFO - 🚀 EXECUTING TRADE IMMEDIATELY
2025-06-03 14:00:31,608 - timestamp_recorder - INFO - Trade execution timestamp recorded: trade_20250603_140031_001 (Delay: 10.2ms)
2025-06-03 14:00:31,608 - __main__ - INFO - 🎯 Using OTC pair: AUDCHF_otc for signal pair: AUD/CHF
2025-06-03 14:00:31,617 - __main__ - INFO - 🚀 EXECUTING TRADE: AUDCHF_otc CALL $1.1 (expiry: 60s)
2025-06-03 14:00:31,617 - __main__ - INFO - 💰 REAL TRADING MODE: Executing actual trade on Pocket Option platform
2025-06-03 14:00:31,720 - __main__ - INFO - ✅ REAL TRADE EXECUTED: AUDCHF_otc CALL $1.1 - Trade ID: 1dc46949-7445-47bd-b38d-330abc5d3190
2025-06-03 14:01:36,727 - __main__ - INFO - 🔍 Checking trade result for trade ID: 1dc46949-7445-47bd-b38d-330abc5d3190
2025-06-03 14:01:36,727 - __main__ - ERROR - Error checking trade result: '>' not supported between instances of 'tuple' and 'int'
2025-06-03 14:01:38,969 - __main__ - INFO - 📨 Received message: Signal result: +$644...
2025-06-03 14:01:47,501 - __main__ - INFO - 📨 Received message: ?Wonderful trade...
2025-06-03 14:01:54,187 - __main__ - INFO - 📨 Received message: **?Trading Pair: AUD/CAD (OTC)**...
2025-06-03 14:01:54,187 - __main__ - INFO - Parsed first message: Trading pair = AUD/CAD
2025-06-03 14:02:04,168 - __main__ - INFO - 📨 Received message: ?SET THE TIMER TO 00:01:00?

Second signal: Currency pair AUD/CAD 
HIGHER ? 
Trade time: 1 MIN...
2025-06-03 14:02:04,168 - __main__ - INFO - ✅ PARSED SIGNAL: {'timer': '00:01:00', 'pair': 'AUD/CAD', 'direction': 'HIGHER', 'expiry': 1}
2025-06-03 14:02:04,168 - __main__ - INFO - 🎯 COMPLETE SIGNAL DETECTED: {'pair': 'AUD/CAD', 'timer': '00:01:00', 'direction': 'HIGHER', 'expiry': 1, 'timestamp': '2025-06-03T16:02:04.168124+02:00', 'id': 'signal_20250603_140204_002', 'session_id': 'session_20250603_124526'}
2025-06-03 14:02:04,174 - __main__ - INFO - 🚀 EXECUTING TRADE IMMEDIATELY
2025-06-03 14:02:04,174 - timestamp_recorder - INFO - Trade execution timestamp recorded: trade_20250603_140204_002 (Delay: 4.0ms)
2025-06-03 14:02:04,175 - __main__ - INFO - 🎯 Using OTC pair: AUDCAD_otc for signal pair: AUD/CAD
2025-06-03 14:02:04,183 - __main__ - INFO - 🚀 EXECUTING TRADE: AUDCAD_otc CALL $1.1 (expiry: 60s)
2025-06-03 14:02:04,183 - __main__ - INFO - 💰 REAL TRADING MODE: Executing actual trade on Pocket Option platform
2025-06-03 14:02:04,285 - __main__ - INFO - ✅ REAL TRADE EXECUTED: AUDCAD_otc CALL $1.1 - Trade ID: 3e099de3-ec72-4625-8873-91b9552d4070
2025-06-03 14:03:09,298 - __main__ - INFO - 🔍 Checking trade result for trade ID: 3e099de3-ec72-4625-8873-91b9552d4070
2025-06-03 14:03:09,298 - __main__ - ERROR - Error checking trade result: '>' not supported between instances of 'tuple' and 'int'
2025-06-03 14:03:18,850 - __main__ - INFO - 📨 Received message: Signal result: +$644...
2025-06-03 14:03:27,670 - __main__ - INFO - 📨 Received message: ?Excellent result!...
2025-06-03 14:03:36,632 - __main__ - INFO - 📨 Received message: **?Trading Pair: AUD/NZD (OTC)**...
2025-06-03 14:03:36,632 - __main__ - INFO - Parsed first message: Trading pair = AUD/NZD
2025-06-03 14:03:50,496 - __main__ - INFO - 📨 Received message: ?SET THE TIMER TO 00:01:00?

Third signal: Currency pair AUD/NZD 
HIGHER ? 
Trade time: 1 MIN...
2025-06-03 14:03:50,498 - __main__ - INFO - ✅ PARSED SIGNAL: {'timer': '00:01:00', 'pair': 'AUD/NZD', 'direction': 'HIGHER', 'expiry': 1}
2025-06-03 14:03:50,498 - __main__ - INFO - 🎯 COMPLETE SIGNAL DETECTED: {'pair': 'AUD/NZD', 'timer': '00:01:00', 'direction': 'HIGHER', 'expiry': 1, 'timestamp': '2025-06-03T16:03:50.498314+02:00', 'id': 'signal_20250603_140350_003', 'session_id': 'session_20250603_124526'}
2025-06-03 14:03:50,502 - __main__ - INFO - 🚀 EXECUTING TRADE IMMEDIATELY
2025-06-03 14:03:50,504 - timestamp_recorder - INFO - Trade execution timestamp recorded: trade_20250603_140350_003 (Delay: 4.0ms)
2025-06-03 14:03:50,504 - __main__ - INFO - 🎯 Using OTC pair: AUDNZD_otc for signal pair: AUD/NZD
2025-06-03 14:03:50,512 - __main__ - INFO - 🚀 EXECUTING TRADE: AUDNZD_otc CALL $1.1 (expiry: 60s)
2025-06-03 14:03:50,514 - __main__ - INFO - 💰 REAL TRADING MODE: Executing actual trade on Pocket Option platform
2025-06-03 14:03:50,717 - __main__ - INFO - ✅ REAL TRADE EXECUTED: AUDNZD_otc CALL $1.1 - Trade ID: a0617601-b9aa-4e38-8afd-77ee38bf412d
2025-06-03 14:04:55,727 - __main__ - INFO - 🔍 Checking trade result for trade ID: a0617601-b9aa-4e38-8afd-77ee38bf412d
2025-06-03 14:04:55,728 - __main__ - ERROR - Error checking trade result: '>' not supported between instances of 'tuple' and 'int'
2025-06-03 14:04:58,003 - __main__ - INFO - 📨 Received message: Signal result: +$644...
2025-06-03 14:05:07,818 - __main__ - INFO - 📨 Received message: ?Stability, the key to success...
2025-06-03 14:05:16,332 - __main__ - INFO - 📨 Received message: **?Trading Pair: AUD/CHF (OTC)**...
2025-06-03 14:05:16,332 - __main__ - INFO - Parsed first message: Trading pair = AUD/CHF
2025-06-03 14:05:30,515 - __main__ - INFO - 📨 Received message: ?SET THE TIMER TO 00:01:00?

Fourth signal: Currency pair AUD/CHF  
LOWER  ?
Trade time: 1 MIN...
2025-06-03 14:05:30,515 - __main__ - INFO - ✅ PARSED SIGNAL: {'timer': '00:01:00', 'pair': 'AUD/CHF', 'direction': 'LOWER', 'expiry': 1}
2025-06-03 14:05:30,515 - __main__ - INFO - 🎯 COMPLETE SIGNAL DETECTED: {'pair': 'AUD/CHF', 'timer': '00:01:00', 'direction': 'LOWER', 'expiry': 1, 'timestamp': '2025-06-03T16:05:30.515291+02:00', 'id': 'signal_20250603_140530_004', 'session_id': 'session_20250603_124526'}
2025-06-03 14:05:30,520 - __main__ - INFO - 🚀 EXECUTING TRADE IMMEDIATELY
2025-06-03 14:05:30,521 - timestamp_recorder - INFO - Trade execution timestamp recorded: trade_20250603_140530_004 (Delay: 4.0ms)
2025-06-03 14:05:30,521 - __main__ - INFO - 🎯 Using OTC pair: AUDCHF_otc for signal pair: AUD/CHF
2025-06-03 14:05:30,529 - __main__ - INFO - 🚀 EXECUTING TRADE: AUDCHF_otc PUT $1.1 (expiry: 60s)
2025-06-03 14:05:30,529 - __main__ - INFO - 💰 REAL TRADING MODE: Executing actual trade on Pocket Option platform
2025-06-03 14:05:30,631 - __main__ - INFO - ✅ REAL TRADE EXECUTED: AUDCHF_otc PUT $1.1 - Trade ID: 8bfa4405-84a7-4059-aafa-1bf1d14f8dae
2025-06-03 14:06:35,645 - __main__ - INFO - 🔍 Checking trade result for trade ID: 8bfa4405-84a7-4059-aafa-1bf1d14f8dae
2025-06-03 14:06:35,645 - __main__ - ERROR - Error checking trade result: '>' not supported between instances of 'tuple' and 'int'
2025-06-03 14:06:43,929 - __main__ - INFO - 📨 Received message: Signal result: +$644...
2025-06-03 14:06:53,434 - __main__ - INFO - 📨 Received message: ?Incredible win...
2025-06-03 14:11:55,199 - __main__ - INFO - 📨 Received message: ? Congratulations to the Private Trading Club participants on a successful trading session! ?  
  
R...
2025-06-03 14:12:22,980 - __main__ - INFO - Shutting down Self Bot...
2025-06-03 14:12:22,983 - telethon.network.mtprotosender - INFO - Disconnecting from 149.154.167.92:443/TcpFull...
2025-06-03 14:12:22,983 - telethon.network.mtprotosender - INFO - Disconnection from 149.154.167.92:443/TcpFull complete!
2025-06-09 13:11:45,756 - session_manager - INFO - SessionManager initialized successfully
2025-06-09 13:11:45,849 - session_manager - INFO - SignalDeduplicator initialized successfully
2025-06-09 13:11:45,850 - __main__ - INFO - Initializing Telegram client...
2025-06-09 13:11:46,012 - telethon.network.mtprotosender - INFO - Connecting to 149.154.167.51:443/TcpFull...
2025-06-09 13:11:47,591 - telethon.network.mtprotosender - INFO - Connection to 149.154.167.51:443/TcpFull complete!
2025-06-09 13:12:45,696 - __main__ - ERROR - Error initializing Telegram client: The used phone number has been banned from Telegram and cannot be used anymore. Maybe check https://www.telegram.org/faq_spam (caused by SendCodeRequest)
2025-06-09 13:12:45,697 - __main__ - ERROR - Failed to initialize Telegram client. Exiting...
2025-06-09 13:13:21,913 - session_manager - INFO - SessionManager initialized successfully
2025-06-09 13:13:21,914 - session_manager - INFO - SignalDeduplicator initialized successfully
2025-06-09 13:13:21,914 - __main__ - INFO - Initializing Telegram client...
2025-06-09 13:13:21,936 - telethon.network.mtprotosender - INFO - Connecting to 149.154.167.51:443/TcpFull...
2025-06-09 13:13:21,958 - telethon.network.mtprotosender - INFO - Connection to 149.154.167.51:443/TcpFull complete!
2025-06-09 13:13:35,624 - __main__ - ERROR - Error initializing Telegram client: The used phone number has been banned from Telegram and cannot be used anymore. Maybe check https://www.telegram.org/faq_spam (caused by SendCodeRequest)
2025-06-09 13:13:35,657 - __main__ - ERROR - Failed to initialize Telegram client. Exiting...
2025-06-09 13:15:48,689 - __main__ - INFO - Using 'sessions' for session-related data files.
2025-06-09 13:15:48,771 - session_manager - INFO - Found externally started active session in sessions\active_session.json: session_20250603_124526
2025-06-09 13:15:48,772 - session_manager - INFO - Successfully loaded and adopted active session from sessions\active_session.json: session_20250603_124526
2025-06-09 13:15:48,773 - session_manager - INFO - SessionManager initialized successfully
2025-06-09 13:15:48,785 - session_manager - INFO - SignalDeduplicator initialized successfully
2025-06-09 13:15:48,786 - __main__ - INFO - Initializing Telegram client...
2025-06-09 13:15:48,882 - telethon.network.mtprotosender - INFO - Connecting to 149.154.167.51:443/TcpFull...
2025-06-09 13:15:48,900 - telethon.network.mtprotosender - INFO - Connection to 149.154.167.51:443/TcpFull complete!
2025-06-09 13:16:00,460 - __main__ - ERROR - Error initializing Telegram client: The used phone number has been banned from Telegram and cannot be used anymore. Maybe check https://www.telegram.org/faq_spam (caused by SendCodeRequest)
2025-06-09 13:16:00,460 - __main__ - ERROR - Failed to initialize Telegram client. Exiting...
2025-06-09 13:36:19,299 - __main__ - INFO - Using 'sessions' for session-related data files.
2025-06-09 13:36:19,371 - session_manager - INFO - Found externally started active session in sessions\active_session.json: SE1-20250609
2025-06-09 13:36:19,373 - session_manager - INFO - Successfully loaded and adopted active session from sessions\active_session.json: SE1-20250609
2025-06-09 13:36:19,373 - session_manager - INFO - SessionManager initialized successfully
2025-06-09 13:36:19,375 - session_manager - INFO - SignalDeduplicator initialized successfully
2025-06-09 13:36:19,379 - __main__ - INFO - Initializing Telegram client...
2025-06-09 13:36:19,400 - telethon.network.mtprotosender - INFO - Connecting to 149.154.167.51:443/TcpFull...
2025-06-09 13:36:19,418 - telethon.network.mtprotosender - INFO - Connection to 149.154.167.51:443/TcpFull complete!
2025-06-09 13:36:34,255 - telethon.client.users - INFO - Phone migrated to 4
2025-06-09 13:36:34,294 - telethon.client.telegrambaseclient - INFO - Reconnecting to new data center 4
2025-06-09 13:36:34,345 - telethon.network.mtprotosender - INFO - Disconnecting from 149.154.167.51:443/TcpFull...
2025-06-09 13:36:34,359 - telethon.network.mtprotosender - INFO - Disconnection from 149.154.167.51:443/TcpFull complete!
2025-06-09 13:36:34,361 - telethon.network.mtprotosender - INFO - Connecting to 149.154.167.91:443/TcpFull...
2025-06-09 13:36:35,989 - telethon.network.mtprotosender - INFO - Connection to 149.154.167.91:443/TcpFull complete!
2025-06-09 13:36:57,319 - __main__ - INFO - Started Telegram client in user account mode
2025-06-09 13:36:57,319 - __main__ - INFO - Already authenticated using existing session
2025-06-09 13:36:57,362 - __main__ - INFO - Logged in as: Pieter Stanton (@piet43)
2025-06-09 13:36:57,369 - __main__ - INFO - Initializing Pocket Option client (Demo mode: False)
2025-06-09 13:36:57,372 - __main__ - INFO - Successfully connected to Pocket Option API
2025-06-09 13:37:00,403 - __main__ - INFO - Account balance: None
2025-06-09 13:37:00,423 - __main__ - INFO - Subscription to favorite pairs is currently disabled due to API limitations.
2025-06-09 13:37:00,425 - __main__ - INFO - JSON storage initialized successfully
2025-06-09 13:37:00,427 - __main__ - INFO - Using already loaded session: SE1-20250609
2025-06-09 13:37:00,450 - __main__ - WARNING - Could not get current balance for loaded session SE1-20250609; balance_start may be stale.
2025-06-09 13:37:00,459 - __main__ - INFO - ✅ Session management initialized with existing session: SE1-20250609
2025-06-09 13:37:03,460 - __main__ - ERROR - Failed to retrieve balance after multiple attempts
2025-06-09 13:37:03,460 - __main__ - ERROR - Could not fetch balance, using default trade amount
2025-06-09 13:37:03,460 - __main__ - INFO - ✅ Self Bot v1.5 initialized successfully
2025-06-09 13:37:03,460 - __main__ - INFO - 💰 REAL TRADING MODE ENABLED
2025-06-09 13:37:03,460 - __main__ - INFO - Bot is now monitoring for signals...
2025-06-09 13:37:03,460 - __main__ - INFO - Accessing channel: BINARY TRADING CLUB
2025-06-09 13:37:03,506 - __main__ - INFO - Accessed channel by ID: BINARY TRADING CLUB
2025-06-09 13:37:03,514 - __main__ - INFO - Starting monitoring of channel: BINARY TRADING CLUB
2025-06-09 13:37:03,514 - __main__ - INFO - Event handler registered. Waiting for signals...
2025-06-09 13:37:35,271 - telethon.client.updates - INFO - Got difference for account updates
2025-06-09 13:38:35,272 - telethon.client.updates - INFO - Got difference for account updates
2025-06-09 13:38:45,246 - __main__ - INFO - Shutting down Self Bot...
2025-06-09 13:38:45,246 - telethon.network.mtprotosender - INFO - Disconnecting from 149.154.167.91:443/TcpFull...
2025-06-09 13:38:45,247 - telethon.network.mtprotosender - INFO - Disconnection from 149.154.167.91:443/TcpFull complete!
2025-06-09 13:38:57,548 - session_manager - INFO - SessionManager initialized successfully
2025-06-09 13:38:57,549 - session_manager - INFO - SignalDeduplicator initialized successfully
2025-06-09 13:38:57,552 - __main__ - INFO - Initializing Telegram client...
2025-06-09 13:38:57,618 - telethon.network.mtprotosender - INFO - Connecting to 149.154.167.91:443/TcpFull...
2025-06-09 13:38:57,634 - telethon.network.mtprotosender - INFO - Connection to 149.154.167.91:443/TcpFull complete!
2025-06-09 13:38:57,882 - __main__ - INFO - Started Telegram client in user account mode
2025-06-09 13:38:57,882 - __main__ - INFO - Already authenticated using existing session
2025-06-09 13:38:57,905 - __main__ - INFO - Logged in as: Pieter Stanton (@piet43)
2025-06-09 13:38:57,934 - __main__ - INFO - Initializing Pocket Option client (Demo mode: False)
2025-06-09 13:38:57,980 - __main__ - INFO - Successfully connected to Pocket Option API
2025-06-09 13:39:00,988 - __main__ - INFO - Account balance: None
2025-06-09 13:39:00,994 - __main__ - INFO - Subscription to favorite pairs is currently disabled due to API limitations.
2025-06-09 13:39:00,996 - __main__ - INFO - JSON storage initialized successfully
2025-06-09 13:39:00,998 - session_manager - INFO - New session started: session_20250609_153900
2025-06-09 13:39:00,999 - __main__ - INFO - ✅ Session management initialized: session_20250609_153900
2025-06-09 13:39:04,003 - __main__ - ERROR - Failed to retrieve balance after multiple attempts
2025-06-09 13:39:04,003 - __main__ - ERROR - Could not fetch balance, using default trade amount
2025-06-09 13:39:04,003 - __main__ - INFO - ✅ Self Bot v1.5 initialized successfully
2025-06-09 13:39:04,003 - __main__ - INFO - 💰 REAL TRADING MODE ENABLED
2025-06-09 13:39:04,003 - __main__ - INFO - Bot is now monitoring for signals...
2025-06-09 13:39:04,003 - __main__ - INFO - Accessing channel: BINARY TRADING CLUB
2025-06-09 13:39:04,046 - __main__ - INFO - Accessed channel by ID: BINARY TRADING CLUB
2025-06-09 13:39:04,064 - __main__ - INFO - Starting monitoring of channel: BINARY TRADING CLUB
2025-06-09 13:39:04,068 - __main__ - INFO - Event handler registered. Waiting for signals...
2025-06-09 13:39:35,292 - telethon.client.updates - INFO - Got difference for account updates
2025-06-09 13:39:44,259 - __main__ - INFO - Shutting down Self Bot...
2025-06-09 13:39:44,260 - telethon.network.mtprotosender - INFO - Disconnecting from 149.154.167.91:443/TcpFull...
2025-06-09 13:39:44,260 - telethon.network.mtprotosender - INFO - Disconnection from 149.154.167.91:443/TcpFull complete!
2025-06-09 13:43:11,517 - __main__ - INFO - Using 'sessions' for session-related data files.
2025-06-09 13:43:11,588 - session_manager - INFO - Found externally started active session in sessions\active_session.json: session_20250609_153900
2025-06-09 13:43:11,589 - session_manager - INFO - Successfully loaded and adopted active session from sessions\active_session.json: session_20250609_153900
2025-06-09 13:43:11,591 - session_manager - INFO - SessionManager initialized successfully
2025-06-09 13:43:11,593 - session_manager - INFO - SignalDeduplicator initialized successfully
2025-06-09 13:43:11,595 - __main__ - INFO - Initializing Telegram client...
2025-06-09 13:43:11,769 - telethon.network.mtprotosender - INFO - Connecting to 149.154.167.91:443/TcpFull...
2025-06-09 13:43:11,791 - telethon.network.mtprotosender - INFO - Connection to 149.154.167.91:443/TcpFull complete!
2025-06-09 13:43:12,239 - __main__ - INFO - Started Telegram client in user account mode
2025-06-09 13:43:12,415 - __main__ - INFO - Already authenticated using existing session
2025-06-09 13:43:12,449 - __main__ - INFO - Logged in as: Pieter Stanton (@piet43)
2025-06-09 13:43:12,664 - __main__ - INFO - Initializing Pocket Option client (Demo mode: False)
2025-06-09 13:43:12,929 - __main__ - INFO - Successfully connected to Pocket Option API
2025-06-09 13:43:15,933 - __main__ - INFO - Account balance: None
2025-06-09 13:43:15,981 - __main__ - INFO - Subscription to favorite pairs is currently disabled due to API limitations.
2025-06-09 13:43:15,982 - __main__ - INFO - JSON storage initialized successfully
2025-06-09 13:43:15,982 - __main__ - INFO - Using already loaded session: session_20250609_153900
2025-06-09 13:43:15,983 - __main__ - WARNING - Could not get current balance for loaded session session_20250609_153900; balance_start may be stale.
2025-06-09 13:43:15,983 - __main__ - INFO - ✅ Session management initialized with existing session: session_20250609_153900
2025-06-09 13:43:18,985 - __main__ - ERROR - Failed to retrieve balance after multiple attempts
2025-06-09 13:43:18,986 - __main__ - ERROR - Could not fetch balance, using default trade amount
2025-06-09 13:43:18,986 - __main__ - INFO - ✅ Self Bot v1.5 initialized successfully
2025-06-09 13:43:18,986 - __main__ - INFO - 💰 REAL TRADING MODE ENABLED
2025-06-09 13:43:18,986 - __main__ - INFO - Bot is now monitoring for signals...
2025-06-09 13:43:18,987 - __main__ - INFO - Accessing channel: BINARY TRADING CLUB
2025-06-09 13:43:19,073 - __main__ - INFO - Accessed channel by ID: BINARY TRADING CLUB
2025-06-09 13:43:19,112 - __main__ - INFO - Starting monitoring of channel: BINARY TRADING CLUB
2025-06-09 13:43:19,112 - __main__ - INFO - Event handler registered. Waiting for signals...
2025-06-09 13:45:50,726 - __main__ - INFO - Using 'sessions' for session-related data files.
2025-06-09 13:45:50,792 - session_manager - INFO - Found externally started active session in sessions\active_session.json: session_20250609_153900
2025-06-09 13:45:50,794 - session_manager - INFO - Successfully loaded and adopted active session from sessions\active_session.json: session_20250609_153900
2025-06-09 13:45:50,794 - session_manager - INFO - SessionManager initialized successfully
2025-06-09 13:45:50,795 - session_manager - INFO - SignalDeduplicator initialized successfully
2025-06-09 13:45:50,795 - __main__ - INFO - Initializing Telegram client...
2025-06-09 13:45:50,842 - telethon.network.mtprotosender - INFO - Connecting to 149.154.167.91:443/TcpFull...
2025-06-09 13:45:50,884 - telethon.network.mtprotosender - INFO - Connection to 149.154.167.91:443/TcpFull complete!
2025-06-09 13:45:51,080 - __main__ - INFO - Started Telegram client in user account mode
2025-06-09 13:45:51,080 - __main__ - INFO - Already authenticated using existing session
2025-06-09 13:45:51,105 - __main__ - INFO - Logged in as: Pieter Stanton (@piet43)
2025-06-09 13:45:51,106 - __main__ - INFO - Initializing Pocket Option client (Demo mode: True)
2025-06-09 13:45:51,164 - __main__ - INFO - Successfully connected to Pocket Option API
2025-06-09 13:45:52,536 - __main__ - INFO - Account balance: 51494.35
2025-06-09 13:45:52,669 - __main__ - INFO - Subscription to favorite pairs is currently disabled due to API limitations.
2025-06-09 13:45:52,676 - __main__ - INFO - JSON storage initialized successfully
2025-06-09 13:45:52,697 - __main__ - INFO - Using already loaded session: session_20250609_153900
2025-06-09 13:45:52,704 - __main__ - INFO - Updated balance_start for loaded session session_20250609_153900 to 51494.35
2025-06-09 13:45:52,709 - __main__ - INFO - ✅ Session management initialized with existing session: session_20250609_153900
2025-06-09 13:45:52,709 - __main__ - INFO - 💰 Current Balance: $51494.35
2025-06-09 13:46:24,882 - __main__ - INFO - 💵 Custom Amount: $5.00
2025-06-09 13:46:31,046 - __main__ - INFO - ✅ Trading amount set to $5.00 for this session
2025-06-09 13:46:31,165 - __main__ - INFO - ✅ Self Bot v1.5 initialized successfully
2025-06-09 13:46:31,165 - __main__ - INFO - 💰 REAL TRADING MODE ENABLED
2025-06-09 13:46:31,165 - __main__ - INFO - Bot is now monitoring for signals...
2025-06-09 13:46:31,166 - __main__ - INFO - Accessing channel: BINARY TRADING CLUB
2025-06-09 13:46:31,227 - __main__ - INFO - Accessed channel by ID: BINARY TRADING CLUB
2025-06-09 13:46:31,229 - __main__ - INFO - Starting monitoring of channel: BINARY TRADING CLUB
2025-06-09 13:46:31,229 - __main__ - INFO - Event handler registered. Waiting for signals...
2025-06-09 13:46:43,699 - __main__ - INFO - Shutting down Self Bot...
2025-06-09 13:46:43,699 - telethon.network.mtprotosender - INFO - Disconnecting from 149.154.167.91:443/TcpFull...
2025-06-09 13:46:43,700 - telethon.network.mtprotosender - INFO - Disconnection from 149.154.167.91:443/TcpFull complete!
2025-06-09 13:56:02,262 - __main__ - INFO - Using 'sessions' for session-related data files.
2025-06-09 13:56:02,333 - session_manager - INFO - Found externally started active session in sessions\active_session.json: session_20250609_153900
2025-06-09 13:56:02,335 - session_manager - INFO - Successfully loaded and adopted active session from sessions\active_session.json: session_20250609_153900
2025-06-09 13:56:02,335 - session_manager - INFO - SessionManager initialized successfully
2025-06-09 13:56:02,337 - session_manager - INFO - SignalDeduplicator initialized successfully
2025-06-09 13:56:02,337 - __main__ - INFO - Initializing Telegram client...
2025-06-09 13:56:02,410 - telethon.network.mtprotosender - INFO - Connecting to 149.154.167.91:443/TcpFull...
2025-06-09 13:56:02,426 - telethon.network.mtprotosender - INFO - Connection to 149.154.167.91:443/TcpFull complete!
2025-06-09 13:56:02,878 - __main__ - INFO - Started Telegram client in user account mode
2025-06-09 13:56:02,878 - __main__ - INFO - Already authenticated using existing session
2025-06-09 13:56:02,941 - __main__ - INFO - Logged in as: Pieter Stanton (@piet43)
2025-06-09 13:56:02,941 - __main__ - INFO - Initializing Pocket Option client (Demo mode: True)
2025-06-09 13:56:02,941 - __main__ - INFO - Successfully connected to Pocket Option API
2025-06-09 13:56:03,943 - __main__ - INFO - Account balance: 51494.35
2025-06-09 13:56:03,949 - __main__ - INFO - Subscription to favorite pairs is currently disabled due to API limitations.
2025-06-09 13:56:03,949 - __main__ - INFO - JSON storage initialized successfully
2025-06-09 13:56:03,949 - __main__ - INFO - Using already loaded session: session_20250609_153900
2025-06-09 13:56:03,976 - __main__ - INFO - Updated balance_start for loaded session session_20250609_153900 to 51494.35
2025-06-09 13:56:03,976 - __main__ - INFO - ✅ Session management initialized with existing session: session_20250609_153900
2025-06-09 13:56:03,978 - __main__ - INFO - 💰 Current Balance: $51494.35
2025-06-09 13:56:14,255 - __main__ - INFO - 💵 Custom Amount: $5.00
2025-06-09 13:56:31,632 - __main__ - INFO - ✅ Trading amount set to $5.00 for this session
2025-06-09 13:56:31,636 - __main__ - INFO - ✅ Self Bot v1.5 initialized successfully
2025-06-09 13:56:31,638 - __main__ - INFO - 💰 REAL TRADING MODE ENABLED
2025-06-09 13:56:31,638 - __main__ - INFO - Bot is now monitoring for signals...
2025-06-09 13:56:31,638 - __main__ - INFO - Accessing channel: BINARY TRADING CLUB
2025-06-09 13:56:31,659 - __main__ - INFO - Accessed channel by ID: BINARY TRADING CLUB
2025-06-09 13:56:31,659 - __main__ - INFO - Starting monitoring of channel: BINARY TRADING CLUB
2025-06-09 13:56:31,659 - __main__ - INFO - Event handler registered. Waiting for signals...
2025-06-09 14:00:01,135 - __main__ - INFO - 📨 Received message: **? The trading session has already started! Let's go!**...
2025-06-09 14:00:03,300 - __main__ - INFO - 📨 Received message: **?Trading Pair: AUD/USD (OTC)**...
2025-06-09 14:00:03,301 - __main__ - INFO - Parsed first message: Trading pair = AUD/USD
2025-06-09 14:00:04,698 - __main__ - INFO - 📨 Received message: ?SET THE TIMER TO 00:01:00?

First signal: Currency pair AUD/USD 
HIGHER ? 
Trade time: 1 MIN...
2025-06-09 14:00:04,698 - __main__ - INFO - ✅ PARSED SIGNAL: {'timer': '00:01:00', 'pair': 'AUD/USD', 'direction': 'HIGHER', 'expiry': 1}
2025-06-09 14:00:04,700 - __main__ - INFO - 🎯 COMPLETE SIGNAL DETECTED: {'pair': 'AUD/USD', 'timer': '00:01:00', 'direction': 'HIGHER', 'expiry': 1, 'timestamp': '2025-06-09T16:00:04.698863+02:00', 'id': 'signal_20250609_140004_001', 'session_id': 'session_20250609_153900'}
2025-06-09 14:00:04,736 - __main__ - INFO - 🚀 EXECUTING TRADE IMMEDIATELY
2025-06-09 14:00:04,736 - timestamp_recorder - INFO - Trade execution timestamp recorded: trade_20250609_140004_001 (Delay: 35.4ms)
2025-06-09 14:00:04,738 - __main__ - INFO - 🎯 Using OTC pair: AUDUSD_otc for signal pair: AUD/USD
2025-06-09 14:00:04,791 - __main__ - INFO - 🚀 EXECUTING TRADE: AUDUSD_otc CALL $5.0 (expiry: 60s)
2025-06-09 14:00:04,791 - __main__ - INFO - 💰 REAL TRADING MODE: Executing actual trade on Pocket Option platform
2025-06-09 14:00:04,894 - __main__ - INFO - ✅ REAL TRADE EXECUTED: AUDUSD_otc CALL $5.0 - Trade ID: d2558957-8971-4c88-9177-a678ba934cff
2025-06-09 14:01:09,917 - __main__ - INFO - 🔍 Checking trade result for trade ID: d2558957-8971-4c88-9177-a678ba934cff
2025-06-09 14:01:09,917 - __main__ - ERROR - Error checking trade result: '>' not supported between instances of 'tuple' and 'int'
2025-06-09 14:01:14,857 - __main__ - INFO - 📨 Received message: Signal result: +$644...
2025-06-09 14:01:24,802 - __main__ - INFO - 📨 Received message: ?Wonderful trade...
2025-06-09 14:01:27,892 - __main__ - INFO - 📨 Received message: **?Trading Pair: AUD/NZD (OTC)**...
2025-06-09 14:01:27,892 - __main__ - INFO - Parsed first message: Trading pair = AUD/NZD
2025-06-09 14:01:35,773 - __main__ - INFO - 📨 Received message: ?SET THE TIMER TO 00:01:00?

Second signal: Currency pair AUD/NZD 
HIGHER ? 
Trade time: 1 MIN...
2025-06-09 14:01:35,773 - __main__ - INFO - ✅ PARSED SIGNAL: {'timer': '00:01:00', 'pair': 'AUD/NZD', 'direction': 'HIGHER', 'expiry': 1}
2025-06-09 14:01:35,773 - __main__ - INFO - 🎯 COMPLETE SIGNAL DETECTED: {'pair': 'AUD/NZD', 'timer': '00:01:00', 'direction': 'HIGHER', 'expiry': 1, 'timestamp': '2025-06-09T16:01:35.773145+02:00', 'id': 'signal_20250609_140135_002', 'session_id': 'session_20250609_153900'}
2025-06-09 14:01:35,815 - __main__ - INFO - 🚀 EXECUTING TRADE IMMEDIATELY
2025-06-09 14:01:35,815 - timestamp_recorder - INFO - Trade execution timestamp recorded: trade_20250609_140135_002 (Delay: 14.8ms)
2025-06-09 14:01:35,817 - __main__ - INFO - 🎯 Using OTC pair: AUDNZD_otc for signal pair: AUD/NZD
2025-06-09 14:01:35,852 - __main__ - INFO - 🚀 EXECUTING TRADE: AUDNZD_otc CALL $5.0 (expiry: 60s)
2025-06-09 14:01:35,852 - __main__ - INFO - 💰 REAL TRADING MODE: Executing actual trade on Pocket Option platform
2025-06-09 14:01:35,954 - __main__ - INFO - ✅ REAL TRADE EXECUTED: AUDNZD_otc CALL $5.0 - Trade ID: 3afeef51-f7e4-4593-9d46-9d899ae93c94
2025-06-09 14:02:40,973 - __main__ - INFO - 🔍 Checking trade result for trade ID: 3afeef51-f7e4-4593-9d46-9d899ae93c94
2025-06-09 14:02:40,973 - __main__ - ERROR - Error checking trade result: '>' not supported between instances of 'tuple' and 'int'
2025-06-09 14:03:00,733 - __main__ - INFO - 📨 Received message: Signal result: +$644...
2025-06-09 14:03:08,912 - __main__ - INFO - 📨 Received message: ?Excellent result!...
2025-06-09 14:03:11,882 - __main__ - INFO - 📨 Received message: **?Trading Pair: AUD/CHF (OTC)**...
2025-06-09 14:03:11,882 - __main__ - INFO - Parsed first message: Trading pair = AUD/CHF
2025-06-09 14:03:17,913 - __main__ - INFO - 📨 Received message: ?SET THE TIMER TO 00:01:00?

Third signal: Currency pair AUD/CHF 
LOWER  ?
Trade time: 1 MIN...
2025-06-09 14:03:17,913 - __main__ - INFO - ✅ PARSED SIGNAL: {'timer': '00:01:00', 'pair': 'AUD/CHF', 'direction': 'LOWER', 'expiry': 1}
2025-06-09 14:03:17,913 - __main__ - INFO - 🎯 COMPLETE SIGNAL DETECTED: {'pair': 'AUD/CHF', 'timer': '00:01:00', 'direction': 'LOWER', 'expiry': 1, 'timestamp': '2025-06-09T16:03:17.913780+02:00', 'id': 'signal_20250609_140317_003', 'session_id': 'session_20250609_153900'}
2025-06-09 14:03:17,949 - __main__ - INFO - 🚀 EXECUTING TRADE IMMEDIATELY
2025-06-09 14:03:17,952 - timestamp_recorder - INFO - Trade execution timestamp recorded: trade_20250609_140317_003 (Delay: 17.0ms)
2025-06-09 14:03:17,952 - __main__ - INFO - 🎯 Using OTC pair: AUDCHF_otc for signal pair: AUD/CHF
2025-06-09 14:03:17,984 - __main__ - INFO - 🚀 EXECUTING TRADE: AUDCHF_otc PUT $5.0 (expiry: 60s)
2025-06-09 14:03:17,984 - __main__ - INFO - 💰 REAL TRADING MODE: Executing actual trade on Pocket Option platform
2025-06-09 14:03:18,087 - __main__ - INFO - ✅ REAL TRADE EXECUTED: AUDCHF_otc PUT $5.0 - Trade ID: fed72dfb-8f33-494a-b284-56144de2fc95
2025-06-09 14:04:23,108 - __main__ - INFO - 🔍 Checking trade result for trade ID: fed72dfb-8f33-494a-b284-56144de2fc95
2025-06-09 14:04:23,108 - __main__ - ERROR - Error checking trade result: '>' not supported between instances of 'tuple' and 'int'
2025-06-09 14:04:25,290 - __main__ - INFO - 📨 Received message: Signal result: +$0...
2025-06-09 14:04:35,141 - __main__ - INFO - 📨 Received message: ?Bad luck...
2025-06-09 14:04:38,145 - __main__ - INFO - 📨 Received message: **?Trading Pair: AUD/CAD (OTC)**...
2025-06-09 14:04:38,145 - __main__ - INFO - Parsed first message: Trading pair = AUD/CAD
2025-06-09 14:04:47,245 - __main__ - INFO - 📨 Received message: ?SET THE TIMER TO 00:01:00?

Fourth signal: Currency pair AUD/CAD  
HIGHER ? 
Trade time: 1 MIN...
2025-06-09 14:04:47,245 - __main__ - INFO - ✅ PARSED SIGNAL: {'timer': '00:01:00', 'pair': 'AUD/CAD', 'direction': 'HIGHER', 'expiry': 1}
2025-06-09 14:04:47,245 - __main__ - INFO - 🎯 COMPLETE SIGNAL DETECTED: {'pair': 'AUD/CAD', 'timer': '00:01:00', 'direction': 'HIGHER', 'expiry': 1, 'timestamp': '2025-06-09T16:04:47.245127+02:00', 'id': 'signal_20250609_140447_004', 'session_id': 'session_20250609_153900'}
2025-06-09 14:04:47,272 - __main__ - INFO - 🚀 EXECUTING TRADE IMMEDIATELY
2025-06-09 14:04:47,274 - timestamp_recorder - INFO - Trade execution timestamp recorded: trade_20250609_140447_004 (Delay: 13.8ms)
2025-06-09 14:04:47,274 - __main__ - INFO - 🎯 Using OTC pair: AUDCAD_otc for signal pair: AUD/CAD
2025-06-09 14:04:47,307 - __main__ - INFO - 🚀 EXECUTING TRADE: AUDCAD_otc CALL $5.0 (expiry: 60s)
2025-06-09 14:04:47,308 - __main__ - INFO - 💰 REAL TRADING MODE: Executing actual trade on Pocket Option platform
2025-06-09 14:04:47,410 - __main__ - INFO - ✅ REAL TRADE EXECUTED: AUDCAD_otc CALL $5.0 - Trade ID: 889585f8-841f-4175-83fd-a94bac71dbd3
2025-06-09 14:05:52,430 - __main__ - INFO - 🔍 Checking trade result for trade ID: 889585f8-841f-4175-83fd-a94bac71dbd3
2025-06-09 14:05:52,430 - __main__ - ERROR - Error checking trade result: '>' not supported between instances of 'tuple' and 'int'
2025-06-09 14:05:54,342 - __main__ - INFO - 📨 Received message: Signal result: +$644...
2025-06-09 14:06:04,132 - __main__ - INFO - 📨 Received message: ?Stability, the key to success...
2025-06-09 14:07:57,647 - __main__ - INFO - 📨 Received message: ? Congratulations to the Private Trading Club participants on a successful trading session! ?  
  
R...
2025-06-09 14:10:13,265 - __main__ - INFO - Shutting down Self Bot...
2025-06-09 14:10:13,265 - telethon.network.mtprotosender - INFO - Disconnecting from 149.154.167.91:443/TcpFull...
2025-06-09 14:10:13,265 - telethon.network.mtprotosender - INFO - Disconnection from 149.154.167.91:443/TcpFull complete!
2025-06-09 20:36:00,312 - __main__ - INFO - Using 'sessions' for session-related data files.
2025-06-09 20:36:00,314 - session_manager - INFO - Found externally started active session in sessions\active_session.json: session_20250609_153900
2025-06-09 20:36:00,316 - session_manager - INFO - Successfully loaded and adopted active session from sessions\active_session.json: session_20250609_153900
2025-06-09 20:36:00,316 - session_manager - INFO - SessionManager initialized successfully
2025-06-09 20:36:00,317 - session_manager - INFO - SignalDeduplicator initialized successfully
2025-06-09 20:36:00,317 - __main__ - INFO - Initializing Telegram client...
2025-06-09 20:36:00,421 - telethon.network.mtprotosender - INFO - Connecting to 149.154.167.91:443/TcpFull...
2025-06-09 20:36:00,438 - telethon.network.mtprotosender - INFO - Connection to 149.154.167.91:443/TcpFull complete!
2025-06-09 20:36:00,955 - __main__ - INFO - Started Telegram client in user account mode
2025-06-09 20:36:00,998 - __main__ - INFO - Already authenticated using existing session
2025-06-09 20:36:01,032 - __main__ - INFO - Logged in as: Pieter Stanton (@piet43)
2025-06-09 20:36:01,165 - __main__ - INFO - Initializing Pocket Option client (Demo mode: True)
2025-06-09 20:36:01,983 - __main__ - INFO - Successfully connected to Pocket Option API
2025-06-09 20:36:03,053 - __main__ - INFO - Account balance: 51483.95
2025-06-09 20:36:03,202 - __main__ - INFO - Subscription to favorite pairs is currently disabled due to API limitations.
2025-06-09 20:36:03,294 - __main__ - INFO - JSON storage initialized successfully
2025-06-09 20:36:03,340 - __main__ - INFO - Using already loaded session: session_20250609_153900
2025-06-09 20:36:03,405 - __main__ - INFO - Updated balance_start for loaded session session_20250609_153900 to 51483.95
2025-06-09 20:36:03,406 - __main__ - INFO - ✅ Session management initialized with existing session: session_20250609_153900
2025-06-09 20:36:03,407 - __main__ - INFO - 💰 Current Balance: $51483.95
2025-06-09 20:36:21,027 - __main__ - INFO - 💵 Custom Amount: $5.00
2025-06-09 20:36:27,892 - __main__ - INFO - ✅ Trading amount set to $5.00 for this session
2025-06-09 20:36:27,942 - __main__ - INFO - ✅ Self Bot v1.5 initialized successfully
2025-06-09 20:36:27,943 - __main__ - INFO - 💰 REAL TRADING MODE ENABLED
2025-06-09 20:36:27,943 - __main__ - INFO - Bot is now monitoring for signals...
2025-06-09 20:36:27,944 - __main__ - INFO - Accessing channel: BINARY TRADING CLUB
2025-06-09 20:36:28,035 - __main__ - INFO - Accessed channel by ID: BINARY TRADING CLUB
2025-06-09 20:36:28,056 - __main__ - INFO - Starting monitoring of channel: BINARY TRADING CLUB
2025-06-09 20:36:28,056 - __main__ - INFO - Event handler registered. Waiting for signals...
2025-06-09 20:36:54,952 - __main__ - INFO - Shutting down Self Bot...
2025-06-09 20:36:54,954 - telethon.network.mtprotosender - INFO - Disconnecting from 149.154.167.91:443/TcpFull...
2025-06-09 20:36:54,954 - telethon.network.mtprotosender - INFO - Disconnection from 149.154.167.91:443/TcpFull complete!
2025-06-09 20:49:14,367 - __main__ - INFO - Using 'sessions' for session-related data files.
2025-06-09 20:49:14,379 - session_manager - INFO - Found externally started active session in sessions\active_session.json: session_20250609_153900
2025-06-09 20:49:14,383 - session_manager - INFO - Successfully loaded and adopted active session from sessions\active_session.json: session_20250609_153900
2025-06-09 20:49:14,386 - session_manager - INFO - SessionManager initialized successfully
2025-06-09 20:49:14,388 - session_manager - INFO - SignalDeduplicator initialized successfully
2025-06-09 20:49:48,292 - __main__ - INFO - Using 'sessions' for session-related data files.
2025-06-09 20:49:48,305 - session_manager - INFO - Found externally started active session in sessions\active_session.json: session_20250609_153900
2025-06-09 20:49:48,389 - session_manager - INFO - Successfully loaded and adopted active session from sessions\active_session.json: session_20250609_153900
2025-06-09 20:49:48,390 - session_manager - INFO - SessionManager initialized successfully
2025-06-09 20:49:48,391 - session_manager - INFO - SignalDeduplicator initialized successfully
2025-06-09 20:49:48,392 - __main__ - INFO - Initializing Telegram client...
2025-06-09 20:49:48,426 - telethon.network.mtprotosender - INFO - Connecting to 149.154.167.91:443/TcpFull...
2025-06-09 20:49:48,445 - telethon.network.mtprotosender - INFO - Connection to 149.154.167.91:443/TcpFull complete!
2025-06-09 20:49:48,974 - __main__ - INFO - Started Telegram client in user account mode
2025-06-09 20:49:48,974 - __main__ - INFO - Already authenticated using existing session
2025-06-09 20:49:49,079 - __main__ - INFO - Logged in as: Pieter Stanton (@piet43)
2025-06-09 20:49:49,079 - __main__ - INFO - Initializing Pocket Option client (Demo mode: True)
2025-06-09 20:49:49,081 - __main__ - INFO - Successfully connected to Pocket Option API
2025-06-09 20:49:50,082 - __main__ - INFO - Account balance: 51483.95
2025-06-09 20:49:50,104 - __main__ - INFO - Subscription to favorite pairs is currently disabled due to API limitations.
2025-06-09 20:49:50,108 - __main__ - INFO - JSON storage initialized successfully
2025-06-09 20:49:50,108 - __main__ - INFO - Using already loaded session: session_20250609_153900
2025-06-09 20:49:50,319 - __main__ - INFO - Updated balance_start for loaded session session_20250609_153900 to 51483.95
2025-06-09 20:49:50,325 - __main__ - INFO - ✅ Session management initialized with existing session: session_20250609_153900
2025-06-09 20:49:50,390 - __main__ - INFO - 💰 Current Balance: $51483.95
2025-06-09 20:50:08,110 - __main__ - INFO - 💵 Custom Amount: $5.00
2025-06-09 20:50:11,701 - __main__ - INFO - ✅ Trading amount set to $5.00 for this session
2025-06-09 20:50:11,707 - __main__ - INFO - ✅ Self Bot v1.5 initialized successfully
2025-06-09 20:50:11,726 - __main__ - INFO - 💰 REAL TRADING MODE ENABLED
2025-06-09 20:50:11,751 - __main__ - INFO - Bot is now monitoring for signals...
2025-06-09 20:50:11,752 - __main__ - INFO - Accessing channel: BINARY TRADING CLUB
2025-06-09 20:50:11,802 - __main__ - INFO - Accessed channel by ID: BINARY TRADING CLUB
2025-06-09 20:50:11,828 - __main__ - INFO - Starting monitoring of channel: BINARY TRADING CLUB
2025-06-09 20:50:11,828 - __main__ - INFO - Event handler registered. Waiting for signals...
2025-06-09 20:50:16,341 - __main__ - INFO - Shutting down Self Bot...
2025-06-09 20:50:16,342 - telethon.network.mtprotosender - INFO - Disconnecting from 149.154.167.91:443/TcpFull...
2025-06-09 20:50:16,342 - telethon.network.mtprotosender - INFO - Disconnection from 149.154.167.91:443/TcpFull complete!
2025-06-09 20:54:00,847 - __main__ - INFO - Using 'sessions' for session-related data files.
2025-06-09 20:54:00,849 - session_manager - INFO - Found externally started active session in sessions\active_session.json: session_20250609_153900
2025-06-09 20:54:00,851 - session_manager - INFO - Successfully loaded and adopted active session from sessions\active_session.json: session_20250609_153900
2025-06-09 20:54:00,851 - session_manager - INFO - SessionManager initialized successfully
2025-06-09 20:54:00,851 - session_manager - INFO - SignalDeduplicator initialized successfully
2025-06-09 20:54:00,851 - __main__ - INFO - Initializing Telegram client...
2025-06-09 20:54:00,875 - telethon.network.mtprotosender - INFO - Connecting to 149.154.167.91:443/TcpFull...
2025-06-09 20:54:00,889 - telethon.network.mtprotosender - INFO - Connection to 149.154.167.91:443/TcpFull complete!
2025-06-09 20:54:01,068 - __main__ - INFO - Started Telegram client in user account mode
2025-06-09 20:54:01,068 - __main__ - INFO - Already authenticated using existing session
2025-06-09 20:54:01,088 - __main__ - INFO - Logged in as: Pieter Stanton (@piet43)
2025-06-09 20:54:01,089 - __main__ - INFO - Initializing Pocket Option client (Demo mode: True)
2025-06-09 20:54:01,090 - __main__ - INFO - Successfully connected to Pocket Option API
2025-06-09 20:54:02,093 - __main__ - INFO - Account balance: 51483.95
2025-06-09 20:54:02,097 - __main__ - INFO - Subscription to favorite pairs is currently disabled due to API limitations.
2025-06-09 20:54:02,097 - __main__ - INFO - JSON storage initialized successfully
2025-06-09 20:54:02,097 - __main__ - INFO - Using already loaded session: session_20250609_153900
2025-06-09 20:54:02,098 - __main__ - INFO - Updated balance_start for loaded session session_20250609_153900 to 51483.95
2025-06-09 20:54:02,098 - __main__ - INFO - ✅ Session management initialized with existing session: session_20250609_153900
2025-06-09 20:54:02,098 - __main__ - INFO - 💰 Current Balance: $51483.95
2025-06-09 20:54:10,202 - __main__ - INFO - 💵 Custom Amount: $5.00
2025-06-09 20:54:13,370 - __main__ - INFO - ✅ Trading amount set to $5.00 for this session
2025-06-09 20:54:13,374 - __main__ - INFO - ✅ Self Bot v1.5 initialized successfully
2025-06-09 20:54:13,376 - __main__ - INFO - 💰 REAL TRADING MODE ENABLED
2025-06-09 20:54:13,376 - __main__ - INFO - Bot is now monitoring for signals...
2025-06-09 20:54:13,376 - __main__ - INFO - Accessing channel: BINARY TRADING CLUB
2025-06-09 20:54:13,394 - __main__ - INFO - Accessed channel by ID: BINARY TRADING CLUB
2025-06-09 20:54:13,394 - __main__ - INFO - Starting monitoring of channel: BINARY TRADING CLUB
2025-06-09 20:54:13,394 - __main__ - INFO - Event handler registered. Waiting for signals...
2025-06-09 21:00:06,873 - telethon.client.updates - INFO - Got difference for channel 2412213735 updates
2025-06-09 21:00:06,877 - __main__ - INFO - 📨 Received message: ?Get ready to earn! Starting soon!

In this session we will use these trading pairs:

**AUD/USD (OTC...
2025-06-09 21:00:06,877 - __main__ - INFO - 📨 Received message: **? The trading session has already started! Let's go!**...
2025-06-09 21:00:08,452 - __main__ - INFO - 📨 Received message: **?Trading Pair: AUD/USD (OTC)**...
2025-06-09 21:00:08,452 - __main__ - INFO - Parsed first message: Trading pair = AUD/USD
2025-06-09 21:00:47,518 - __main__ - INFO - 📨 Received message: ?SET THE TIMER TO 00:01:00?

First signal: Currency pair AUD/USD 
LOWER  ?
Trade time: 1 MIN...
2025-06-09 21:00:47,519 - __main__ - INFO - ✅ PARSED SIGNAL: {'timer': '00:01:00', 'pair': 'AUD/USD', 'direction': 'LOWER', 'expiry': 1}
2025-06-09 21:00:47,519 - __main__ - INFO - 🎯 COMPLETE SIGNAL DETECTED: {'pair': 'AUD/USD', 'timer': '00:01:00', 'direction': 'LOWER', 'expiry': 1, 'timestamp': '2025-06-09T21:00:47.519514+00:00', 'id': 'signal_20250609_210047519514_001', 'session_id': 'session_20250609_153900'}
2025-06-09 21:00:47,526 - __main__ - INFO - 🚀 EXECUTING TRADE IMMEDIATELY
2025-06-09 21:00:47,526 - timestamp_recorder - INFO - Trade execution timestamp recorded: trade_20250609_210047526558_001 (Delay: 5.0ms)
2025-06-09 21:00:47,526 - __main__ - INFO - 🎯 Using OTC pair: AUDUSD_otc for signal pair: AUD/USD
2025-06-09 21:00:47,534 - __main__ - INFO - 🚀 EXECUTING TRADE: AUDUSD_otc PUT $5.0 (expiry: 60s)
2025-06-09 21:00:47,536 - __main__ - INFO - 💰 REAL TRADING MODE: Executing actual trade on Pocket Option platform
2025-06-09 21:00:47,637 - __main__ - INFO - ✅ REAL TRADE EXECUTED: AUDUSD_otc PUT $5.0 - Trade ID: fffa62c5-6261-4016-9b96-5a44f95fbf08
2025-06-09 21:01:52,645 - __main__ - INFO - 🔍 Checking trade result for trade ID: fffa62c5-6261-4016-9b96-5a44f95fbf08
2025-06-09 21:01:52,645 - __main__ - ERROR - Error checking trade result: '>' not supported between instances of 'tuple' and 'int'
2025-06-09 21:01:59,722 - __main__ - INFO - 📨 Received message: Signal result: +$644...
2025-06-09 21:02:07,874 - __main__ - INFO - 📨 Received message: ?Wonderful trade...
2025-06-09 21:02:17,321 - __main__ - INFO - 📨 Received message: **?Trading Pair: AUD/CHF (OTC)**...
2025-06-09 21:02:17,321 - __main__ - INFO - Parsed first message: Trading pair = AUD/CHF
2025-06-09 21:03:03,717 - __main__ - INFO - 📨 Received message: ?SET THE TIMER TO 00:01:00?

Second signal: Currency pair AUD/CHF 
HIGHER ? 
Trade time: 1 MIN...
2025-06-09 21:03:03,719 - __main__ - INFO - ✅ PARSED SIGNAL: {'timer': '00:01:00', 'pair': 'AUD/CHF', 'direction': 'HIGHER', 'expiry': 1}
2025-06-09 21:03:03,719 - __main__ - INFO - 🎯 COMPLETE SIGNAL DETECTED: {'pair': 'AUD/CHF', 'timer': '00:01:00', 'direction': 'HIGHER', 'expiry': 1, 'timestamp': '2025-06-09T21:03:03.719725+00:00', 'id': 'signal_20250609_210303719725_002', 'session_id': 'session_20250609_153900'}
2025-06-09 21:03:03,725 - __main__ - INFO - 🚀 EXECUTING TRADE IMMEDIATELY
2025-06-09 21:03:03,726 - timestamp_recorder - INFO - Trade execution timestamp recorded: trade_20250609_210303726013_002 (Delay: 4.3ms)
2025-06-09 21:03:03,726 - __main__ - INFO - 🎯 Using OTC pair: AUDCHF_otc for signal pair: AUD/CHF
2025-06-09 21:03:03,733 - __main__ - INFO - 🚀 EXECUTING TRADE: AUDCHF_otc CALL $5.0 (expiry: 60s)
2025-06-09 21:03:03,733 - __main__ - INFO - 💰 REAL TRADING MODE: Executing actual trade on Pocket Option platform
2025-06-09 21:03:03,835 - __main__ - INFO - ✅ REAL TRADE EXECUTED: AUDCHF_otc CALL $5.0 - Trade ID: d1493645-a721-41f8-b317-d1ffa768b4cd
2025-06-09 21:04:08,843 - __main__ - INFO - 🔍 Checking trade result for trade ID: d1493645-a721-41f8-b317-d1ffa768b4cd
2025-06-09 21:04:08,843 - __main__ - ERROR - Error checking trade result: '>' not supported between instances of 'tuple' and 'int'
2025-06-09 21:04:22,312 - __main__ - INFO - 📨 Received message: Signal result: +$644...
2025-06-09 21:04:37,551 - __main__ - INFO - 📨 Received message: ?Excellent result!...
2025-06-09 21:05:22,489 - __main__ - INFO - 📨 Received message: **?Trading Pair: AUD/USD (OTC)**...
2025-06-09 21:05:22,489 - __main__ - INFO - Parsed first message: Trading pair = AUD/USD
2025-06-09 21:06:58,334 - __main__ - INFO - 📨 Received message: ?SET THE TIMER TO 00:01:00?

Third signal: Currency pair AUD/USD 
HIGHER ? 
Trade time: 1 MIN...
2025-06-09 21:06:58,335 - __main__ - INFO - ✅ PARSED SIGNAL: {'timer': '00:01:00', 'pair': 'AUD/USD', 'direction': 'HIGHER', 'expiry': 1}
2025-06-09 21:06:58,335 - __main__ - INFO - 🎯 COMPLETE SIGNAL DETECTED: {'pair': 'AUD/USD', 'timer': '00:01:00', 'direction': 'HIGHER', 'expiry': 1, 'timestamp': '2025-06-09T21:06:58.335084+00:00', 'id': 'signal_20250609_210658335084_003', 'session_id': 'session_20250609_153900'}
2025-06-09 21:06:58,341 - __main__ - INFO - 🚀 EXECUTING TRADE IMMEDIATELY
2025-06-09 21:06:58,342 - timestamp_recorder - INFO - Trade execution timestamp recorded: trade_20250609_210658342245_003 (Delay: 5.2ms)
2025-06-09 21:06:58,342 - __main__ - INFO - 🎯 Using OTC pair: AUDUSD_otc for signal pair: AUD/USD
2025-06-09 21:06:58,348 - __main__ - INFO - 🚀 EXECUTING TRADE: AUDUSD_otc CALL $5.0 (expiry: 60s)
2025-06-09 21:06:58,348 - __main__ - INFO - 💰 REAL TRADING MODE: Executing actual trade on Pocket Option platform
2025-06-09 21:06:58,451 - __main__ - INFO - ✅ REAL TRADE EXECUTED: AUDUSD_otc CALL $5.0 - Trade ID: a75497be-fc20-4d32-a57b-eae9c6ee7f72
2025-06-09 21:08:03,460 - __main__ - INFO - 🔍 Checking trade result for trade ID: a75497be-fc20-4d32-a57b-eae9c6ee7f72
2025-06-09 21:08:03,460 - __main__ - ERROR - Error checking trade result: '>' not supported between instances of 'tuple' and 'int'
2025-06-09 21:08:05,680 - __main__ - INFO - 📨 Received message: Signal result: +$0...
2025-06-09 21:08:13,910 - __main__ - INFO - 📨 Received message: ?Bad luck...
2025-06-09 21:08:33,865 - __main__ - INFO - 📨 Received message: **?Trading Pair: EUR/USD (OTC)**...
2025-06-09 21:08:33,865 - __main__ - INFO - Parsed first message: Trading pair = EUR/USD
2025-06-09 21:09:46,053 - __main__ - INFO - 📨 Received message: ?SET THE TIMER TO 00:01:00?

Fourth signal: Currency pair EUR/USD  
LOWER  ?
Trade time: 1 MIN...
2025-06-09 21:09:46,053 - __main__ - INFO - ✅ PARSED SIGNAL: {'timer': '00:01:00', 'pair': 'EUR/USD', 'direction': 'LOWER', 'expiry': 1}
2025-06-09 21:09:46,053 - __main__ - INFO - 🎯 COMPLETE SIGNAL DETECTED: {'pair': 'EUR/USD', 'timer': '00:01:00', 'direction': 'LOWER', 'expiry': 1, 'timestamp': '2025-06-09T21:09:46.053893+00:00', 'id': 'signal_20250609_210946053893_004', 'session_id': 'session_20250609_153900'}
2025-06-09 21:09:46,060 - __main__ - INFO - 🚀 EXECUTING TRADE IMMEDIATELY
2025-06-09 21:09:46,060 - timestamp_recorder - INFO - Trade execution timestamp recorded: trade_20250609_210946060782_004 (Delay: 4.0ms)
2025-06-09 21:09:46,060 - __main__ - INFO - 🎯 Using OTC pair: EURUSD_otc for signal pair: EUR/USD
2025-06-09 21:09:46,068 - __main__ - INFO - 🚀 EXECUTING TRADE: EURUSD_otc PUT $5.0 (expiry: 60s)
2025-06-09 21:09:46,068 - __main__ - INFO - 💰 REAL TRADING MODE: Executing actual trade on Pocket Option platform
2025-06-09 21:09:46,170 - __main__ - INFO - ✅ REAL TRADE EXECUTED: EURUSD_otc PUT $5.0 - Trade ID: 6cba86ae-ffc5-48da-ad5e-b50ff63de94d
2025-06-09 21:10:51,179 - __main__ - INFO - 🔍 Checking trade result for trade ID: 6cba86ae-ffc5-48da-ad5e-b50ff63de94d
2025-06-09 21:10:51,179 - __main__ - ERROR - Error checking trade result: '>' not supported between instances of 'tuple' and 'int'
2025-06-09 21:10:53,605 - __main__ - INFO - 📨 Received message: Signal result: +$644...
2025-06-09 21:11:10,904 - __main__ - INFO - 📨 Received message: ?Stability, the key to success...
2025-06-09 21:12:37,861 - telethon.client.updates - INFO - Got difference for channel 2582428771 updates
2025-06-09 21:13:34,722 - telethon.client.updates - INFO - Got difference for channel 2582428771 updates
2025-06-09 21:13:38,246 - __main__ - INFO - 📨 Received message: ? Congratulations to the Private Trading Club participants on a successful trading session! ?  
  
R...
2025-06-09 21:13:47,979 - telethon.client.updates - INFO - Got difference for channel 2582428771 updates
2025-06-09 21:13:54,142 - telethon.client.updates - INFO - Got difference for channel 2582428771 updates
2025-06-09 21:14:01,098 - telethon.client.updates - INFO - Got difference for channel 2582428771 updates
2025-06-09 21:14:26,174 - telethon.client.updates - INFO - Got difference for channel 2582428771 updates
2025-06-09 21:15:10,690 - telethon.client.updates - INFO - Got difference for channel 2582428771 updates
2025-06-09 21:15:53,351 - telethon.client.updates - INFO - Got difference for channel 2582428771 updates
2025-06-09 21:17:00,123 - telethon.client.updates - INFO - Got difference for channel 2582428771 updates
2025-06-09 21:17:13,849 - telethon.client.updates - INFO - Got difference for channel 2582428771 updates
2025-06-09 21:17:15,295 - __main__ - INFO - Shutting down Self Bot...
2025-06-09 21:17:15,297 - telethon.network.mtprotosender - INFO - Disconnecting from 149.154.167.91:443/TcpFull...
2025-06-09 21:17:15,297 - telethon.network.mtprotosender - INFO - Disconnection from 149.154.167.91:443/TcpFull complete!
2025-06-10 13:53:13,963 - __main__ - INFO - Using 'sessions' for session-related data files.
2025-06-10 13:53:13,965 - session_manager - INFO - Found externally started active session in sessions\active_session.json: SE1-20250610
2025-06-10 13:53:13,967 - session_manager - INFO - Successfully loaded and adopted active session from sessions\active_session.json: SE1-20250610
2025-06-10 13:53:13,967 - session_manager - INFO - SessionManager initialized successfully
2025-06-10 13:53:13,967 - session_manager - INFO - SignalDeduplicator initialized successfully
2025-06-10 13:53:13,967 - __main__ - INFO - Initializing Telegram client...
2025-06-10 13:53:13,978 - telethon.network.mtprotosender - INFO - Connecting to 149.154.167.91:443/TcpFull...
2025-06-10 13:53:13,991 - telethon.network.mtprotosender - INFO - Connection to 149.154.167.91:443/TcpFull complete!
2025-06-10 13:53:14,153 - __main__ - INFO - Started Telegram client in user account mode
2025-06-10 13:53:14,153 - __main__ - INFO - Already authenticated using existing session
2025-06-10 13:53:14,178 - __main__ - INFO - Logged in as: Pieter Stanton (@piet43)
2025-06-10 13:53:14,180 - __main__ - INFO - Initializing Pocket Option client (Demo mode: True)
2025-06-10 13:53:14,180 - __main__ - INFO - Successfully connected to Pocket Option API
2025-06-10 13:53:15,182 - __main__ - INFO - Account balance: 51443.5
2025-06-10 13:53:15,184 - __main__ - INFO - Subscription to favorite pairs is currently disabled due to API limitations.
2025-06-10 13:53:15,186 - __main__ - INFO - JSON storage initialized successfully
2025-06-10 13:53:15,186 - __main__ - INFO - Using already loaded session: SE1-20250610
2025-06-10 13:53:15,186 - __main__ - INFO - Updated balance_start for loaded session SE1-20250610 to 51443.5
2025-06-10 13:53:15,186 - __main__ - INFO - ✅ Session management initialized with existing session: SE1-20250610
2025-06-10 13:53:15,186 - __main__ - INFO - 💰 Current Balance: $51443.50
2025-06-10 13:53:32,157 - __main__ - INFO - 💵 Custom Amount: $15.00
2025-06-10 13:53:35,010 - __main__ - INFO - ✅ Trading amount set to $15.00 for this session
2025-06-10 13:53:35,015 - __main__ - INFO - ✅ Self Bot v1.5 initialized successfully
2025-06-10 13:53:35,015 - __main__ - INFO - 💰 REAL TRADING MODE ENABLED
2025-06-10 13:53:35,016 - __main__ - INFO - Bot is now monitoring for signals...
2025-06-10 13:53:35,016 - __main__ - INFO - Accessing channel: BINARY TRADING CLUB
2025-06-10 13:53:35,104 - __main__ - INFO - Accessed channel by ID: BINARY TRADING CLUB
2025-06-10 13:53:35,104 - __main__ - INFO - Starting monitoring of channel: BINARY TRADING CLUB
2025-06-10 13:53:35,104 - __main__ - INFO - Event handler registered. Waiting for signals...
2025-06-10 14:00:32,043 - telethon.client.updates - INFO - Got difference for channel 2412213735 updates
2025-06-10 14:00:32,045 - __main__ - INFO - 📨 Received message: ?Get ready to earn! Starting soon!

In this session we will use these trading pairs:

**AUD/USD (OTC...
2025-06-10 14:00:32,047 - __main__ - INFO - 📨 Received message: **? The trading session has already started! Let's go!**...
2025-06-10 14:00:35,611 - __main__ - INFO - 📨 Received message: **?Trading Pair: AUD/USD (OTC)**...
2025-06-10 14:00:35,613 - __main__ - INFO - Parsed first message: Trading pair = AUD/USD
2025-06-10 14:00:45,359 - __main__ - INFO - 📨 Received message: ?SET THE TIMER TO 00:01:00?

First signal: Currency pair AUD/USD 
LOWER  ?
Trade time: 1 MIN...
2025-06-10 14:00:45,361 - __main__ - INFO - ✅ PARSED SIGNAL: {'timer': '00:01:00', 'pair': 'AUD/USD', 'direction': 'LOWER', 'expiry': 1}
2025-06-10 14:00:45,361 - __main__ - INFO - 🎯 COMPLETE SIGNAL DETECTED: {'pair': 'AUD/USD', 'timer': '00:01:00', 'direction': 'LOWER', 'expiry': 1, 'timestamp': '2025-06-10T14:00:45.361455+00:00', 'id': 'signal_20250610_140045361455_001', 'session_id': 'SE1-20250610'}
2025-06-10 14:00:45,367 - __main__ - INFO - 🚀 EXECUTING TRADE IMMEDIATELY
2025-06-10 14:00:45,367 - timestamp_recorder - INFO - Trade execution timestamp recorded: trade_20250610_140045367991_001 (Delay: 4.5ms)
2025-06-10 14:00:45,367 - __main__ - INFO - 🎯 Using OTC pair: AUDUSD_otc for signal pair: AUD/USD
2025-06-10 14:00:45,376 - __main__ - INFO - 🚀 EXECUTING TRADE: AUDUSD_otc PUT $15.0 (expiry: 60s)
2025-06-10 14:00:45,377 - __main__ - INFO - 💰 REAL TRADING MODE: Executing actual trade on Pocket Option platform
2025-06-10 14:00:45,478 - __main__ - INFO - ✅ REAL TRADE EXECUTED: AUDUSD_otc PUT $15.0 - Trade ID: 812d8e7d-c308-4acb-8a97-85d8b5876d3c
2025-06-10 14:01:50,486 - __main__ - INFO - 🔍 Checking trade result for trade ID: 812d8e7d-c308-4acb-8a97-85d8b5876d3c
2025-06-10 14:01:50,486 - __main__ - ERROR - Error checking trade result: '>' not supported between instances of 'tuple' and 'int'
2025-06-10 14:01:53,146 - __main__ - INFO - 📨 Received message: Signal result: +$0...
2025-06-10 14:02:03,092 - __main__ - INFO - 📨 Received message: ?Bad luck...
2025-06-10 14:02:06,586 - __main__ - INFO - 📨 Received message: **?Trading Pair: AUD/NZD (OTC)**...
2025-06-10 14:02:06,586 - __main__ - INFO - Parsed first message: Trading pair = AUD/NZD
2025-06-10 14:02:21,537 - __main__ - INFO - 📨 Received message: ?SET THE TIMER TO 00:01:00?

Second signal: Currency pair AUD/NZD 
LOWER  ? 
Trade time: 1 MIN...
2025-06-10 14:02:21,537 - __main__ - INFO - ✅ PARSED SIGNAL: {'timer': '00:01:00', 'pair': 'AUD/NZD', 'direction': 'LOWER', 'expiry': 1}
2025-06-10 14:02:21,537 - __main__ - INFO - 🎯 COMPLETE SIGNAL DETECTED: {'pair': 'AUD/NZD', 'timer': '00:01:00', 'direction': 'LOWER', 'expiry': 1, 'timestamp': '2025-06-10T14:02:21.537794+00:00', 'id': 'signal_20250610_140221537794_002', 'session_id': 'SE1-20250610'}
2025-06-10 14:02:21,542 - __main__ - INFO - 🚀 EXECUTING TRADE IMMEDIATELY
2025-06-10 14:02:21,543 - timestamp_recorder - INFO - Trade execution timestamp recorded: trade_20250610_140221543821_002 (Delay: 4.0ms)
2025-06-10 14:02:21,543 - __main__ - INFO - 🎯 Using OTC pair: AUDNZD_otc for signal pair: AUD/NZD
2025-06-10 14:02:21,551 - __main__ - INFO - 🚀 EXECUTING TRADE: AUDNZD_otc PUT $15.0 (expiry: 60s)
2025-06-10 14:02:21,551 - __main__ - INFO - 💰 REAL TRADING MODE: Executing actual trade on Pocket Option platform
2025-06-10 14:02:21,653 - __main__ - INFO - ✅ REAL TRADE EXECUTED: AUDNZD_otc PUT $15.0 - Trade ID: ec240a2b-1d80-4ac9-b3ab-5272c5435f33
2025-06-10 14:03:26,660 - __main__ - INFO - 🔍 Checking trade result for trade ID: ec240a2b-1d80-4ac9-b3ab-5272c5435f33
2025-06-10 14:03:26,660 - __main__ - ERROR - Error checking trade result: '>' not supported between instances of 'tuple' and 'int'
2025-06-10 14:03:40,901 - __main__ - INFO - 📨 Received message: Signal result: +$644...
2025-06-10 14:03:51,082 - __main__ - INFO - 📨 Received message: ?Wonderful trade...
2025-06-10 14:03:57,304 - __main__ - INFO - 📨 Received message: **?Trading Pair: AUD/CHF (OTC)**...
2025-06-10 14:03:57,304 - __main__ - INFO - Parsed first message: Trading pair = AUD/CHF
2025-06-10 14:04:01,701 - __main__ - INFO - 📨 Received message: ?SET THE TIMER TO 00:01:00?

Third signal: Currency pair AUD/CHF 
LOWER  ?
Trade time: 1 MIN...
2025-06-10 14:04:01,701 - __main__ - INFO - ✅ PARSED SIGNAL: {'timer': '00:01:00', 'pair': 'AUD/CHF', 'direction': 'LOWER', 'expiry': 1}
2025-06-10 14:04:01,701 - __main__ - INFO - 🎯 COMPLETE SIGNAL DETECTED: {'pair': 'AUD/CHF', 'timer': '00:01:00', 'direction': 'LOWER', 'expiry': 1, 'timestamp': '2025-06-10T14:04:01.701583+00:00', 'id': 'signal_20250610_140401701583_003', 'session_id': 'SE1-20250610'}
2025-06-10 14:04:01,707 - __main__ - INFO - 🚀 EXECUTING TRADE IMMEDIATELY
2025-06-10 14:04:01,707 - timestamp_recorder - INFO - Trade execution timestamp recorded: trade_20250610_140401707609_003 (Delay: 4.0ms)
2025-06-10 14:04:01,707 - __main__ - INFO - 🎯 Using OTC pair: AUDCHF_otc for signal pair: AUD/CHF
2025-06-10 14:04:01,714 - __main__ - INFO - 🚀 EXECUTING TRADE: AUDCHF_otc PUT $15.0 (expiry: 60s)
2025-06-10 14:04:01,714 - __main__ - INFO - 💰 REAL TRADING MODE: Executing actual trade on Pocket Option platform
2025-06-10 14:04:01,817 - __main__ - INFO - ✅ REAL TRADE EXECUTED: AUDCHF_otc PUT $15.0 - Trade ID: e7334ee4-9979-4989-bda0-0436a2fd858b
2025-06-10 14:05:06,825 - __main__ - INFO - 🔍 Checking trade result for trade ID: e7334ee4-9979-4989-bda0-0436a2fd858b
2025-06-10 14:05:06,825 - __main__ - ERROR - Error checking trade result: '>' not supported between instances of 'tuple' and 'int'
2025-06-10 14:05:13,915 - __main__ - INFO - 📨 Received message: Signal result: +$0...
2025-06-10 14:05:22,212 - __main__ - INFO - 📨 Received message: ?Bad luck...
2025-06-10 14:05:32,096 - __main__ - INFO - 📨 Received message: **?Trading Pair: AUD/NZD (OTC)**...
2025-06-10 14:05:32,096 - __main__ - INFO - Parsed first message: Trading pair = AUD/NZD
2025-06-10 14:05:42,271 - __main__ - INFO - 📨 Received message: ?SET THE TIMER TO 00:01:00?

Fourth signal: Currency pair AUD/NZD  
LOWER  ?
Trade time: 1 MIN...
2025-06-10 14:05:42,271 - __main__ - INFO - ✅ PARSED SIGNAL: {'timer': '00:01:00', 'pair': 'AUD/NZD', 'direction': 'LOWER', 'expiry': 1}
2025-06-10 14:05:42,271 - __main__ - INFO - 🎯 COMPLETE SIGNAL DETECTED: {'pair': 'AUD/NZD', 'timer': '00:01:00', 'direction': 'LOWER', 'expiry': 1, 'timestamp': '2025-06-10T14:05:42.271609+00:00', 'id': 'signal_20250610_140542271609_004', 'session_id': 'SE1-20250610'}
2025-06-10 14:05:42,276 - __main__ - INFO - 🚀 EXECUTING TRADE IMMEDIATELY
2025-06-10 14:05:42,277 - timestamp_recorder - INFO - Trade execution timestamp recorded: trade_20250610_140542277639_004 (Delay: 4.0ms)
2025-06-10 14:05:42,277 - __main__ - INFO - 🎯 Using OTC pair: AUDNZD_otc for signal pair: AUD/NZD
2025-06-10 14:05:42,284 - __main__ - INFO - 🚀 EXECUTING TRADE: AUDNZD_otc PUT $15.0 (expiry: 60s)
2025-06-10 14:05:42,284 - __main__ - INFO - 💰 REAL TRADING MODE: Executing actual trade on Pocket Option platform
2025-06-10 14:05:42,386 - __main__ - INFO - ✅ REAL TRADE EXECUTED: AUDNZD_otc PUT $15.0 - Trade ID: ace4d62b-3189-45a0-80e8-9506940e9acb
2025-06-10 14:06:47,394 - __main__ - INFO - 🔍 Checking trade result for trade ID: ace4d62b-3189-45a0-80e8-9506940e9acb
2025-06-10 14:06:47,394 - __main__ - ERROR - Error checking trade result: '>' not supported between instances of 'tuple' and 'int'
2025-06-10 14:06:55,038 - __main__ - INFO - 📨 Received message: Signal result: +$644...
2025-06-10 14:07:04,164 - telethon.client.updates - INFO - Got difference for account updates
2025-06-10 14:07:08,158 - __main__ - INFO - 📨 Received message: ?Excellent result!...
2025-06-10 14:07:15,790 - __main__ - INFO - 📨 Received message: **?Trading Pair: AUD/USD (OTC)**...
2025-06-10 14:07:15,790 - __main__ - INFO - Parsed first message: Trading pair = AUD/USD
2025-06-10 14:07:25,423 - __main__ - INFO - 📨 Received message: ?SET THE TIMER TO 00:01:00?

Fifth signal: Currency pair AUD/USD
LOWER  ?
Trade time: 1 MIN...
2025-06-10 14:07:25,423 - __main__ - INFO - ✅ PARSED SIGNAL: {'timer': '00:01:00', 'pair': 'AUD/USD', 'direction': 'LOWER', 'expiry': 1}
2025-06-10 14:07:25,423 - __main__ - INFO - 🎯 COMPLETE SIGNAL DETECTED: {'pair': 'AUD/USD', 'timer': '00:01:00', 'direction': 'LOWER', 'expiry': 1, 'timestamp': '2025-06-10T14:07:25.423879+00:00', 'id': 'signal_20250610_140725423879_005', 'session_id': 'SE1-20250610'}
2025-06-10 14:07:25,429 - __main__ - INFO - 🚀 EXECUTING TRADE IMMEDIATELY
2025-06-10 14:07:25,429 - timestamp_recorder - INFO - Trade execution timestamp recorded: trade_20250610_140725429908_005 (Delay: 4.0ms)
2025-06-10 14:07:25,429 - __main__ - INFO - 🎯 Using OTC pair: AUDUSD_otc for signal pair: AUD/USD
2025-06-10 14:07:25,437 - __main__ - INFO - 🚀 EXECUTING TRADE: AUDUSD_otc PUT $15.0 (expiry: 60s)
2025-06-10 14:07:25,437 - __main__ - INFO - 💰 REAL TRADING MODE: Executing actual trade on Pocket Option platform
2025-06-10 14:07:25,539 - __main__ - INFO - ✅ REAL TRADE EXECUTED: AUDUSD_otc PUT $15.0 - Trade ID: b1bc1405-b906-47e8-ba2d-95a13a02d6c0
2025-06-10 14:08:30,547 - __main__ - INFO - 🔍 Checking trade result for trade ID: b1bc1405-b906-47e8-ba2d-95a13a02d6c0
2025-06-10 14:08:30,547 - __main__ - ERROR - Error checking trade result: '>' not supported between instances of 'tuple' and 'int'
2025-06-10 14:08:36,248 - __main__ - INFO - 📨 Received message: Signal result: +$644...
2025-06-10 14:08:46,699 - __main__ - INFO - 📨 Received message: ?Stability, the key to success...
2025-06-10 14:11:25,779 - __main__ - INFO - 📨 Received message: ? Congratulations to the Private Trading Club participants on a successful trading session! ?  
  
R...
2025-06-10 20:30:45,093 - __main__ - INFO - Using 'sessions' for session-related data files.
2025-06-10 20:30:45,095 - session_manager - INFO - Found externally started active session in sessions\active_session.json: SE2-20250610
2025-06-10 20:30:45,096 - session_manager - INFO - Successfully loaded and adopted active session from sessions\active_session.json: SE2-20250610
2025-06-10 20:30:45,096 - session_manager - INFO - SessionManager initialized successfully
2025-06-10 20:30:45,098 - session_manager - INFO - SignalDeduplicator initialized successfully
2025-06-10 20:30:45,099 - __main__ - INFO - Initializing Telegram client...
2025-06-10 20:30:45,110 - telethon.network.mtprotosender - INFO - Connecting to 149.154.167.91:443/TcpFull...
2025-06-10 20:30:45,123 - telethon.network.mtprotosender - INFO - Connection to 149.154.167.91:443/TcpFull complete!
2025-06-10 20:30:45,449 - __main__ - INFO - Started Telegram client in user account mode
2025-06-10 20:30:45,476 - __main__ - INFO - Already authenticated using existing session
2025-06-10 20:30:45,508 - __main__ - INFO - Logged in as: Pieter Stanton (@piet43)
2025-06-10 20:30:45,516 - __main__ - INFO - Initializing Pocket Option client (Demo mode: True)
2025-06-10 20:30:45,570 - __main__ - INFO - Successfully connected to Pocket Option API
2025-06-10 20:30:46,574 - __main__ - INFO - Account balance: 51404.26
2025-06-10 20:30:46,598 - __main__ - INFO - Subscription to favorite pairs is currently disabled due to API limitations.
2025-06-10 20:30:46,599 - __main__ - INFO - JSON storage initialized successfully
2025-06-10 20:30:46,600 - __main__ - INFO - Using already loaded session: SE2-20250610
2025-06-10 20:30:46,602 - __main__ - INFO - Updated balance_start for loaded session SE2-20250610 to 51404.26
2025-06-10 20:30:46,603 - __main__ - INFO - ✅ Session management initialized with existing session: SE2-20250610
2025-06-10 20:30:46,603 - __main__ - INFO - 💰 Current Balance: $51404.26
2025-06-10 20:31:24,354 - __main__ - INFO - 💵 Custom Amount: $5.14
2025-06-10 20:32:01,036 - __main__ - INFO - ✅ Trading amount set to $5.14 for this session
2025-06-10 20:32:01,040 - __main__ - INFO - ✅ Self Bot v1.5 initialized successfully
2025-06-10 20:32:01,041 - __main__ - INFO - 💰 REAL TRADING MODE ENABLED
2025-06-10 20:32:01,041 - __main__ - INFO - Bot is now monitoring for signals...
2025-06-10 20:32:01,041 - __main__ - INFO - Accessing channel: ðŸŽ¯Signal_Sniper_Test_ChannelðŸŽ¯
2025-06-10 20:32:01,071 - __main__ - INFO - Accessed channel by ID: 🎯Signal_Sniper_Test_Channel🎯
2025-06-10 20:32:01,097 - __main__ - INFO - Starting monitoring of channel: 🎯Signal_Sniper_Test_Channel🎯
2025-06-10 20:32:01,097 - __main__ - INFO - Event handler registered. Waiting for signals...
2025-06-10 20:32:25,128 - __main__ - INFO - 📨 Received message: ?SET THE TIMER TO 00:01:00?

Third signal: Currency pair EUR/USD 
LOWER  ?
Trade time: 1 MIN...
2025-06-10 20:32:25,128 - __main__ - INFO - ✅ PARSED SIGNAL: {'timer': '00:01:00', 'pair': 'EUR/USD', 'direction': 'LOWER', 'expiry': 1}
2025-06-10 20:32:25,129 - __main__ - INFO - 🎯 COMPLETE SIGNAL DETECTED: {'pair': 'EUR/USD', 'timer': '00:01:00', 'direction': 'LOWER', 'expiry': 1, 'timestamp': '2025-06-10T20:32:25.129119+00:00', 'id': 'signal_20250610_203225129119_001', 'session_id': 'SE2-20250610'}
2025-06-10 20:32:25,137 - __main__ - INFO - 🚀 EXECUTING TRADE IMMEDIATELY
2025-06-10 20:32:25,184 - timestamp_recorder - INFO - Trade execution timestamp recorded: trade_20250610_203225184324_001 (Delay: 52.2ms)
2025-06-10 20:32:25,185 - __main__ - INFO - 🎯 Using OTC pair: EURUSD_otc for signal pair: EUR/USD
2025-06-10 20:32:25,185 - __main__ - INFO - 🎯 LATENCY OPTIMIZATION: Using 59-second trade duration instead of 60 seconds
2025-06-10 20:32:25,197 - __main__ - INFO - 🚀 EXECUTING TRADE: EURUSD_otc PUT $5.14 (expiry: 59s)
2025-06-10 20:32:25,197 - __main__ - INFO - 💰 REAL TRADING MODE: Executing actual trade on Pocket Option platform
2025-06-10 20:32:25,301 - __main__ - INFO - ✅ REAL TRADE EXECUTED: EURUSD_otc PUT $5.14 - Trade ID: 4d2fbf90-0b72-4c75-8827-ac49b7ac3a58
2025-06-10 20:33:07,060 - telethon.client.updates - INFO - Got difference for account updates
2025-06-10 20:33:29,372 - __main__ - INFO - 🔍 Checking trade result for trade ID: 4d2fbf90-0b72-4c75-8827-ac49b7ac3a58
2025-06-10 20:33:29,372 - __main__ - WARNING - ⚠️ UNKNOWN TRADE RESULT: 4d2fbf90-0b72-4c75-8827-ac49b7ac3a58 - Result: (4.7288, 'win')
2025-06-10 20:33:29,454 - __main__ - INFO - 📊 TRADING STATS: Total Profit: $0.00 | Wins: 0 | Losses: 0 | Total Trades: 1
2025-06-10 20:53:14,077 - __main__ - INFO - Using 'sessions' for session-related data files.
2025-06-10 20:53:14,078 - session_manager - INFO - Found externally started active session in sessions\active_session.json: SE2-20250610
2025-06-10 20:53:14,080 - session_manager - INFO - Successfully loaded and adopted active session from sessions\active_session.json: SE2-20250610
2025-06-10 20:53:14,080 - session_manager - INFO - SessionManager initialized successfully
2025-06-10 20:53:14,080 - session_manager - INFO - SignalDeduplicator initialized successfully
2025-06-10 20:53:14,080 - __main__ - INFO - Initializing Telegram client...
2025-06-10 20:53:14,088 - telethon.network.mtprotosender - INFO - Connecting to 149.154.167.91:443/TcpFull...
2025-06-10 20:53:14,102 - telethon.network.mtprotosender - INFO - Connection to 149.154.167.91:443/TcpFull complete!
2025-06-10 20:53:14,691 - __main__ - INFO - Started Telegram client in user account mode
2025-06-10 20:53:14,691 - __main__ - INFO - Already authenticated using existing session
2025-06-10 20:53:14,803 - __main__ - INFO - Logged in as: Pieter Stanton (@piet43)
2025-06-10 20:53:14,803 - __main__ - INFO - Initializing Pocket Option client (Demo mode: True)
2025-06-10 20:53:14,805 - __main__ - INFO - Successfully connected to Pocket Option API
2025-06-10 20:53:15,807 - __main__ - INFO - Account balance: 51408.99
2025-06-10 20:53:15,810 - __main__ - INFO - Subscription to favorite pairs is currently disabled due to API limitations.
2025-06-10 20:53:15,811 - __main__ - INFO - JSON storage initialized successfully
2025-06-10 20:53:15,812 - __main__ - INFO - Using already loaded session: SE2-20250610
2025-06-10 20:53:15,814 - __main__ - INFO - Updated balance_start for loaded session SE2-20250610 to 51408.99
2025-06-10 20:53:15,814 - __main__ - INFO - ✅ Session management initialized with existing session: SE2-20250610
2025-06-10 20:53:15,814 - __main__ - INFO - 💰 Current Balance: $51408.99
2025-06-10 20:53:33,250 - __main__ - INFO - 💵 Custom Amount: $10.00
2025-06-10 20:53:36,915 - __main__ - INFO - ✅ Trading amount set to $10.00 for this session
2025-06-10 20:53:36,917 - __main__ - INFO - ✅ Self Bot v1.5 initialized successfully
2025-06-10 20:53:36,917 - __main__ - INFO - 💰 REAL TRADING MODE ENABLED
2025-06-10 20:53:36,919 - __main__ - INFO - Bot is now monitoring for signals...
2025-06-10 20:53:36,919 - __main__ - INFO - Accessing channel: BINARY TRADING CLUB
2025-06-10 20:53:36,939 - __main__ - INFO - Accessed channel by ID: BINARY TRADING CLUB
2025-06-10 20:53:36,939 - __main__ - INFO - Starting monitoring of channel: BINARY TRADING CLUB
2025-06-10 20:53:36,939 - __main__ - INFO - Event handler registered. Waiting for signals...
2025-06-10 21:01:18,656 - __main__ - INFO - 📨 Received message: **? The trading session has already started! Let's go!**...
2025-06-10 21:01:28,347 - __main__ - INFO - 📨 Received message: **?Trading Pair: EUR/USD (OTC)**...
2025-06-10 21:01:28,347 - __main__ - INFO - Parsed first message: Trading pair = EUR/USD
2025-06-10 21:01:47,522 - __main__ - INFO - 📨 Received message: ?SET THE TIMER TO 00:01:00?

First signal: Currency pair EUR/USD 
HIGHER ? 
Trade time: 1 MIN...
2025-06-10 21:01:47,523 - __main__ - INFO - ✅ PARSED SIGNAL: {'timer': '00:01:00', 'pair': 'EUR/USD', 'direction': 'HIGHER', 'expiry': 1}
2025-06-10 21:01:47,523 - __main__ - INFO - 🎯 COMPLETE SIGNAL DETECTED: {'pair': 'EUR/USD', 'timer': '00:01:00', 'direction': 'HIGHER', 'expiry': 1, 'timestamp': '2025-06-10T21:01:47.523222+00:00', 'id': 'signal_20250610_210147523222_001', 'session_id': 'SE2-20250610'}
2025-06-10 21:01:47,528 - __main__ - INFO - 🚀 EXECUTING TRADE IMMEDIATELY
2025-06-10 21:01:47,528 - timestamp_recorder - INFO - Trade execution timestamp recorded: trade_20250610_210147528743_001 (Delay: 4.3ms)
2025-06-10 21:01:47,530 - __main__ - INFO - 🎯 Using OTC pair: EURUSD_otc for signal pair: EUR/USD
2025-06-10 21:01:47,530 - __main__ - INFO - 🎯 LATENCY OPTIMIZATION: Using 59-second trade duration instead of 60 seconds
2025-06-10 21:01:47,538 - __main__ - INFO - 🚀 EXECUTING TRADE: EURUSD_otc CALL $10.0 (expiry: 59s)
2025-06-10 21:01:47,538 - __main__ - INFO - 💰 REAL TRADING MODE: Executing actual trade on Pocket Option platform
2025-06-10 21:01:47,640 - __main__ - INFO - ✅ REAL TRADE EXECUTED: EURUSD_otc CALL $10.0 - Trade ID: 2a15224f-5070-4d01-af68-2e9d02939c47
2025-06-10 21:02:51,647 - __main__ - INFO - 🔍 Checking trade result for trade ID: 2a15224f-5070-4d01-af68-2e9d02939c47
2025-06-10 21:02:51,647 - __main__ - WARNING - ⚠️ UNKNOWN TRADE RESULT: 2a15224f-5070-4d01-af68-2e9d02939c47 - Result: (9.2, 'win')
2025-06-10 21:02:51,661 - __main__ - INFO - 📊 TRADING STATS: Total Profit: $0.00 | Wins: 0 | Losses: 0 | Total Trades: 1
2025-06-10 21:02:55,536 - __main__ - INFO - 📨 Received message: Signal result: +$644...
2025-06-10 21:03:04,696 - __main__ - INFO - 📨 Received message: ?Wonderful trade...
2025-06-10 21:03:10,642 - __main__ - INFO - 📨 Received message: **?Trading Pair: EUR/CHF (OTC)**...
2025-06-10 21:03:10,642 - __main__ - INFO - Parsed first message: Trading pair = EUR/CHF
2025-06-10 21:03:23,900 - __main__ - INFO - 📨 Received message: ?SET THE TIMER TO 00:01:00?

Second signal: Currency pair EUR/CHF 
LOWER  ?
Trade time: 1 MIN...
2025-06-10 21:03:23,901 - __main__ - INFO - ✅ PARSED SIGNAL: {'timer': '00:01:00', 'pair': 'EUR/CHF', 'direction': 'LOWER', 'expiry': 1}
2025-06-10 21:03:23,901 - __main__ - INFO - 🎯 COMPLETE SIGNAL DETECTED: {'pair': 'EUR/CHF', 'timer': '00:01:00', 'direction': 'LOWER', 'expiry': 1, 'timestamp': '2025-06-10T21:03:23.901395+00:00', 'id': 'signal_20250610_210323901395_002', 'session_id': 'SE2-20250610'}
2025-06-10 21:03:23,905 - __main__ - INFO - 🚀 EXECUTING TRADE IMMEDIATELY
2025-06-10 21:03:23,907 - timestamp_recorder - INFO - Trade execution timestamp recorded: trade_20250610_210323907420_002 (Delay: 4.0ms)
2025-06-10 21:03:23,907 - __main__ - INFO - 🎯 Using OTC pair: EURCHF_otc for signal pair: EUR/CHF
2025-06-10 21:03:23,907 - __main__ - INFO - 🎯 LATENCY OPTIMIZATION: Using 59-second trade duration instead of 60 seconds
2025-06-10 21:03:23,915 - __main__ - INFO - 🚀 EXECUTING TRADE: EURCHF_otc PUT $10.0 (expiry: 59s)
2025-06-10 21:03:23,915 - __main__ - INFO - 💰 REAL TRADING MODE: Executing actual trade on Pocket Option platform
2025-06-10 21:03:24,117 - __main__ - INFO - ✅ REAL TRADE EXECUTED: EURCHF_otc PUT $10.0 - Trade ID: a7c37804-e0b4-496e-9283-58bb737cbf15
2025-06-10 21:04:28,125 - __main__ - INFO - 🔍 Checking trade result for trade ID: a7c37804-e0b4-496e-9283-58bb737cbf15
2025-06-10 21:04:28,125 - __main__ - WARNING - ⚠️ UNKNOWN TRADE RESULT: a7c37804-e0b4-496e-9283-58bb737cbf15 - Result: (9.2, 'win')
2025-06-10 21:04:28,134 - __main__ - INFO - 📊 TRADING STATS: Total Profit: $0.00 | Wins: 0 | Losses: 0 | Total Trades: 2
2025-06-10 21:04:35,120 - __main__ - INFO - 📨 Received message: Signal result: +$644...
2025-06-10 21:04:47,671 - __main__ - INFO - 📨 Received message: ?Excellent result!...
2025-06-10 21:04:57,573 - __main__ - INFO - 📨 Received message: **?Trading Pair: AUD/CHF (OTC)**...
2025-06-10 21:04:57,575 - __main__ - INFO - Parsed first message: Trading pair = AUD/CHF
2025-06-10 21:05:05,957 - __main__ - INFO - 📨 Received message: ?SET THE TIMER TO 00:01:00?

Third signal: Currency pair AUD/CHF 
LOWER  ?
Trade time: 1 MIN...
2025-06-10 21:05:05,957 - __main__ - INFO - ✅ PARSED SIGNAL: {'timer': '00:01:00', 'pair': 'AUD/CHF', 'direction': 'LOWER', 'expiry': 1}
2025-06-10 21:05:05,957 - __main__ - INFO - 🎯 COMPLETE SIGNAL DETECTED: {'pair': 'AUD/CHF', 'timer': '00:01:00', 'direction': 'LOWER', 'expiry': 1, 'timestamp': '2025-06-10T21:05:05.957893+00:00', 'id': 'signal_20250610_210505957893_003', 'session_id': 'SE2-20250610'}
2025-06-10 21:05:05,964 - __main__ - INFO - 🚀 EXECUTING TRADE IMMEDIATELY
2025-06-10 21:05:05,967 - timestamp_recorder - INFO - Trade execution timestamp recorded: trade_20250610_210505967877_003 (Delay: 7.2ms)
2025-06-10 21:05:05,968 - __main__ - INFO - 🎯 Using OTC pair: AUDCHF_otc for signal pair: AUD/CHF
2025-06-10 21:05:05,968 - __main__ - INFO - 🎯 LATENCY OPTIMIZATION: Using 59-second trade duration instead of 60 seconds
2025-06-10 21:05:05,975 - __main__ - INFO - 🚀 EXECUTING TRADE: AUDCHF_otc PUT $10.0 (expiry: 59s)
2025-06-10 21:05:05,977 - __main__ - INFO - 💰 REAL TRADING MODE: Executing actual trade on Pocket Option platform
2025-06-10 21:05:06,078 - __main__ - INFO - ✅ REAL TRADE EXECUTED: AUDCHF_otc PUT $10.0 - Trade ID: 043d0797-fde3-4af3-a0b3-3713c2b3ce92
2025-06-10 21:06:10,086 - __main__ - INFO - 🔍 Checking trade result for trade ID: 043d0797-fde3-4af3-a0b3-3713c2b3ce92
2025-06-10 21:06:10,086 - __main__ - WARNING - ⚠️ UNKNOWN TRADE RESULT: 043d0797-fde3-4af3-a0b3-3713c2b3ce92 - Result: (9.2, 'win')
2025-06-10 21:06:10,096 - __main__ - INFO - 📊 TRADING STATS: Total Profit: $0.00 | Wins: 0 | Losses: 0 | Total Trades: 3
2025-06-10 21:06:13,854 - __main__ - INFO - 📨 Received message: Signal result: +$644...
2025-06-10 21:06:29,152 - __main__ - INFO - 📨 Received message: ?Stability, the key to success...
2025-06-10 21:06:42,277 - __main__ - INFO - 📨 Received message: **?Trading Pair: EUR/USD (OTC)**...
2025-06-10 21:06:42,277 - __main__ - INFO - Parsed first message: Trading pair = EUR/USD
2025-06-10 21:06:57,639 - __main__ - INFO - 📨 Received message: ?SET THE TIMER TO 00:01:00?

Fourth signal: Currency pair EUR/USD  
LOWER  ? 
Trade time: 1 MIN...
2025-06-10 21:06:57,640 - __main__ - INFO - ✅ PARSED SIGNAL: {'timer': '00:01:00', 'pair': 'EUR/USD', 'direction': 'LOWER', 'expiry': 1}
2025-06-10 21:06:57,640 - __main__ - INFO - 🎯 COMPLETE SIGNAL DETECTED: {'pair': 'EUR/USD', 'timer': '00:01:00', 'direction': 'LOWER', 'expiry': 1, 'timestamp': '2025-06-10T21:06:57.640137+00:00', 'id': 'signal_20250610_210657640137_004', 'session_id': 'SE2-20250610'}
2025-06-10 21:06:57,646 - __main__ - INFO - 🚀 EXECUTING TRADE IMMEDIATELY
2025-06-10 21:06:57,646 - timestamp_recorder - INFO - Trade execution timestamp recorded: trade_20250610_210657646162_004 (Delay: 4.0ms)
2025-06-10 21:06:57,646 - __main__ - INFO - 🎯 Using OTC pair: EURUSD_otc for signal pair: EUR/USD
2025-06-10 21:06:57,646 - __main__ - INFO - 🎯 LATENCY OPTIMIZATION: Using 59-second trade duration instead of 60 seconds
2025-06-10 21:06:57,657 - __main__ - INFO - 🚀 EXECUTING TRADE: EURUSD_otc PUT $10.0 (expiry: 59s)
2025-06-10 21:06:57,659 - __main__ - INFO - 💰 REAL TRADING MODE: Executing actual trade on Pocket Option platform
2025-06-10 21:06:57,760 - __main__ - INFO - ✅ REAL TRADE EXECUTED: EURUSD_otc PUT $10.0 - Trade ID: 895b5b7d-af79-44a7-ac0e-7b1dc8a73c12
2025-06-10 21:08:01,768 - __main__ - INFO - 🔍 Checking trade result for trade ID: 895b5b7d-af79-44a7-ac0e-7b1dc8a73c12
2025-06-10 21:08:01,768 - __main__ - WARNING - ⚠️ UNKNOWN TRADE RESULT: 895b5b7d-af79-44a7-ac0e-7b1dc8a73c12 - Result: (-10, 'loose')
2025-06-10 21:08:01,780 - __main__ - INFO - 📊 TRADING STATS: Total Profit: $0.00 | Wins: 0 | Losses: 0 | Total Trades: 4
2025-06-10 21:08:05,818 - __main__ - INFO - 📨 Received message: Signal result: +$0...
2025-06-10 21:08:14,519 - __main__ - INFO - 📨 Received message: ?Bad luck...
2025-06-10 21:10:19,016 - __main__ - INFO - 📨 Received message: ? Congratulations to the Private Trading Club participants on a successful trading session! ?  
  
R...
2025-06-10 21:23:14,647 - telethon.client.updates - INFO - Got difference for account updates
2025-06-10 21:32:09,607 - __main__ - INFO - 📨 Received message: **?**** A letter to you from my future self** **?**

? Hey there, it's you, but a couple months late...
2025-06-10 21:33:00,828 - __main__ - INFO - 📨 Received message: **?**** Friends! The working day is coming to an end, and it's time to take stock! Today, together w...
2025-06-10 21:33:21,911 - __main__ - INFO - 📨 Received message: **?**** Friends! The working day is coming to an end, and it's time to take stock! Today, together w...
2025-06-10 21:38:14,680 - telethon.client.updates - INFO - Got difference for account updates
2025-06-11 13:48:49,076 - __main__ - INFO - Using 'sessions' for session-related data files.
2025-06-11 13:48:49,078 - session_manager - INFO - Found externally started active session in sessions\active_session.json: SE1-20250611
2025-06-11 13:48:49,079 - session_manager - INFO - Successfully loaded and adopted active session from sessions\active_session.json: SE1-20250611
2025-06-11 13:48:49,079 - session_manager - INFO - SessionManager initialized successfully
2025-06-11 13:48:49,080 - session_manager - INFO - SignalDeduplicator initialized successfully
2025-06-11 13:48:49,080 - __main__ - INFO - Initializing Telegram client...
2025-06-11 13:48:49,090 - telethon.network.mtprotosender - INFO - Connecting to 149.154.167.91:443/TcpFull...
2025-06-11 13:48:49,103 - telethon.network.mtprotosender - INFO - Connection to 149.154.167.91:443/TcpFull complete!
2025-06-11 13:48:49,247 - __main__ - INFO - Started Telegram client in user account mode
2025-06-11 13:48:49,247 - __main__ - INFO - Already authenticated using existing session
2025-06-11 13:48:49,267 - __main__ - INFO - Logged in as: Pieter Stanton (@piet43)
2025-06-11 13:48:49,269 - __main__ - INFO - Initializing Pocket Option client (Demo mode: True)
2025-06-11 13:48:49,269 - __main__ - INFO - Successfully connected to Pocket Option API
2025-06-11 13:48:50,271 - __main__ - INFO - Account balance: 51432.95
2025-06-11 13:48:50,275 - __main__ - INFO - Subscription to favorite pairs is currently disabled due to API limitations.
2025-06-11 13:48:50,275 - __main__ - INFO - JSON storage initialized successfully
2025-06-11 13:48:50,275 - __main__ - INFO - Using already loaded session: SE1-20250611
2025-06-11 13:48:50,276 - __main__ - INFO - Updated balance_start for loaded session SE1-20250611 to 51432.95
2025-06-11 13:48:50,276 - __main__ - INFO - ✅ Session management initialized with existing session: SE1-20250611
2025-06-11 13:48:50,276 - __main__ - INFO - 💰 Current Balance: $51432.95
2025-06-11 13:49:18,265 - __main__ - INFO - 💵 Custom Amount: $5.14
2025-06-11 13:49:32,636 - __main__ - INFO - ✅ Trading amount set to $5.14 for this session
2025-06-11 13:49:32,638 - __main__ - INFO - ✅ Self Bot v1.5 initialized successfully
2025-06-11 13:49:32,640 - __main__ - INFO - 💰 REAL TRADING MODE ENABLED
2025-06-11 13:49:32,640 - __main__ - INFO - Bot is now monitoring for signals...
2025-06-11 13:49:32,640 - __main__ - INFO - Accessing channel: BINARY TRADING CLUB
2025-06-11 13:49:32,660 - __main__ - INFO - Accessed channel by ID: BINARY TRADING CLUB
2025-06-11 13:49:32,661 - __main__ - INFO - Starting monitoring of channel: BINARY TRADING CLUB
2025-06-11 13:49:32,661 - __main__ - INFO - Event handler registered. Waiting for signals...
2025-06-11 13:51:37,668 - __main__ - INFO - 📨 Received message: ?Get ready to earn! Starting soon!

In this session we will use these trading pairs:

**EUR/USD (OTC...
2025-06-11 14:00:00,967 - __main__ - INFO - 📨 Received message: **? The trading session has already started! Let's go!**...
2025-06-11 14:00:05,464 - __main__ - INFO - 📨 Received message: **?Trading Pair: EUR/NZD (OTC)**...
2025-06-11 14:00:05,464 - __main__ - INFO - Parsed first message: Trading pair = EUR/NZD
2025-06-11 14:00:15,272 - __main__ - INFO - 📨 Received message: ?SET THE TIMER TO 00:01:00?

First signal: Currency pair EUR/NZD 
HIGHER ? 
Trade time: 1 MIN...
2025-06-11 14:00:15,273 - __main__ - INFO - ✅ PARSED SIGNAL: {'timer': '00:01:00', 'pair': 'EUR/NZD', 'direction': 'HIGHER', 'expiry': 1}
2025-06-11 14:00:15,273 - __main__ - INFO - 🎯 COMPLETE SIGNAL DETECTED: {'pair': 'EUR/NZD', 'timer': '00:01:00', 'direction': 'HIGHER', 'expiry': 1, 'timestamp': '2025-06-11T14:00:15.273700+00:00', 'id': 'signal_20250611_140015273700_001', 'session_id': 'SE1-20250611'}
2025-06-11 14:00:15,279 - __main__ - INFO - 🚀 EXECUTING TRADE IMMEDIATELY
2025-06-11 14:00:15,281 - timestamp_recorder - INFO - Trade execution timestamp recorded: trade_20250611_140015281734_001 (Delay: 6.0ms)
2025-06-11 14:00:15,281 - __main__ - INFO - 🎯 Using OTC pair: EURNZD_otc for signal pair: EUR/NZD
2025-06-11 14:00:15,281 - __main__ - INFO - 🎯 LATENCY OPTIMIZATION: Using 59-second trade duration instead of 60 seconds
2025-06-11 14:00:15,294 - __main__ - INFO - 🚀 EXECUTING TRADE: EURNZD_otc CALL $5.14 (expiry: 59s)
2025-06-11 14:00:15,294 - __main__ - INFO - 💰 REAL TRADING MODE: Executing actual trade on Pocket Option platform
2025-06-11 14:00:15,396 - __main__ - INFO - ✅ REAL TRADE EXECUTED: EURNZD_otc CALL $5.14 - Trade ID: 46347d5f-a20d-4d77-9e55-8978df7ea064
2025-06-11 14:01:19,404 - __main__ - INFO - 🔍 Checking trade result for trade ID: 46347d5f-a20d-4d77-9e55-8978df7ea064
2025-06-11 14:01:19,404 - __main__ - WARNING - ⚠️ UNKNOWN TRADE RESULT: 46347d5f-a20d-4d77-9e55-8978df7ea064 - Result: (4.7288, 'win')
2025-06-11 14:01:19,416 - __main__ - INFO - 📊 TRADING STATS: Total Profit: $0.00 | Wins: 0 | Losses: 0 | Total Trades: 1
2025-06-11 14:01:21,716 - __main__ - INFO - 📨 Received message: Signal result: +$644...
2025-06-11 14:01:30,959 - __main__ - INFO - 📨 Received message: ?Wonderful trade...
2025-06-11 14:01:36,876 - __main__ - INFO - 📨 Received message: **?Trading Pair: EUR/RUB (OTC)**...
2025-06-11 14:01:36,876 - __main__ - INFO - Parsed first message: Trading pair = EUR/RUB
2025-06-11 14:01:48,263 - __main__ - INFO - 📨 Received message: ?SET THE TIMER TO 00:01:00?

Second signal: Currency pair EUR/RUB 
HIGHER ? 
Trade time: 1 MIN...
2025-06-11 14:01:48,263 - __main__ - INFO - ✅ PARSED SIGNAL: {'timer': '00:01:00', 'pair': 'EUR/RUB', 'direction': 'HIGHER', 'expiry': 1}
2025-06-11 14:01:48,264 - __main__ - INFO - 🎯 COMPLETE SIGNAL DETECTED: {'pair': 'EUR/RUB', 'timer': '00:01:00', 'direction': 'HIGHER', 'expiry': 1, 'timestamp': '2025-06-11T14:01:48.264328+00:00', 'id': 'signal_20250611_140148264328_002', 'session_id': 'SE1-20250611'}
2025-06-11 14:01:48,268 - __main__ - INFO - 🚀 EXECUTING TRADE IMMEDIATELY
2025-06-11 14:01:48,270 - timestamp_recorder - INFO - Trade execution timestamp recorded: trade_20250611_140148268424_002 (Delay: 2.1ms)
2025-06-11 14:01:48,270 - __main__ - INFO - 🎯 Using OTC pair: EURRUB_otc for signal pair: EUR/RUB
2025-06-11 14:01:48,270 - __main__ - INFO - 🎯 LATENCY OPTIMIZATION: Using 59-second trade duration instead of 60 seconds
2025-06-11 14:01:48,278 - __main__ - INFO - 🚀 EXECUTING TRADE: EURRUB_otc CALL $5.14 (expiry: 59s)
2025-06-11 14:01:48,278 - __main__ - INFO - 💰 REAL TRADING MODE: Executing actual trade on Pocket Option platform
2025-06-11 14:01:48,380 - __main__ - INFO - ✅ REAL TRADE EXECUTED: EURRUB_otc CALL $5.14 - Trade ID: 2db93c9f-0a8c-453b-810a-8fd1c7324a97
2025-06-11 14:02:52,388 - __main__ - INFO - 🔍 Checking trade result for trade ID: 2db93c9f-0a8c-453b-810a-8fd1c7324a97
2025-06-11 14:02:52,388 - __main__ - WARNING - ⚠️ UNKNOWN TRADE RESULT: 2db93c9f-0a8c-453b-810a-8fd1c7324a97 - Result: (4.7288, 'win')
2025-06-11 14:02:52,399 - __main__ - INFO - 📊 TRADING STATS: Total Profit: $0.00 | Wins: 0 | Losses: 0 | Total Trades: 2
2025-06-11 14:02:54,693 - __main__ - INFO - 📨 Received message: Signal result: +$644...
2025-06-11 14:03:03,382 - __main__ - INFO - 📨 Received message: ?Excellent result!...
2025-06-11 14:03:09,830 - __main__ - INFO - 📨 Received message: **?Trading Pair: EUR/TRY (OTC)**...
2025-06-11 14:03:09,830 - __main__ - INFO - Parsed first message: Trading pair = EUR/TRY
2025-06-11 14:03:21,502 - __main__ - INFO - 📨 Received message: ?SET THE TIMER TO 00:01:00?

Third signal: Currency pair EUR/TRY 
LOWER  ?
Trade time: 1 MIN...
2025-06-11 14:03:21,502 - __main__ - INFO - ✅ PARSED SIGNAL: {'timer': '00:01:00', 'pair': 'EUR/TRY', 'direction': 'LOWER', 'expiry': 1}
2025-06-11 14:03:21,504 - __main__ - INFO - 🎯 COMPLETE SIGNAL DETECTED: {'pair': 'EUR/TRY', 'timer': '00:01:00', 'direction': 'LOWER', 'expiry': 1, 'timestamp': '2025-06-11T14:03:21.502219+00:00', 'id': 'signal_20250611_140321502219_003', 'session_id': 'SE1-20250611'}
2025-06-11 14:03:21,509 - __main__ - INFO - 🚀 EXECUTING TRADE IMMEDIATELY
2025-06-11 14:03:21,510 - timestamp_recorder - INFO - Trade execution timestamp recorded: trade_20250611_140321510087_003 (Delay: 3.8ms)
2025-06-11 14:03:21,510 - __main__ - INFO - 🎯 Using OTC pair: EURTRY_otc for signal pair: EUR/TRY
2025-06-11 14:03:21,510 - __main__ - INFO - 🎯 LATENCY OPTIMIZATION: Using 59-second trade duration instead of 60 seconds
2025-06-11 14:03:21,518 - __main__ - INFO - 🚀 EXECUTING TRADE: EURTRY_otc PUT $5.14 (expiry: 59s)
2025-06-11 14:03:21,518 - __main__ - INFO - 💰 REAL TRADING MODE: Executing actual trade on Pocket Option platform
2025-06-11 14:03:21,620 - __main__ - INFO - ✅ REAL TRADE EXECUTED: EURTRY_otc PUT $5.14 - Trade ID: 164a176d-d6ce-49bf-aba4-1d995964b13d
2025-06-11 14:04:25,628 - __main__ - INFO - 🔍 Checking trade result for trade ID: 164a176d-d6ce-49bf-aba4-1d995964b13d
2025-06-11 14:04:25,628 - __main__ - WARNING - ⚠️ UNKNOWN TRADE RESULT: 164a176d-d6ce-49bf-aba4-1d995964b13d - Result: (4.7288, 'win')
2025-06-11 14:04:25,638 - __main__ - INFO - 📊 TRADING STATS: Total Profit: $0.00 | Wins: 0 | Losses: 0 | Total Trades: 3
2025-06-11 14:04:27,931 - __main__ - INFO - 📨 Received message: Signal result: +$644...
2025-06-11 14:04:37,278 - __main__ - INFO - 📨 Received message: ?Stability, the key to success...
2025-06-11 14:04:44,971 - __main__ - INFO - 📨 Received message: **?Trading Pair: EUR/USD (OTC)**...
2025-06-11 14:04:44,971 - __main__ - INFO - Parsed first message: Trading pair = EUR/USD
2025-06-11 14:04:56,636 - __main__ - INFO - 📨 Received message: ?SET THE TIMER TO 00:01:00?

Fourth signal: Currency pair EUR/USD  
LOWER  ?
Trade time: 1 MIN...
2025-06-11 14:04:56,636 - __main__ - INFO - ✅ PARSED SIGNAL: {'timer': '00:01:00', 'pair': 'EUR/USD', 'direction': 'LOWER', 'expiry': 1}
2025-06-11 14:04:56,636 - __main__ - INFO - 🎯 COMPLETE SIGNAL DETECTED: {'pair': 'EUR/USD', 'timer': '00:01:00', 'direction': 'LOWER', 'expiry': 1, 'timestamp': '2025-06-11T14:04:56.636657+00:00', 'id': 'signal_20250611_140456636657_004', 'session_id': 'SE1-20250611'}
2025-06-11 14:04:56,642 - __main__ - INFO - 🚀 EXECUTING TRADE IMMEDIATELY
2025-06-11 14:04:56,642 - timestamp_recorder - INFO - Trade execution timestamp recorded: trade_20250611_140456642691_004 (Delay: 4.0ms)
2025-06-11 14:04:56,642 - __main__ - INFO - 🎯 Using OTC pair: EURUSD_otc for signal pair: EUR/USD
2025-06-11 14:04:56,643 - __main__ - INFO - 🎯 LATENCY OPTIMIZATION: Using 59-second trade duration instead of 60 seconds
2025-06-11 14:04:56,650 - __main__ - INFO - 🚀 EXECUTING TRADE: EURUSD_otc PUT $5.14 (expiry: 59s)
2025-06-11 14:04:56,652 - __main__ - INFO - 💰 REAL TRADING MODE: Executing actual trade on Pocket Option platform
2025-06-11 14:04:56,753 - __main__ - INFO - ✅ REAL TRADE EXECUTED: EURUSD_otc PUT $5.14 - Trade ID: ebb4fff2-b629-454c-90c1-18519db88195
2025-06-11 14:06:00,759 - __main__ - INFO - 🔍 Checking trade result for trade ID: ebb4fff2-b629-454c-90c1-18519db88195
2025-06-11 14:06:00,760 - __main__ - WARNING - ⚠️ UNKNOWN TRADE RESULT: ebb4fff2-b629-454c-90c1-18519db88195 - Result: (-5.14, 'loose')
2025-06-11 14:06:00,770 - __main__ - INFO - 📊 TRADING STATS: Total Profit: $0.00 | Wins: 0 | Losses: 0 | Total Trades: 4
2025-06-11 14:06:03,571 - __main__ - INFO - 📨 Received message: Signal result: +$644...
2025-06-11 14:06:12,421 - __main__ - INFO - 📨 Received message: ?Incredible win...
2025-06-11 14:08:30,963 - __main__ - INFO - 📨 Received message: ? Congratulations to the Private Trading Club participants on a successful trading session! ?  
  
R...
2025-06-11 14:33:49,327 - telethon.client.updates - INFO - Got difference for account updates
2025-06-11 21:00:46,905 - __main__ - INFO - Using 'sessions' for session-related data files.
2025-06-11 21:00:46,908 - session_manager - INFO - Found externally started active session in sessions\active_session.json: SE2-20250611
2025-06-11 21:00:46,908 - session_manager - INFO - Successfully loaded and adopted active session from sessions\active_session.json: SE2-20250611
2025-06-11 21:00:46,909 - session_manager - INFO - SessionManager initialized successfully
2025-06-11 21:00:46,910 - session_manager - INFO - SignalDeduplicator initialized successfully
2025-06-11 21:00:46,910 - __main__ - INFO - Initializing Telegram client...
2025-06-11 21:00:46,917 - telethon.network.mtprotosender - INFO - Connecting to 149.154.167.91:443/TcpFull...
2025-06-11 21:00:46,931 - telethon.network.mtprotosender - INFO - Connection to 149.154.167.91:443/TcpFull complete!
2025-06-11 21:00:47,105 - __main__ - INFO - Started Telegram client in user account mode
2025-06-11 21:00:47,105 - __main__ - INFO - Already authenticated using existing session
2025-06-11 21:00:47,135 - __main__ - INFO - Logged in as: Pieter Stanton (@piet43)
2025-06-11 21:00:47,135 - __main__ - INFO - Initializing Pocket Option client (Demo mode: True)
2025-06-11 21:00:47,136 - __main__ - INFO - Successfully connected to Pocket Option API
2025-06-11 21:00:48,136 - __main__ - INFO - Account balance: 51442
2025-06-11 21:00:48,141 - __main__ - INFO - Subscription to favorite pairs is currently disabled due to API limitations.
2025-06-11 21:00:48,141 - __main__ - INFO - JSON storage initialized successfully
2025-06-11 21:00:48,141 - __main__ - INFO - Using already loaded session: SE2-20250611
2025-06-11 21:00:48,142 - __main__ - INFO - Updated balance_start for loaded session SE2-20250611 to 51442.0
2025-06-11 21:00:48,142 - __main__ - INFO - ✅ Session management initialized with existing session: SE2-20250611
2025-06-11 21:00:48,143 - __main__ - INFO - 💰 Current Balance: $51442.00
2025-06-11 21:01:04,039 - __main__ - INFO - 💵 Custom Amount: $15.40
2025-06-11 21:01:06,872 - __main__ - INFO - ✅ Trading amount set to $15.40 for this session
2025-06-11 21:01:06,875 - __main__ - INFO - ✅ Self Bot v1.5 initialized successfully
2025-06-11 21:01:06,875 - __main__ - INFO - 💰 REAL TRADING MODE ENABLED
2025-06-11 21:01:06,875 - __main__ - INFO - Bot is now monitoring for signals...
2025-06-11 21:01:06,875 - __main__ - INFO - Accessing channel: BINARY TRADING CLUB
2025-06-11 21:01:06,902 - __main__ - INFO - Accessed channel by ID: BINARY TRADING CLUB
2025-06-11 21:01:06,902 - __main__ - INFO - Starting monitoring of channel: BINARY TRADING CLUB
2025-06-11 21:01:06,902 - __main__ - INFO - Event handler registered. Waiting for signals...
2025-06-11 21:01:33,337 - telethon.client.updates - INFO - Got difference for channel 2412213735 updates
2025-06-11 21:01:33,337 - __main__ - INFO - 📨 Received message: ?SET THE TIMER TO 00:01:00?

First signal: Currency pair AUD/USD 
HIGHER ? 
Trade time: 1 MIN...
2025-06-11 21:01:33,339 - __main__ - INFO - ✅ PARSED SIGNAL: {'timer': '00:01:00', 'pair': 'AUD/USD', 'direction': 'HIGHER', 'expiry': 1}
2025-06-11 21:01:33,339 - __main__ - INFO - 🎯 COMPLETE SIGNAL DETECTED: {'pair': 'AUD/USD', 'timer': '00:01:00', 'direction': 'HIGHER', 'expiry': 1, 'timestamp': '2025-06-11T21:01:33.339812+00:00', 'id': 'signal_20250611_210133339812_001', 'session_id': 'SE2-20250611'}
2025-06-11 21:01:33,345 - __main__ - INFO - 🚀 EXECUTING TRADE IMMEDIATELY
2025-06-11 21:01:33,345 - timestamp_recorder - INFO - Trade execution timestamp recorded: trade_20250611_210133345836_001 (Delay: 4.6ms)
2025-06-11 21:01:33,345 - __main__ - INFO - 📨 Received message: Signal result: +$0...
2025-06-11 21:01:33,345 - __main__ - INFO - 🎯 Using OTC pair: AUDUSD_otc for signal pair: AUD/USD
2025-06-11 21:01:33,345 - __main__ - INFO - 📨 Received message: ?Bad luck...
2025-06-11 21:01:33,345 - __main__ - INFO - 🎯 LATENCY OPTIMIZATION: Using 59-second trade duration instead of 60 seconds
2025-06-11 21:01:33,357 - __main__ - INFO - 🚀 EXECUTING TRADE: AUDUSD_otc CALL $15.4 (expiry: 59s)
2025-06-11 21:01:33,357 - __main__ - INFO - 💰 REAL TRADING MODE: Executing actual trade on Pocket Option platform
2025-06-11 21:01:33,458 - __main__ - INFO - ✅ REAL TRADE EXECUTED: AUDUSD_otc CALL $15.4 - Trade ID: e5cef313-a128-4d28-9558-20045cc88c1b
2025-06-11 21:01:40,162 - __main__ - INFO - 📨 Received message: **?Trading Pair: AUD/CHF (OTC)**...
2025-06-11 21:01:40,162 - __main__ - INFO - Parsed first message: Trading pair = AUD/CHF
2025-06-11 21:01:50,265 - __main__ - INFO - 📨 Received message: ?SET THE TIMER TO 00:01:00?

Second signal: Currency pair AUD/CHF 
LOWER  ?
Trade time: 1 MIN...
2025-06-11 21:01:50,266 - __main__ - INFO - ✅ PARSED SIGNAL: {'timer': '00:01:00', 'pair': 'AUD/CHF', 'direction': 'LOWER', 'expiry': 1}
2025-06-11 21:01:50,266 - __main__ - INFO - 🎯 COMPLETE SIGNAL DETECTED: {'pair': 'AUD/CHF', 'timer': '00:01:00', 'direction': 'LOWER', 'expiry': 1, 'timestamp': '2025-06-11T21:01:50.266704+00:00', 'id': 'signal_20250611_210150266704_002', 'session_id': 'SE2-20250611'}
2025-06-11 21:01:50,272 - __main__ - INFO - 🚀 EXECUTING TRADE IMMEDIATELY
2025-06-11 21:01:50,273 - timestamp_recorder - INFO - Trade execution timestamp recorded: trade_20250611_210150273084_002 (Delay: 3.8ms)
2025-06-11 21:01:50,273 - __main__ - INFO - 🎯 Using OTC pair: AUDCHF_otc for signal pair: AUD/CHF
2025-06-11 21:01:50,273 - __main__ - INFO - 🎯 LATENCY OPTIMIZATION: Using 59-second trade duration instead of 60 seconds
2025-06-11 21:01:50,287 - __main__ - INFO - 🚀 EXECUTING TRADE: AUDCHF_otc PUT $15.4 (expiry: 59s)
2025-06-11 21:01:50,287 - __main__ - INFO - 💰 REAL TRADING MODE: Executing actual trade on Pocket Option platform
2025-06-11 21:01:50,388 - __main__ - INFO - ✅ REAL TRADE EXECUTED: AUDCHF_otc PUT $15.4 - Trade ID: 185dbc71-6534-44f4-8fee-01faef9fcfc6
2025-06-11 21:02:37,472 - __main__ - INFO - 🔍 Checking trade result for trade ID: e5cef313-a128-4d28-9558-20045cc88c1b
2025-06-11 21:02:37,472 - __main__ - WARNING - ⚠️ UNKNOWN TRADE RESULT: e5cef313-a128-4d28-9558-20045cc88c1b - Result: (-15.4, 'loose')
2025-06-11 21:02:37,482 - __main__ - INFO - 📊 TRADING STATS: Total Profit: $0.00 | Wins: 0 | Losses: 0 | Total Trades: 2
2025-06-11 21:02:54,397 - __main__ - INFO - 🔍 Checking trade result for trade ID: 185dbc71-6534-44f4-8fee-01faef9fcfc6
2025-06-11 21:02:54,397 - __main__ - WARNING - ⚠️ UNKNOWN TRADE RESULT: 185dbc71-6534-44f4-8fee-01faef9fcfc6 - Result: (-15.4, 'loose')
2025-06-11 21:02:54,409 - __main__ - INFO - 📊 TRADING STATS: Total Profit: $0.00 | Wins: 0 | Losses: 0 | Total Trades: 2
2025-06-11 21:03:09,977 - __main__ - INFO - 📨 Received message: Signal result: +$644...
2025-06-11 21:03:26,001 - __main__ - INFO - 📨 Received message: ?Wonderful trade...
2025-06-11 21:03:29,204 - __main__ - INFO - 📨 Received message: **?Trading Pair: AUD/CAD (OTC)**...
2025-06-11 21:03:29,204 - __main__ - INFO - Parsed first message: Trading pair = AUD/CAD
2025-06-11 21:03:39,852 - __main__ - INFO - 📨 Received message: ?SET THE TIMER TO 00:01:00?

Third signal: Currency pair AUD/CAD 
LOWER  ?
Trade time: 1 MIN...
2025-06-11 21:03:39,852 - __main__ - INFO - ✅ PARSED SIGNAL: {'timer': '00:01:00', 'pair': 'AUD/CAD', 'direction': 'LOWER', 'expiry': 1}
2025-06-11 21:03:39,854 - __main__ - INFO - 🎯 COMPLETE SIGNAL DETECTED: {'pair': 'AUD/CAD', 'timer': '00:01:00', 'direction': 'LOWER', 'expiry': 1, 'timestamp': '2025-06-11T21:03:39.854708+00:00', 'id': 'signal_20250611_210339854708_003', 'session_id': 'SE2-20250611'}
2025-06-11 21:03:39,860 - __main__ - INFO - 🚀 EXECUTING TRADE IMMEDIATELY
2025-06-11 21:03:39,860 - timestamp_recorder - INFO - Trade execution timestamp recorded: trade_20250611_210339860482_003 (Delay: 3.8ms)
2025-06-11 21:03:39,860 - __main__ - INFO - 🎯 Using OTC pair: AUDCAD_otc for signal pair: AUD/CAD
2025-06-11 21:03:39,860 - __main__ - INFO - 🎯 LATENCY OPTIMIZATION: Using 59-second trade duration instead of 60 seconds
2025-06-11 21:03:39,872 - __main__ - INFO - 🚀 EXECUTING TRADE: AUDCAD_otc PUT $15.4 (expiry: 59s)
2025-06-11 21:03:39,874 - __main__ - INFO - 💰 REAL TRADING MODE: Executing actual trade on Pocket Option platform
2025-06-11 21:03:39,976 - __main__ - INFO - ✅ REAL TRADE EXECUTED: AUDCAD_otc PUT $15.4 - Trade ID: 0d5463ab-0b67-49b2-a5ba-efb993326ca2
2025-06-11 21:04:43,985 - __main__ - INFO - 🔍 Checking trade result for trade ID: 0d5463ab-0b67-49b2-a5ba-efb993326ca2
2025-06-11 21:04:43,985 - __main__ - WARNING - ⚠️ UNKNOWN TRADE RESULT: 0d5463ab-0b67-49b2-a5ba-efb993326ca2 - Result: (-15.4, 'loose')
2025-06-11 21:04:43,999 - __main__ - INFO - 📊 TRADING STATS: Total Profit: $0.00 | Wins: 0 | Losses: 0 | Total Trades: 3
2025-06-11 21:05:05,737 - __main__ - INFO - 📨 Received message: Signal result: +$644...
2025-06-11 21:05:15,355 - __main__ - INFO - 📨 Received message: ?Excellent result!...
2025-06-11 21:05:24,155 - __main__ - INFO - 📨 Received message: **?Trading Pair: AED/CNY (OTC)**...
2025-06-11 21:05:24,156 - __main__ - INFO - Parsed first message: Trading pair = AED/CNY
2025-06-11 21:05:36,149 - __main__ - INFO - 📨 Received message: ?SET THE TIMER TO 00:01:00?

Fourth signal: Currency pair AED/CNY  
LOWER  ?
Trade time: 1 MIN...
2025-06-11 21:05:36,151 - __main__ - INFO - ✅ PARSED SIGNAL: {'timer': '00:01:00', 'pair': 'AED/CNY', 'direction': 'LOWER', 'expiry': 1}
2025-06-11 21:05:36,151 - __main__ - INFO - 🎯 COMPLETE SIGNAL DETECTED: {'pair': 'AED/CNY', 'timer': '00:01:00', 'direction': 'LOWER', 'expiry': 1, 'timestamp': '2025-06-11T21:05:36.151078+00:00', 'id': 'signal_20250611_210536151078_004', 'session_id': 'SE2-20250611'}
2025-06-11 21:05:36,156 - __main__ - INFO - 🚀 EXECUTING TRADE IMMEDIATELY
2025-06-11 21:05:36,156 - timestamp_recorder - INFO - Trade execution timestamp recorded: trade_20250611_210536156541_004 (Delay: 4.0ms)
2025-06-11 21:05:36,156 - __main__ - INFO - 🎯 Using OTC pair: AEDCNY_otc for signal pair: AED/CNY
2025-06-11 21:05:36,156 - __main__ - INFO - 🎯 LATENCY OPTIMIZATION: Using 59-second trade duration instead of 60 seconds
2025-06-11 21:05:36,166 - __main__ - INFO - 🚀 EXECUTING TRADE: AEDCNY_otc PUT $15.4 (expiry: 59s)
2025-06-11 21:05:36,166 - __main__ - INFO - 💰 REAL TRADING MODE: Executing actual trade on Pocket Option platform
2025-06-11 21:05:36,369 - __main__ - INFO - ✅ REAL TRADE EXECUTED: AEDCNY_otc PUT $15.4 - Trade ID: 88ba8124-67db-4c3e-89ab-c7f11e8dc59e
2025-06-11 21:06:40,380 - __main__ - INFO - 🔍 Checking trade result for trade ID: 88ba8124-67db-4c3e-89ab-c7f11e8dc59e
2025-06-11 21:06:40,380 - __main__ - WARNING - ⚠️ UNKNOWN TRADE RESULT: 88ba8124-67db-4c3e-89ab-c7f11e8dc59e - Result: (-15.4, 'loose')
2025-06-11 21:06:40,390 - __main__ - INFO - 📊 TRADING STATS: Total Profit: $0.00 | Wins: 0 | Losses: 0 | Total Trades: 4
2025-06-11 21:06:53,800 - __main__ - INFO - 📨 Received message: Signal result: +$644...
2025-06-11 21:07:02,852 - __main__ - INFO - 📨 Received message: ?Stability, the key to success...
2025-06-11 21:09:31,902 - __main__ - INFO - 📨 Received message: ? Congratulations to the Private Trading Club participants on a successful trading session! ?  
  
R...
2025-06-11 21:12:43,132 - telethon.client.updates - INFO - Got difference for account updates
2025-06-11 21:15:31,981 - telethon.client.updates - INFO - Got difference for account updates
2025-06-11 21:17:15,072 - telethon.client.updates - INFO - Got difference for account updates
2025-06-11 21:18:07,308 - telethon.client.updates - INFO - Got difference for account updates
2025-06-11 21:18:41,913 - telethon.client.updates - INFO - Got difference for account updates
2025-06-11 21:22:01,690 - __main__ - INFO - Shutting down Self Bot...
2025-06-11 21:22:01,690 - telethon.network.mtprotosender - INFO - Disconnecting from 149.154.167.91:443/TcpFull...
2025-06-11 21:22:01,690 - telethon.network.mtprotosender - INFO - Disconnection from 149.154.167.91:443/TcpFull complete!
2025-06-12 14:55:52,309 - __main__ - INFO - Using 'sessions' for session-related data files.
2025-06-12 14:55:52,311 - session_manager - INFO - Found externally started active session in sessions\active_session.json: SE1-20250612
2025-06-12 14:55:52,313 - session_manager - INFO - Successfully loaded and adopted active session from sessions\active_session.json: SE1-20250612
2025-06-12 14:55:52,313 - session_manager - INFO - SessionManager initialized successfully
2025-06-12 14:55:52,315 - session_manager - INFO - SignalDeduplicator initialized successfully
2025-06-12 14:55:52,315 - __main__ - INFO - Initializing Telegram client...
2025-06-12 14:55:52,322 - telethon.network.mtprotosender - INFO - Connecting to 149.154.167.91:443/TcpFull...
2025-06-12 14:55:52,335 - telethon.network.mtprotosender - INFO - Connection to 149.154.167.91:443/TcpFull complete!
2025-06-12 14:55:53,012 - __main__ - INFO - Started Telegram client in user account mode
2025-06-12 14:55:53,012 - __main__ - INFO - Already authenticated using existing session
2025-06-12 14:55:53,084 - __main__ - INFO - Logged in as: Pieter Stanton (@piet43)
2025-06-12 14:55:53,084 - __main__ - INFO - Initializing Pocket Option client (Demo mode: True)
2025-06-12 14:55:53,086 - __main__ - INFO - Successfully connected to Pocket Option API
2025-06-12 14:55:54,087 - __main__ - INFO - Account balance: 51306.99
2025-06-12 14:55:54,090 - __main__ - INFO - Subscription to favorite pairs is currently disabled due to API limitations.
2025-06-12 14:55:54,090 - __main__ - INFO - JSON storage initialized successfully
2025-06-12 14:55:54,090 - __main__ - INFO - Using already loaded session: SE1-20250612
2025-06-12 14:55:54,091 - __main__ - INFO - Updated balance_start for loaded session SE1-20250612 to 51306.99
2025-06-12 14:55:54,092 - __main__ - INFO - ✅ Session management initialized with existing session: SE1-20250612
2025-06-12 14:55:54,092 - __main__ - INFO - 💰 Current Balance: $51306.99
2025-06-12 14:59:52,581 - __main__ - INFO - Shutting down Self Bot...
2025-06-12 20:50:23,258 - __main__ - INFO - Using 'sessions' for session-related data files.
2025-06-12 20:50:23,260 - session_manager - INFO - Found externally started active session in sessions\active_session.json: SE2-20250612
2025-06-12 20:50:23,262 - session_manager - INFO - Successfully loaded and adopted active session from sessions\active_session.json: SE2-20250612
2025-06-12 20:50:23,262 - session_manager - INFO - SessionManager initialized successfully
2025-06-12 20:50:23,262 - session_manager - INFO - SignalDeduplicator initialized successfully
2025-06-12 20:50:23,262 - __main__ - INFO - Initializing Telegram client...
2025-06-12 20:50:23,272 - telethon.network.mtprotosender - INFO - Connecting to 149.154.167.91:443/TcpFull...
2025-06-12 20:50:23,286 - telethon.network.mtprotosender - INFO - Connection to 149.154.167.91:443/TcpFull complete!
2025-06-12 20:50:23,589 - __main__ - INFO - Started Telegram client in user account mode
2025-06-12 20:50:23,589 - __main__ - INFO - Already authenticated using existing session
2025-06-12 20:50:23,659 - __main__ - INFO - Logged in as: Pieter Stanton (@piet43)
2025-06-12 20:50:23,659 - __main__ - INFO - Initializing Pocket Option client (Demo mode: True)
2025-06-12 20:50:23,661 - __main__ - INFO - Successfully connected to Pocket Option API
2025-06-12 20:50:24,662 - __main__ - INFO - Account balance: 51306.99
2025-06-12 20:50:24,665 - __main__ - INFO - Subscription to favorite pairs is currently disabled due to API limitations.
2025-06-12 20:50:24,665 - __main__ - INFO - JSON storage initialized successfully
2025-06-12 20:50:24,665 - __main__ - INFO - Using already loaded session: SE2-20250612
2025-06-12 20:50:24,667 - __main__ - INFO - Updated balance_start for loaded session SE2-20250612 to 51306.99
2025-06-12 20:50:24,667 - __main__ - INFO - ✅ Session management initialized with existing session: SE2-20250612
2025-06-12 20:50:24,667 - __main__ - INFO - 💰 Current Balance: $51306.99
2025-06-12 20:50:42,616 - __main__ - INFO - 💵 Custom Amount: $10.00
2025-06-12 20:50:45,087 - __main__ - INFO - ✅ Trading amount set to $10.00 for this session
2025-06-12 20:50:45,091 - __main__ - INFO - ✅ Self Bot v1.5 initialized successfully
2025-06-12 20:50:45,091 - __main__ - INFO - 💰 REAL TRADING MODE ENABLED
2025-06-12 20:50:45,091 - __main__ - INFO - Bot is now monitoring for signals...
2025-06-12 20:50:45,091 - __main__ - INFO - Accessing channel: BINARY TRADING CLUB
2025-06-12 20:50:45,116 - __main__ - INFO - Accessed channel by ID: BINARY TRADING CLUB
2025-06-12 20:50:45,116 - __main__ - INFO - Starting monitoring of channel: BINARY TRADING CLUB
2025-06-12 20:50:45,116 - __main__ - INFO - Event handler registered. Waiting for signals...
2025-06-12 21:00:01,472 - telethon.client.updates - INFO - Got difference for channel 2412213735 updates
2025-06-12 21:00:01,474 - __main__ - INFO - 📨 Received message: ?Get ready to earn! Starting soon!

In this session we will use these trading pairs:

**AUD/USD (OTC...
2025-06-12 21:00:01,474 - __main__ - INFO - 📨 Received message: **? The trading session has already started! Let's go!**...
2025-06-12 21:00:01,474 - __main__ - INFO - 📨 Received message: **?Trading Pair: AUD/USD (OTC)**...
2025-06-12 21:00:01,475 - __main__ - INFO - Parsed first message: Trading pair = AUD/USD
2025-06-12 21:00:08,556 - __main__ - INFO - 📨 Received message: ?SET THE TIMER TO 00:01:00?

First signal: Currency pair AUD/USD 
LOWER  ?
Trade time: 1 MIN...
2025-06-12 21:00:08,556 - __main__ - INFO - ✅ PARSED SIGNAL: {'timer': '00:01:00', 'pair': 'AUD/USD', 'direction': 'LOWER', 'expiry': 1}
2025-06-12 21:00:08,556 - __main__ - INFO - 🎯 COMPLETE SIGNAL DETECTED: {'pair': 'AUD/USD', 'timer': '00:01:00', 'direction': 'LOWER', 'expiry': 1, 'timestamp': '2025-06-12T21:00:08.556968+00:00', 'id': 'signal_20250612_210008556968_001', 'session_id': 'SE2-20250612'}
2025-06-12 21:00:08,565 - __main__ - INFO - 🚀 EXECUTING TRADE IMMEDIATELY
2025-06-12 21:00:08,569 - timestamp_recorder - INFO - Trade execution timestamp recorded: trade_20250612_210008569025_001 (Delay: 10.0ms)
2025-06-12 21:00:08,569 - __main__ - INFO - 🎯 Using OTC pair: AUDUSD_otc for signal pair: AUD/USD
2025-06-12 21:00:08,569 - __main__ - INFO - 🎯 LATENCY OPTIMIZATION: Using 59-second trade duration instead of 60 seconds
2025-06-12 21:00:08,578 - __main__ - INFO - 🚀 EXECUTING TRADE: AUDUSD_otc PUT $10.0 (expiry: 59s)
2025-06-12 21:00:08,580 - __main__ - INFO - 💰 REAL TRADING MODE: Executing actual trade on Pocket Option platform
2025-06-12 21:00:08,782 - __main__ - INFO - ✅ REAL TRADE EXECUTED: AUDUSD_otc PUT $10.0 - Trade ID: bd868317-b33a-4fa0-b7d1-20efd40184c0
2025-06-12 21:01:12,792 - __main__ - INFO - 🔍 Checking trade result for trade ID: bd868317-b33a-4fa0-b7d1-20efd40184c0
2025-06-12 21:01:12,792 - __main__ - WARNING - ⚠️ UNKNOWN TRADE RESULT: bd868317-b33a-4fa0-b7d1-20efd40184c0 - Result: (9.2, 'win')
2025-06-12 21:01:12,803 - __main__ - INFO - 📊 TRADING STATS: Total Profit: $0.00 | Wins: 0 | Losses: 0 | Total Trades: 1
2025-06-12 21:01:14,174 - __main__ - INFO - 📨 Received message: Signal result: +$644...
2025-06-12 21:01:20,906 - __main__ - INFO - 📨 Received message: ?Wonderful trade...
2025-06-12 21:01:30,880 - __main__ - INFO - 📨 Received message: **?Trading Pair: EUR/GBP (OTC)**...
2025-06-12 21:01:30,880 - __main__ - INFO - Parsed first message: Trading pair = EUR/GBP
2025-06-12 21:01:40,636 - __main__ - INFO - 📨 Received message: ?SET THE TIMER TO 00:01:00?

Second signal: Currency pair EUR/GBP 
HIGHER ? 
Trade time: 1 MIN...
2025-06-12 21:01:40,637 - __main__ - INFO - ✅ PARSED SIGNAL: {'timer': '00:01:00', 'pair': 'EUR/GBP', 'direction': 'HIGHER', 'expiry': 1}
2025-06-12 21:01:40,637 - __main__ - INFO - 🎯 COMPLETE SIGNAL DETECTED: {'pair': 'EUR/GBP', 'timer': '00:01:00', 'direction': 'HIGHER', 'expiry': 1, 'timestamp': '2025-06-12T21:01:40.637181+00:00', 'id': 'signal_20250612_210140637181_002', 'session_id': 'SE2-20250612'}
2025-06-12 21:01:40,643 - __main__ - INFO - 🚀 EXECUTING TRADE IMMEDIATELY
2025-06-12 21:01:40,644 - timestamp_recorder - INFO - Trade execution timestamp recorded: trade_20250612_210140643210_002 (Delay: 4.0ms)
2025-06-12 21:01:40,644 - __main__ - INFO - 🎯 Using OTC pair: EURGBP_otc for signal pair: EUR/GBP
2025-06-12 21:01:40,644 - __main__ - INFO - 🎯 LATENCY OPTIMIZATION: Using 59-second trade duration instead of 60 seconds
2025-06-12 21:01:40,654 - __main__ - INFO - 🚀 EXECUTING TRADE: EURGBP_otc CALL $10.0 (expiry: 59s)
2025-06-12 21:01:40,654 - __main__ - INFO - 💰 REAL TRADING MODE: Executing actual trade on Pocket Option platform
2025-06-12 21:01:40,755 - __main__ - INFO - ✅ REAL TRADE EXECUTED: EURGBP_otc CALL $10.0 - Trade ID: cc9f0fee-a2d9-453a-bd7d-72b4449c5eaa
2025-06-12 21:02:44,764 - __main__ - INFO - 🔍 Checking trade result for trade ID: cc9f0fee-a2d9-453a-bd7d-72b4449c5eaa
2025-06-12 21:02:44,764 - __main__ - WARNING - ⚠️ UNKNOWN TRADE RESULT: cc9f0fee-a2d9-453a-bd7d-72b4449c5eaa - Result: (-10, 'loose')
2025-06-12 21:02:44,774 - __main__ - INFO - 📊 TRADING STATS: Total Profit: $0.00 | Wins: 0 | Losses: 0 | Total Trades: 2
2025-06-12 21:02:47,417 - __main__ - INFO - 📨 Received message: Signal result: +$0...
2025-06-12 21:02:56,255 - __main__ - INFO - 📨 Received message: ?Bad luck...
2025-06-12 21:02:59,614 - __main__ - INFO - 📨 Received message: **?Trading Pair: EUR/RUB (OTC)**...
2025-06-12 21:02:59,614 - __main__ - INFO - Parsed first message: Trading pair = EUR/RUB
2025-06-12 21:03:13,969 - __main__ - INFO - 📨 Received message: ?SET THE TIMER TO 00:01:00?

Third signal: Currency pair EUR/RUB 
HIGHER ?
Trade time: 1 MIN...
2025-06-12 21:03:13,970 - __main__ - INFO - ✅ PARSED SIGNAL: {'timer': '00:01:00', 'pair': 'EUR/RUB', 'direction': 'HIGHER', 'expiry': 1}
2025-06-12 21:03:13,970 - __main__ - INFO - 🎯 COMPLETE SIGNAL DETECTED: {'pair': 'EUR/RUB', 'timer': '00:01:00', 'direction': 'HIGHER', 'expiry': 1, 'timestamp': '2025-06-12T21:03:13.970364+00:00', 'id': 'signal_20250612_210313970364_003', 'session_id': 'SE2-20250612'}
2025-06-12 21:03:13,976 - __main__ - INFO - 🚀 EXECUTING TRADE IMMEDIATELY
2025-06-12 21:03:13,977 - timestamp_recorder - INFO - Trade execution timestamp recorded: trade_20250612_210313976388_003 (Delay: 4.0ms)
2025-06-12 21:03:13,977 - __main__ - INFO - 🎯 Using OTC pair: EURRUB_otc for signal pair: EUR/RUB
2025-06-12 21:03:13,977 - __main__ - INFO - 🎯 LATENCY OPTIMIZATION: Using 59-second trade duration instead of 60 seconds
2025-06-12 21:03:13,985 - __main__ - INFO - 🚀 EXECUTING TRADE: EURRUB_otc CALL $10.0 (expiry: 59s)
2025-06-12 21:03:13,987 - __main__ - INFO - 💰 REAL TRADING MODE: Executing actual trade on Pocket Option platform
2025-06-12 21:03:14,188 - __main__ - INFO - ✅ REAL TRADE EXECUTED: EURRUB_otc CALL $10.0 - Trade ID: 9670ab70-2bcb-4f5e-9843-864e8bd35f51
2025-06-12 21:04:18,198 - __main__ - INFO - 🔍 Checking trade result for trade ID: 9670ab70-2bcb-4f5e-9843-864e8bd35f51
2025-06-12 21:04:18,198 - __main__ - WARNING - ⚠️ UNKNOWN TRADE RESULT: 9670ab70-2bcb-4f5e-9843-864e8bd35f51 - Result: (9.2, 'win')
2025-06-12 21:04:18,209 - __main__ - INFO - 📊 TRADING STATS: Total Profit: $0.00 | Wins: 0 | Losses: 0 | Total Trades: 3
2025-06-12 21:04:18,909 - __main__ - INFO - 📨 Received message: Signal result: +$644...
2025-06-12 21:04:26,177 - __main__ - INFO - 📨 Received message: ?Excellent result!...
2025-06-12 21:04:29,283 - __main__ - INFO - 📨 Received message: **?Trading Pair: EUR/USD (OTC)**...
2025-06-12 21:04:29,285 - __main__ - INFO - Parsed first message: Trading pair = EUR/USD
2025-06-12 21:04:41,289 - __main__ - INFO - 📨 Received message: ?SET THE TIMER TO 00:01:00?

Fourth signal: Currency pair EUR/USD  
LOWER  ?
Trade time: 1 MIN...
2025-06-12 21:04:41,291 - __main__ - INFO - ✅ PARSED SIGNAL: {'timer': '00:01:00', 'pair': 'EUR/USD', 'direction': 'LOWER', 'expiry': 1}
2025-06-12 21:04:41,291 - __main__ - INFO - 🎯 COMPLETE SIGNAL DETECTED: {'pair': 'EUR/USD', 'timer': '00:01:00', 'direction': 'LOWER', 'expiry': 1, 'timestamp': '2025-06-12T21:04:41.291448+00:00', 'id': 'signal_20250612_210441291448_004', 'session_id': 'SE2-20250612'}
2025-06-12 21:04:41,296 - __main__ - INFO - 🚀 EXECUTING TRADE IMMEDIATELY
2025-06-12 21:04:41,296 - timestamp_recorder - INFO - Trade execution timestamp recorded: trade_20250612_210441296980_004 (Delay: 3.0ms)
2025-06-12 21:04:41,296 - __main__ - INFO - 🎯 Using OTC pair: EURUSD_otc for signal pair: EUR/USD
2025-06-12 21:04:41,296 - __main__ - INFO - 🎯 LATENCY OPTIMIZATION: Using 59-second trade duration instead of 60 seconds
2025-06-12 21:04:41,307 - __main__ - INFO - 🚀 EXECUTING TRADE: EURUSD_otc PUT $10.0 (expiry: 59s)
2025-06-12 21:04:41,307 - __main__ - INFO - 💰 REAL TRADING MODE: Executing actual trade on Pocket Option platform
2025-06-12 21:04:41,409 - __main__ - INFO - ✅ REAL TRADE EXECUTED: EURUSD_otc PUT $10.0 - Trade ID: f9ddb08c-9f1a-4ba8-8df0-0f73865c17aa
2025-06-12 21:05:45,418 - __main__ - INFO - 🔍 Checking trade result for trade ID: f9ddb08c-9f1a-4ba8-8df0-0f73865c17aa
2025-06-12 21:05:45,418 - __main__ - WARNING - ⚠️ UNKNOWN TRADE RESULT: f9ddb08c-9f1a-4ba8-8df0-0f73865c17aa - Result: (9.2, 'win')
2025-06-12 21:05:45,428 - __main__ - INFO - 📊 TRADING STATS: Total Profit: $0.00 | Wins: 0 | Losses: 0 | Total Trades: 4
2025-06-12 21:05:47,052 - __main__ - INFO - 📨 Received message: Signal result: +$644...
2025-06-12 21:05:56,436 - __main__ - INFO - 📨 Received message: ?Stability, the key to success...
2025-06-12 21:07:31,223 - __main__ - INFO - 📨 Received message: ? Congratulations to the Private Trading Club participants on a successful trading session! ?  
  
R...
2025-06-12 21:20:23,599 - telethon.client.updates - INFO - Got difference for account updates
2025-06-12 21:35:55,810 - __main__ - INFO - Shutting down Self Bot...
2025-06-12 21:35:55,812 - telethon.network.mtprotosender - INFO - Disconnecting from 149.154.167.91:443/TcpFull...
2025-06-12 21:35:55,812 - telethon.network.mtprotosender - INFO - Disconnection from 149.154.167.91:443/TcpFull complete!
2025-06-13 20:48:51,738 - __main__ - INFO - Using 'sessions' for session-related data files.
2025-06-13 20:48:51,741 - session_manager - INFO - Found externally started active session in sessions\active_session.json: SE2-20250613
2025-06-13 20:48:51,742 - session_manager - INFO - Successfully loaded and adopted active session from sessions\active_session.json: SE2-20250613
2025-06-13 20:48:51,742 - session_manager - INFO - SessionManager initialized successfully
2025-06-13 20:48:51,743 - session_manager - INFO - SignalDeduplicator initialized successfully
2025-06-13 20:48:51,743 - __main__ - INFO - Initializing Telegram client...
2025-06-13 20:48:51,793 - telethon.network.mtprotosender - INFO - Connecting to 149.154.167.91:443/TcpFull...
2025-06-13 20:48:51,807 - telethon.network.mtprotosender - INFO - Connection to 149.154.167.91:443/TcpFull complete!
2025-06-13 20:48:51,965 - __main__ - INFO - Started Telegram client in user account mode
2025-06-13 20:48:51,965 - __main__ - INFO - Already authenticated using existing session
2025-06-13 20:48:51,987 - __main__ - INFO - Logged in as: Pieter Stanton (@piet43)
2025-06-13 20:48:51,991 - __main__ - INFO - Initializing Pocket Option client (Demo mode: True)
2025-06-13 20:48:51,992 - __main__ - INFO - Successfully connected to Pocket Option API
2025-06-13 20:48:52,993 - __main__ - INFO - Account balance: 51325.25
2025-06-13 20:48:53,000 - __main__ - INFO - Subscription to favorite pairs is currently disabled due to API limitations.
2025-06-13 20:48:53,000 - __main__ - INFO - JSON storage initialized successfully
2025-06-13 20:48:53,001 - __main__ - INFO - Using already loaded session: SE2-20250613
2025-06-13 20:48:53,003 - __main__ - INFO - Updated balance_start for loaded session SE2-20250613 to 51325.25
2025-06-13 20:48:53,003 - __main__ - INFO - ✅ Session management initialized with existing session: SE2-20250613
2025-06-13 20:48:53,003 - __main__ - INFO - 💰 Current Balance: $51325.25
2025-06-13 20:49:19,826 - __main__ - INFO - 💵 Custom Amount: $5.15
2025-06-13 20:49:24,713 - __main__ - INFO - ✅ Trading amount set to $5.15 for this session
2025-06-13 20:49:24,716 - __main__ - INFO - ✅ Self Bot v1.5 initialized successfully
2025-06-13 20:49:24,716 - __main__ - INFO - 💰 REAL TRADING MODE ENABLED
2025-06-13 20:49:24,716 - __main__ - INFO - Bot is now monitoring for signals...
2025-06-13 20:49:24,717 - __main__ - INFO - Accessing channel: BINARY TRADING CLUB
2025-06-13 20:49:24,736 - __main__ - INFO - Accessed channel by ID: BINARY TRADING CLUB
2025-06-13 20:49:24,736 - __main__ - INFO - Starting monitoring of channel: BINARY TRADING CLUB
2025-06-13 20:49:24,736 - __main__ - INFO - Event handler registered. Waiting for signals...
2025-06-13 20:49:57,383 - __main__ - INFO - 📨 Received message: ?Get ready to earn! Starting soon!

In this session we will use these trading pairs:

**AUD/USD (OTC...
2025-06-13 21:00:01,687 - __main__ - INFO - 📨 Received message: **? The trading session has already started! Let's go!**...
2025-06-13 21:00:04,997 - __main__ - INFO - 📨 Received message: **?Trading Pair: AUD/USD (OTC)**...
2025-06-13 21:00:04,997 - __main__ - INFO - Parsed first message: Trading pair = AUD/USD
2025-06-13 21:00:13,229 - __main__ - INFO - 📨 Received message: ?SET THE TIMER TO 00:01:00?

First signal: Currency pair AUD/USD 
LOWER  ?
Trade time: 1 MIN...
2025-06-13 21:00:13,231 - __main__ - INFO - ✅ PARSED SIGNAL: {'timer': '00:01:00', 'pair': 'AUD/USD', 'direction': 'LOWER', 'expiry': 1}
2025-06-13 21:00:13,231 - __main__ - INFO - 🎯 COMPLETE SIGNAL DETECTED: {'pair': 'AUD/USD', 'timer': '00:01:00', 'direction': 'LOWER', 'expiry': 1, 'timestamp': '2025-06-13T21:00:13.231498+00:00', 'id': 'signal_20250613_210013231498_001', 'session_id': 'SE2-20250613'}
2025-06-13 21:00:13,240 - __main__ - INFO - 🚀 EXECUTING TRADE IMMEDIATELY
2025-06-13 21:00:13,240 - timestamp_recorder - INFO - Trade execution timestamp recorded: trade_20250613_210013240103_001 (Delay: 5.0ms)
2025-06-13 21:00:13,240 - __main__ - INFO - 🎯 Using OTC pair: AUDUSD_otc for signal pair: AUD/USD
2025-06-13 21:00:13,240 - __main__ - INFO - 🎯 LATENCY OPTIMIZATION: Using 59-second trade duration instead of 60 seconds
2025-06-13 21:00:13,252 - __main__ - INFO - 🚀 EXECUTING TRADE: AUDUSD_otc PUT $5.15 (expiry: 59s)
2025-06-13 21:00:13,252 - __main__ - INFO - 💰 REAL TRADING MODE: Executing actual trade on Pocket Option platform
2025-06-13 21:00:13,353 - __main__ - INFO - ✅ REAL TRADE EXECUTED: AUDUSD_otc PUT $5.15 - Trade ID: 37a417f4-079e-446a-88d2-eb883fba66f4
2025-06-13 21:01:17,361 - __main__ - INFO - 🔍 Checking trade result for trade ID: 37a417f4-079e-446a-88d2-eb883fba66f4
2025-06-13 21:01:17,361 - __main__ - WARNING - ⚠️ UNKNOWN TRADE RESULT: 37a417f4-079e-446a-88d2-eb883fba66f4 - Result: (-5.15, 'loose')
2025-06-13 21:01:17,372 - __main__ - INFO - 📊 TRADING STATS: Total Profit: $0.00 | Wins: 0 | Losses: 0 | Total Trades: 1
2025-06-13 21:01:27,194 - __main__ - INFO - 📨 Received message: Signal result: +$644...
2025-06-13 21:01:36,326 - __main__ - INFO - 📨 Received message: ?Wonderful trade...
2025-06-13 21:01:39,676 - __main__ - INFO - 📨 Received message: **?Trading Pair: AUD/CHF (OTC)**...
2025-06-13 21:01:39,676 - __main__ - INFO - Parsed first message: Trading pair = AUD/CHF
2025-06-13 21:01:50,659 - __main__ - INFO - 📨 Received message: ?SET THE TIMER TO 00:01:00?

Second signal: Currency pair AUD/CHF 
HIGHER ? 
Trade time: 1 MIN...
2025-06-13 21:01:50,659 - __main__ - INFO - ✅ PARSED SIGNAL: {'timer': '00:01:00', 'pair': 'AUD/CHF', 'direction': 'HIGHER', 'expiry': 1}
2025-06-13 21:01:50,661 - __main__ - INFO - 🎯 COMPLETE SIGNAL DETECTED: {'pair': 'AUD/CHF', 'timer': '00:01:00', 'direction': 'HIGHER', 'expiry': 1, 'timestamp': '2025-06-13T21:01:50.659282+00:00', 'id': 'signal_20250613_210150659282_002', 'session_id': 'SE2-20250613'}
2025-06-13 21:01:50,667 - __main__ - INFO - 🚀 EXECUTING TRADE IMMEDIATELY
2025-06-13 21:01:50,667 - timestamp_recorder - INFO - Trade execution timestamp recorded: trade_20250613_210150667411_002 (Delay: 4.0ms)
2025-06-13 21:01:50,667 - __main__ - INFO - 🎯 Using OTC pair: AUDCHF_otc for signal pair: AUD/CHF
2025-06-13 21:01:50,667 - __main__ - INFO - 🎯 LATENCY OPTIMIZATION: Using 59-second trade duration instead of 60 seconds
2025-06-13 21:01:50,677 - __main__ - INFO - 🚀 EXECUTING TRADE: AUDCHF_otc CALL $5.15 (expiry: 59s)
2025-06-13 21:01:50,677 - __main__ - INFO - 💰 REAL TRADING MODE: Executing actual trade on Pocket Option platform
2025-06-13 21:01:50,779 - __main__ - INFO - ✅ REAL TRADE EXECUTED: AUDCHF_otc CALL $5.15 - Trade ID: 0207170a-a84e-4d48-bf37-881b89995cf7
2025-06-13 21:02:54,792 - __main__ - INFO - 🔍 Checking trade result for trade ID: 0207170a-a84e-4d48-bf37-881b89995cf7
2025-06-13 21:02:54,792 - __main__ - WARNING - ⚠️ UNKNOWN TRADE RESULT: 0207170a-a84e-4d48-bf37-881b89995cf7 - Result: (-5.15, 'loose')
2025-06-13 21:02:54,803 - __main__ - INFO - 📊 TRADING STATS: Total Profit: $0.00 | Wins: 0 | Losses: 0 | Total Trades: 2
2025-06-13 21:03:00,691 - __main__ - INFO - 📨 Received message: Signal result: +$0...
2025-06-13 21:03:09,164 - __main__ - INFO - 📨 Received message: ?Bad luck...
2025-06-13 21:03:11,933 - __main__ - INFO - 📨 Received message: **?Trading Pair: AUD/CAD (OTC)**...
2025-06-13 21:03:11,935 - __main__ - INFO - Parsed first message: Trading pair = AUD/CAD
2025-06-13 21:03:22,035 - __main__ - INFO - 📨 Received message: ?SET THE TIMER TO 00:01:00?

Third signal: Currency pair AUD/CAD 
LOWER  ?
Trade time: 1 MIN...
2025-06-13 21:03:22,035 - __main__ - INFO - ✅ PARSED SIGNAL: {'timer': '00:01:00', 'pair': 'AUD/CAD', 'direction': 'LOWER', 'expiry': 1}
2025-06-13 21:03:22,035 - __main__ - INFO - 🎯 COMPLETE SIGNAL DETECTED: {'pair': 'AUD/CAD', 'timer': '00:01:00', 'direction': 'LOWER', 'expiry': 1, 'timestamp': '2025-06-13T21:03:22.035637+00:00', 'id': 'signal_20250613_210322035637_003', 'session_id': 'SE2-20250613'}
2025-06-13 21:03:22,041 - __main__ - INFO - 🚀 EXECUTING TRADE IMMEDIATELY
2025-06-13 21:03:22,041 - timestamp_recorder - INFO - Trade execution timestamp recorded: trade_20250613_210322041667_003 (Delay: 4.0ms)
2025-06-13 21:03:22,041 - __main__ - INFO - 🎯 Using OTC pair: AUDCAD_otc for signal pair: AUD/CAD
2025-06-13 21:03:22,041 - __main__ - INFO - 🎯 LATENCY OPTIMIZATION: Using 59-second trade duration instead of 60 seconds
2025-06-13 21:03:22,053 - __main__ - INFO - 🚀 EXECUTING TRADE: AUDCAD_otc PUT $5.15 (expiry: 59s)
2025-06-13 21:03:22,053 - __main__ - INFO - 💰 REAL TRADING MODE: Executing actual trade on Pocket Option platform
2025-06-13 21:03:22,154 - __main__ - INFO - ✅ REAL TRADE EXECUTED: AUDCAD_otc PUT $5.15 - Trade ID: 0fe99a29-fbc4-4385-923a-c042a1c1fa93
2025-06-13 21:04:26,166 - __main__ - INFO - 🔍 Checking trade result for trade ID: 0fe99a29-fbc4-4385-923a-c042a1c1fa93
2025-06-13 21:04:26,166 - __main__ - WARNING - ⚠️ UNKNOWN TRADE RESULT: 0fe99a29-fbc4-4385-923a-c042a1c1fa93 - Result: (4.738, 'win')
2025-06-13 21:04:26,176 - __main__ - INFO - 📊 TRADING STATS: Total Profit: $0.00 | Wins: 0 | Losses: 0 | Total Trades: 3
2025-06-13 21:04:28,034 - __main__ - INFO - 📨 Received message: Signal result: +$644...
2025-06-13 21:04:37,034 - __main__ - INFO - 📨 Received message: ?Excellent result!...
2025-06-13 21:04:40,092 - __main__ - INFO - 📨 Received message: **?Trading Pair: AUD/USD (OTC)**...
2025-06-13 21:04:40,092 - __main__ - INFO - Parsed first message: Trading pair = AUD/USD
2025-06-13 21:04:51,164 - __main__ - INFO - 📨 Received message: ?SET THE TIMER TO 00:01:00?

Fourth signal: Currency pair AUD/USD  
HIGHER ? 
Trade time: 1 MIN...
2025-06-13 21:04:51,164 - __main__ - INFO - ✅ PARSED SIGNAL: {'timer': '00:01:00', 'pair': 'AUD/USD', 'direction': 'HIGHER', 'expiry': 1}
2025-06-13 21:04:51,164 - __main__ - INFO - 🎯 COMPLETE SIGNAL DETECTED: {'pair': 'AUD/USD', 'timer': '00:01:00', 'direction': 'HIGHER', 'expiry': 1, 'timestamp': '2025-06-13T21:04:51.164716+00:00', 'id': 'signal_20250613_210451164716_004', 'session_id': 'SE2-20250613'}
2025-06-13 21:04:51,172 - __main__ - INFO - 🚀 EXECUTING TRADE IMMEDIATELY
2025-06-13 21:04:51,172 - timestamp_recorder - INFO - Trade execution timestamp recorded: trade_20250613_210451172258_004 (Delay: 4.0ms)
2025-06-13 21:04:51,172 - __main__ - INFO - 🎯 Using OTC pair: AUDUSD_otc for signal pair: AUD/USD
2025-06-13 21:04:51,172 - __main__ - INFO - 🎯 LATENCY OPTIMIZATION: Using 59-second trade duration instead of 60 seconds
2025-06-13 21:04:51,182 - __main__ - INFO - 🚀 EXECUTING TRADE: AUDUSD_otc CALL $5.15 (expiry: 59s)
2025-06-13 21:04:51,182 - __main__ - INFO - 💰 REAL TRADING MODE: Executing actual trade on Pocket Option platform
2025-06-13 21:04:51,284 - __main__ - INFO - ✅ REAL TRADE EXECUTED: AUDUSD_otc CALL $5.15 - Trade ID: 2edef910-9da8-4cac-825f-c6070b19fbe7
2025-06-13 21:05:55,298 - __main__ - INFO - 🔍 Checking trade result for trade ID: 2edef910-9da8-4cac-825f-c6070b19fbe7
2025-06-13 21:05:55,298 - __main__ - WARNING - ⚠️ UNKNOWN TRADE RESULT: 2edef910-9da8-4cac-825f-c6070b19fbe7 - Result: (-5.15, 'loose')
2025-06-13 21:05:55,309 - __main__ - INFO - 📊 TRADING STATS: Total Profit: $0.00 | Wins: 0 | Losses: 0 | Total Trades: 4
2025-06-13 21:06:10,489 - __main__ - INFO - 📨 Received message: Signal result: +$644...
2025-06-13 21:06:28,525 - __main__ - INFO - 📨 Received message: ?Stability, the key to success...
2025-06-13 21:08:25,815 - __main__ - INFO - 📨 Received message: ? Congratulations to the Private Trading Club participants on a successful trading session! ?  
  
R...
2025-06-13 21:37:13,296 - __main__ - INFO - 📨 Received message: **?**** Have you ever noticed that some traders trade calmly and steadily in the plus, while others ...
2025-06-13 21:53:07,512 - __main__ - INFO - 📨 Received message: **?**** Friends! The working day is coming to an end, and it's time to take stock! Today, together w...
2025-06-13 22:04:53,503 - telethon.client.updates - INFO - Got difference for channel 1662586438 updates
2025-06-14 13:57:58,392 - __main__ - INFO - Using 'sessions' for session-related data files.
2025-06-14 13:57:58,395 - session_manager - INFO - Found externally started active session in sessions\active_session.json: SE-20250613
2025-06-14 13:57:58,396 - session_manager - INFO - Successfully loaded and adopted active session from sessions\active_session.json: SE-20250613
2025-06-14 13:57:58,396 - session_manager - INFO - SessionManager initialized successfully
2025-06-14 13:57:58,397 - session_manager - INFO - SignalDeduplicator initialized successfully
2025-06-14 13:57:58,398 - __main__ - INFO - Initializing Telegram client...
2025-06-14 13:57:58,405 - telethon.network.mtprotosender - INFO - Connecting to 149.154.167.91:443/TcpFull...
2025-06-14 13:57:58,420 - telethon.network.mtprotosender - INFO - Connection to 149.154.167.91:443/TcpFull complete!
2025-06-14 13:57:58,559 - __main__ - INFO - Started Telegram client in user account mode
2025-06-14 13:57:58,559 - __main__ - INFO - Already authenticated using existing session
2025-06-14 13:57:58,579 - __main__ - INFO - Logged in as: Pieter Stanton (@piet43)
2025-06-14 13:57:58,579 - __main__ - INFO - Initializing Pocket Option client (Demo mode: True)
2025-06-14 13:57:58,581 - __main__ - INFO - Successfully connected to Pocket Option API
2025-06-14 13:57:59,581 - __main__ - INFO - Account balance: 51312.34
2025-06-14 13:57:59,585 - __main__ - INFO - Subscription to favorite pairs is currently disabled due to API limitations.
2025-06-14 13:57:59,585 - __main__ - INFO - JSON storage initialized successfully
2025-06-14 13:57:59,585 - __main__ - INFO - Using already loaded session: SE-20250613
2025-06-14 13:57:59,587 - __main__ - INFO - Updated balance_start for loaded session SE-20250613 to 51312.34
2025-06-14 13:57:59,587 - __main__ - INFO - ✅ Session management initialized with existing session: SE-20250613
2025-06-14 13:57:59,587 - __main__ - INFO - 💰 Current Balance: $51312.34
2025-06-14 13:58:10,424 - __main__ - INFO - 💵 Custom Amount: $5.00
2025-06-14 13:58:13,319 - __main__ - INFO - ✅ Trading amount set to $5.00 for this session
2025-06-14 13:58:13,323 - __main__ - INFO - ✅ Self Bot v1.5 initialized successfully
2025-06-14 13:58:13,323 - __main__ - INFO - 💰 REAL TRADING MODE ENABLED
2025-06-14 13:58:13,323 - __main__ - INFO - Bot is now monitoring for signals...
2025-06-14 13:58:13,323 - __main__ - INFO - Accessing channel: BINARY TRADING CLUB
2025-06-14 13:58:13,342 - __main__ - INFO - Accessed channel by ID: BINARY TRADING CLUB
2025-06-14 13:58:13,342 - __main__ - INFO - Starting monitoring of channel: BINARY TRADING CLUB
2025-06-14 13:58:13,342 - __main__ - INFO - Event handler registered. Waiting for signals...
2025-06-14 14:00:01,755 - telethon.client.updates - INFO - Got difference for channel 2412213735 updates
2025-06-14 14:00:01,759 - __main__ - INFO - 📨 Received message: ?Get ready to earn! Starting soon!

In this session we will use these trading pairs:

**AUD/USD (OTC...
2025-06-14 14:00:01,759 - __main__ - INFO - 📨 Received message: **? The trading session has already started! Let's go!**...
2025-06-14 14:00:01,759 - __main__ - INFO - 📨 Received message: **?Trading Pair: AUD/USD (OTC)**...
2025-06-14 14:00:01,759 - __main__ - INFO - Parsed first message: Trading pair = AUD/USD
2025-06-14 14:00:07,938 - __main__ - INFO - 📨 Received message: ?SET THE TIMER TO 00:01:00?

First signal: Currency pair AUD/USD 
LOWER  ?
Trade time: 1 MIN...
2025-06-14 14:00:07,940 - __main__ - INFO - ✅ PARSED SIGNAL: {'timer': '00:01:00', 'pair': 'AUD/USD', 'direction': 'LOWER', 'expiry': 1}
2025-06-14 14:00:07,940 - __main__ - INFO - 🎯 COMPLETE SIGNAL DETECTED: {'pair': 'AUD/USD', 'timer': '00:01:00', 'direction': 'LOWER', 'expiry': 1, 'timestamp': '2025-06-14T14:00:07.940324+00:00', 'id': 'signal_20250614_140007940324_001', 'session_id': 'SE-20250613'}
2025-06-14 14:00:07,950 - __main__ - INFO - 🚀 EXECUTING TRADE IMMEDIATELY
2025-06-14 14:00:07,950 - timestamp_recorder - INFO - Trade execution timestamp recorded: trade_20250614_140007950881_001 (Delay: 8.5ms)
2025-06-14 14:00:07,950 - __main__ - INFO - 🎯 Using OTC pair: AUDUSD_otc for signal pair: AUD/USD
2025-06-14 14:00:07,950 - __main__ - INFO - 🎯 LATENCY OPTIMIZATION: Using 59-second trade duration instead of 60 seconds
2025-06-14 14:00:07,963 - __main__ - INFO - 🚀 EXECUTING TRADE: AUDUSD_otc PUT $5.0 (expiry: 59s)
2025-06-14 14:00:07,963 - __main__ - INFO - 💰 REAL TRADING MODE: Executing actual trade on Pocket Option platform
2025-06-14 14:00:08,064 - __main__ - INFO - ✅ REAL TRADE EXECUTED: AUDUSD_otc PUT $5.0 - Trade ID: c22e18ea-2d5a-4227-982c-025bfae8477b
2025-06-14 14:01:12,078 - __main__ - INFO - 🔍 Checking trade result for trade ID: c22e18ea-2d5a-4227-982c-025bfae8477b
2025-06-14 14:01:12,079 - __main__ - WARNING - ⚠️ UNKNOWN TRADE RESULT: c22e18ea-2d5a-4227-982c-025bfae8477b - Result: (-5, 'loose')
2025-06-14 14:01:12,091 - __main__ - INFO - 📊 TRADING STATS: Total Profit: $0.00 | Wins: 0 | Losses: 0 | Total Trades: 1
2025-06-14 14:01:16,029 - __main__ - INFO - 📨 Received message: Signal result: +$0...
2025-06-14 14:01:26,421 - __main__ - INFO - 📨 Received message: ?Bad luck...
2025-06-14 14:01:31,511 - __main__ - INFO - 📨 Received message: **?Trading Pair: AUD/NZD (OTC)**...
2025-06-14 14:01:31,513 - __main__ - INFO - Parsed first message: Trading pair = AUD/NZD
2025-06-14 14:01:43,670 - __main__ - INFO - 📨 Received message: ?SET THE TIMER TO 00:01:00?

Second signal: Currency pair AUD/NZD 
LOWER  ?
Trade time: 1 MIN...
2025-06-14 14:01:43,671 - __main__ - INFO - ✅ PARSED SIGNAL: {'timer': '00:01:00', 'pair': 'AUD/NZD', 'direction': 'LOWER', 'expiry': 1}
2025-06-14 14:01:43,671 - __main__ - INFO - 🎯 COMPLETE SIGNAL DETECTED: {'pair': 'AUD/NZD', 'timer': '00:01:00', 'direction': 'LOWER', 'expiry': 1, 'timestamp': '2025-06-14T14:01:43.671644+00:00', 'id': 'signal_20250614_140143671644_002', 'session_id': 'SE-20250613'}
2025-06-14 14:01:43,678 - __main__ - INFO - 🚀 EXECUTING TRADE IMMEDIATELY
2025-06-14 14:01:43,678 - timestamp_recorder - INFO - Trade execution timestamp recorded: trade_20250614_140143678141_002 (Delay: 4.0ms)
2025-06-14 14:01:43,678 - __main__ - INFO - 🎯 Using OTC pair: AUDNZD_otc for signal pair: AUD/NZD
2025-06-14 14:01:43,678 - __main__ - INFO - 🎯 LATENCY OPTIMIZATION: Using 59-second trade duration instead of 60 seconds
2025-06-14 14:01:43,689 - __main__ - INFO - 🚀 EXECUTING TRADE: AUDNZD_otc PUT $5.0 (expiry: 59s)
2025-06-14 14:01:43,689 - __main__ - INFO - 💰 REAL TRADING MODE: Executing actual trade on Pocket Option platform
2025-06-14 14:01:43,791 - __main__ - INFO - ✅ REAL TRADE EXECUTED: AUDNZD_otc PUT $5.0 - Trade ID: d4245de5-acec-4581-87f4-c46944745d50
2025-06-14 14:02:47,801 - __main__ - INFO - 🔍 Checking trade result for trade ID: d4245de5-acec-4581-87f4-c46944745d50
2025-06-14 14:02:47,801 - __main__ - WARNING - ⚠️ UNKNOWN TRADE RESULT: d4245de5-acec-4581-87f4-c46944745d50 - Result: (-5, 'loose')
2025-06-14 14:02:47,812 - __main__ - INFO - 📊 TRADING STATS: Total Profit: $0.00 | Wins: 0 | Losses: 0 | Total Trades: 2
2025-06-14 14:02:58,051 - __main__ - INFO - 📨 Received message: Signal result: +$644...
2025-06-14 14:03:07,793 - __main__ - INFO - 📨 Received message: ?Wonderful trade...
2025-06-14 14:03:11,218 - __main__ - INFO - 📨 Received message: **?Trading Pair: AUD/CHF (OTC)**...
2025-06-14 14:03:11,218 - __main__ - INFO - Parsed first message: Trading pair = AUD/CHF
2025-06-14 14:03:19,243 - __main__ - INFO - 📨 Received message: ?SET THE TIMER TO 00:01:00?

Third signal: Currency pair AUD/CHF 
LOWER  ?
Trade time: 1 MIN...
2025-06-14 14:03:19,245 - __main__ - INFO - ✅ PARSED SIGNAL: {'timer': '00:01:00', 'pair': 'AUD/CHF', 'direction': 'LOWER', 'expiry': 1}
2025-06-14 14:03:19,245 - __main__ - INFO - 🎯 COMPLETE SIGNAL DETECTED: {'pair': 'AUD/CHF', 'timer': '00:01:00', 'direction': 'LOWER', 'expiry': 1, 'timestamp': '2025-06-14T14:03:19.245440+00:00', 'id': 'signal_20250614_140319245440_003', 'session_id': 'SE-20250613'}
2025-06-14 14:03:19,251 - __main__ - INFO - 🚀 EXECUTING TRADE IMMEDIATELY
2025-06-14 14:03:19,251 - timestamp_recorder - INFO - Trade execution timestamp recorded: trade_20250614_140319251469_003 (Delay: 4.0ms)
2025-06-14 14:03:19,251 - __main__ - INFO - 🎯 Using OTC pair: AUDCHF_otc for signal pair: AUD/CHF
2025-06-14 14:03:19,251 - __main__ - INFO - 🎯 LATENCY OPTIMIZATION: Using 59-second trade duration instead of 60 seconds
2025-06-14 14:03:19,267 - __main__ - INFO - 🚀 EXECUTING TRADE: AUDCHF_otc PUT $5.0 (expiry: 59s)
2025-06-14 14:03:19,267 - __main__ - INFO - 💰 REAL TRADING MODE: Executing actual trade on Pocket Option platform
2025-06-14 14:03:19,369 - __main__ - INFO - ✅ REAL TRADE EXECUTED: AUDCHF_otc PUT $5.0 - Trade ID: b48b8ace-1463-47de-902c-9f22195ec9c8
2025-06-14 14:04:23,379 - __main__ - INFO - 🔍 Checking trade result for trade ID: b48b8ace-1463-47de-902c-9f22195ec9c8
2025-06-14 14:04:23,379 - __main__ - WARNING - ⚠️ UNKNOWN TRADE RESULT: b48b8ace-1463-47de-902c-9f22195ec9c8 - Result: (-5, 'loose')
2025-06-14 14:04:23,390 - __main__ - INFO - 📊 TRADING STATS: Total Profit: $0.00 | Wins: 0 | Losses: 0 | Total Trades: 3
2025-06-14 14:04:30,790 - __main__ - INFO - 📨 Received message: Signal result: +$644...
2025-06-14 14:04:39,445 - __main__ - INFO - 📨 Received message: ?Excellent result!...
2025-06-14 14:04:42,810 - __main__ - INFO - 📨 Received message: **?Trading Pair: AUD/CAD (OTC)**...
2025-06-14 14:04:42,810 - __main__ - INFO - Parsed first message: Trading pair = AUD/CAD
2025-06-14 14:04:52,587 - __main__ - INFO - 📨 Received message: ?SET THE TIMER TO 00:01:00?

Fourth signal: Currency pair AUD/CAD  
LOWER  ?
Trade time: 1 MIN...
2025-06-14 14:04:52,587 - __main__ - INFO - ✅ PARSED SIGNAL: {'timer': '00:01:00', 'pair': 'AUD/CAD', 'direction': 'LOWER', 'expiry': 1}
2025-06-14 14:04:52,587 - __main__ - INFO - 🎯 COMPLETE SIGNAL DETECTED: {'pair': 'AUD/CAD', 'timer': '00:01:00', 'direction': 'LOWER', 'expiry': 1, 'timestamp': '2025-06-14T14:04:52.587455+00:00', 'id': 'signal_20250614_140452587455_004', 'session_id': 'SE-20250613'}
2025-06-14 14:04:52,595 - __main__ - INFO - 🚀 EXECUTING TRADE IMMEDIATELY
2025-06-14 14:04:52,595 - timestamp_recorder - INFO - Trade execution timestamp recorded: trade_20250614_140452595491_004 (Delay: 4.0ms)
2025-06-14 14:04:52,595 - __main__ - INFO - 🎯 Using OTC pair: AUDCAD_otc for signal pair: AUD/CAD
2025-06-14 14:04:52,595 - __main__ - INFO - 🎯 LATENCY OPTIMIZATION: Using 59-second trade duration instead of 60 seconds
2025-06-14 14:04:52,611 - __main__ - INFO - 🚀 EXECUTING TRADE: AUDCAD_otc PUT $5.0 (expiry: 59s)
2025-06-14 14:04:52,611 - __main__ - INFO - 💰 REAL TRADING MODE: Executing actual trade on Pocket Option platform
2025-06-14 14:04:52,812 - __main__ - INFO - ✅ REAL TRADE EXECUTED: AUDCAD_otc PUT $5.0 - Trade ID: 32dfcb9d-15be-4c27-8333-7df22821a1e4
2025-06-14 14:05:56,826 - __main__ - INFO - 🔍 Checking trade result for trade ID: 32dfcb9d-15be-4c27-8333-7df22821a1e4
2025-06-14 14:05:56,826 - __main__ - WARNING - ⚠️ UNKNOWN TRADE RESULT: 32dfcb9d-15be-4c27-8333-7df22821a1e4 - Result: (4.6, 'win')
2025-06-14 14:05:56,838 - __main__ - INFO - 📊 TRADING STATS: Total Profit: $0.00 | Wins: 0 | Losses: 0 | Total Trades: 4
2025-06-14 14:05:59,095 - __main__ - INFO - 📨 Received message: Signal result: +$644...
2025-06-14 14:06:07,989 - __main__ - INFO - 📨 Received message: ?Stability, the key to success...
2025-06-14 14:08:21,220 - __main__ - INFO - 📨 Received message: ? Congratulations to the Private Trading Club participants on a successful trading session! ?  
  
R...
2025-06-14 14:23:37,852 - telethon.client.updates - INFO - Got difference for channel 1662586438 updates
2025-06-14 20:45:46,825 - __main__ - INFO - Using 'sessions' for session-related data files.
2025-06-14 20:45:46,828 - session_manager - INFO - Found externally started active session in sessions\active_session.json: SE2-20250614
2025-06-14 20:45:46,829 - session_manager - INFO - Successfully loaded and adopted active session from sessions\active_session.json: SE2-20250614
2025-06-14 20:45:46,829 - session_manager - INFO - SessionManager initialized successfully
2025-06-14 20:45:46,831 - session_manager - INFO - SignalDeduplicator initialized successfully
2025-06-14 20:45:46,833 - __main__ - INFO - Initializing Telegram client...
2025-06-14 20:45:46,849 - telethon.network.mtprotosender - INFO - Connecting to 149.154.167.91:443/TcpFull...
2025-06-14 20:45:46,863 - telethon.network.mtprotosender - INFO - Connection to 149.154.167.91:443/TcpFull complete!
2025-06-14 20:45:47,071 - __main__ - INFO - Started Telegram client in user account mode
2025-06-14 20:45:47,071 - __main__ - INFO - Already authenticated using existing session
2025-06-14 20:45:47,103 - __main__ - INFO - Logged in as: Pieter Stanton (@piet43)
2025-06-14 20:45:47,103 - __main__ - INFO - Initializing Pocket Option client (Demo mode: True)
2025-06-14 20:45:47,103 - __main__ - INFO - Successfully connected to Pocket Option API
2025-06-14 20:45:48,105 - __main__ - INFO - Account balance: 51301.94
2025-06-14 20:45:48,108 - __main__ - INFO - Subscription to favorite pairs is currently disabled due to API limitations.
2025-06-14 20:45:48,108 - __main__ - INFO - JSON storage initialized successfully
2025-06-14 20:45:48,108 - __main__ - INFO - Using already loaded session: SE2-20250614
2025-06-14 20:45:48,110 - __main__ - INFO - Updated balance_start for loaded session SE2-20250614 to 51301.94
2025-06-14 20:45:48,110 - __main__ - INFO - ✅ Session management initialized with existing session: SE2-20250614
2025-06-14 20:45:48,110 - __main__ - INFO - 💰 Current Balance: $51301.94
2025-06-14 20:46:14,247 - __main__ - INFO - 💵 Custom Amount: $5.20
2025-06-14 20:46:16,542 - __main__ - INFO - ✅ Trading amount set to $5.20 for this session
2025-06-14 20:46:16,546 - __main__ - INFO - ✅ Self Bot v1.5 initialized successfully
2025-06-14 20:46:16,546 - __main__ - INFO - 💰 REAL TRADING MODE ENABLED
2025-06-14 20:46:16,546 - __main__ - INFO - Bot is now monitoring for signals...
2025-06-14 20:46:16,546 - __main__ - INFO - Accessing channel: BINARY TRADING CLUB
2025-06-14 20:46:16,608 - __main__ - INFO - Accessed channel by ID: BINARY TRADING CLUB
2025-06-14 20:46:16,610 - __main__ - INFO - Starting monitoring of channel: BINARY TRADING CLUB
2025-06-14 20:46:16,610 - __main__ - INFO - Event handler registered. Waiting for signals...
2025-06-14 20:50:09,174 - __main__ - INFO - 📨 Received message: ?Get ready to earn! Starting soon!

In this session we will use these trading pairs:

**EUR/HUF (OTC...
2025-06-14 21:00:04,360 - __main__ - INFO - 📨 Received message: **? The trading session has already started! Let's go!**...
2025-06-14 21:00:17,462 - __main__ - INFO - 📨 Received message: **?Trading Pair: EUR/HUF (OTC)**...
2025-06-14 21:00:17,462 - __main__ - INFO - Parsed first message: Trading pair = EUR/HUF
2025-06-14 21:00:29,010 - __main__ - INFO - 📨 Received message: ?SET THE TIMER TO 00:01:00?

First signal: Currency pair EUR/HUF 
HIGHER ? 
Trade time: 1 MIN...
2025-06-14 21:00:29,011 - __main__ - INFO - ✅ PARSED SIGNAL: {'timer': '00:01:00', 'pair': 'EUR/HUF', 'direction': 'HIGHER', 'expiry': 1}
2025-06-14 21:00:29,013 - __main__ - INFO - 🎯 COMPLETE SIGNAL DETECTED: {'pair': 'EUR/HUF', 'timer': '00:01:00', 'direction': 'HIGHER', 'expiry': 1, 'timestamp': '2025-06-14T21:00:29.013030+00:00', 'id': 'signal_20250614_210029013030_001', 'session_id': 'SE2-20250614'}
2025-06-14 21:00:29,019 - __main__ - INFO - 🚀 EXECUTING TRADE IMMEDIATELY
2025-06-14 21:00:29,021 - timestamp_recorder - INFO - Trade execution timestamp recorded: trade_20250614_210029021057_001 (Delay: 6.0ms)
2025-06-14 21:00:29,021 - __main__ - INFO - 🎯 Using OTC pair: EURHUF_otc for signal pair: EUR/HUF
2025-06-14 21:00:29,033 - __main__ - INFO - 🚀 EXECUTING TRADE: EURHUF_otc CALL $5.2 (expiry: 60s)
2025-06-14 21:00:29,033 - __main__ - INFO - 💰 REAL TRADING MODE: Executing actual trade on Pocket Option platform
2025-06-14 21:00:29,236 - __main__ - INFO - ✅ REAL TRADE EXECUTED: EURHUF_otc CALL $5.2 - Trade ID: 4c9d3560-c758-461a-a8a3-a2290fb63c89
2025-06-14 21:01:34,246 - __main__ - INFO - 🔍 Checking trade result for trade ID: 4c9d3560-c758-461a-a8a3-a2290fb63c89
2025-06-14 21:01:34,246 - __main__ - WARNING - ⚠️ UNKNOWN TRADE RESULT: 4c9d3560-c758-461a-a8a3-a2290fb63c89 - Result: (-5.2, 'loose')
2025-06-14 21:01:34,258 - __main__ - INFO - 📊 TRADING STATS: Total Profit: $0.00 | Wins: 0 | Losses: 0 | Total Trades: 1
2025-06-14 21:01:54,806 - __main__ - INFO - 📨 Received message: Signal result: +$644...
2025-06-14 21:02:07,992 - __main__ - INFO - 📨 Received message: ?Wonderful trade...
2025-06-14 21:02:16,591 - __main__ - INFO - 📨 Received message: **?Trading Pair: EUR/GBP (OTC)**...
2025-06-14 21:02:16,591 - __main__ - INFO - Parsed first message: Trading pair = EUR/GBP
2025-06-14 21:02:33,357 - __main__ - INFO - 📨 Received message: ?SET THE TIMER TO 00:01:00?

Second signal: Currency pair EUR/GBP 
HIGHER ? 
Trade time: 1 MIN...
2025-06-14 21:02:33,359 - __main__ - INFO - ✅ PARSED SIGNAL: {'timer': '00:01:00', 'pair': 'EUR/GBP', 'direction': 'HIGHER', 'expiry': 1}
2025-06-14 21:02:33,359 - __main__ - INFO - 🎯 COMPLETE SIGNAL DETECTED: {'pair': 'EUR/GBP', 'timer': '00:01:00', 'direction': 'HIGHER', 'expiry': 1, 'timestamp': '2025-06-14T21:02:33.359732+00:00', 'id': 'signal_20250614_210233359732_002', 'session_id': 'SE2-20250614'}
2025-06-14 21:02:33,365 - __main__ - INFO - 🚀 EXECUTING TRADE IMMEDIATELY
2025-06-14 21:02:33,365 - timestamp_recorder - INFO - Trade execution timestamp recorded: trade_20250614_210233365757_002 (Delay: 4.0ms)
2025-06-14 21:02:33,365 - __main__ - INFO - 🎯 Using OTC pair: EURGBP_otc for signal pair: EUR/GBP
2025-06-14 21:02:33,377 - __main__ - INFO - 🚀 EXECUTING TRADE: EURGBP_otc CALL $5.2 (expiry: 60s)
2025-06-14 21:02:33,377 - __main__ - INFO - 💰 REAL TRADING MODE: Executing actual trade on Pocket Option platform
2025-06-14 21:02:33,479 - __main__ - INFO - ✅ REAL TRADE EXECUTED: EURGBP_otc CALL $5.2 - Trade ID: 423d0145-7f23-42d1-ae20-bb833f7e9c13
2025-06-14 21:03:38,490 - __main__ - INFO - 🔍 Checking trade result for trade ID: 423d0145-7f23-42d1-ae20-bb833f7e9c13
2025-06-14 21:03:38,490 - __main__ - WARNING - ⚠️ UNKNOWN TRADE RESULT: 423d0145-7f23-42d1-ae20-bb833f7e9c13 - Result: (-5.2, 'loose')
2025-06-14 21:03:38,502 - __main__ - INFO - 📊 TRADING STATS: Total Profit: $0.00 | Wins: 0 | Losses: 0 | Total Trades: 2
2025-06-14 21:03:50,704 - __main__ - INFO - 📨 Received message: Signal result: +$644...
2025-06-14 21:04:02,591 - __main__ - INFO - 📨 Received message: ?Excellent result!...
2025-06-14 21:04:08,843 - __main__ - INFO - 📨 Received message: **?Trading Pair: CAD/CHF (OTC)**...
2025-06-14 21:04:08,843 - __main__ - INFO - Parsed first message: Trading pair = CAD/CHF
2025-06-14 21:04:18,813 - __main__ - INFO - 📨 Received message: ?SET THE TIMER TO 00:01:00?

Third signal: Currency pair CAD/CHF 
LOWER  ?
Trade time: 1 MIN...
2025-06-14 21:04:18,814 - __main__ - INFO - ✅ PARSED SIGNAL: {'timer': '00:01:00', 'pair': 'CAD/CHF', 'direction': 'LOWER', 'expiry': 1}
2025-06-14 21:04:18,814 - __main__ - INFO - 🎯 COMPLETE SIGNAL DETECTED: {'pair': 'CAD/CHF', 'timer': '00:01:00', 'direction': 'LOWER', 'expiry': 1, 'timestamp': '2025-06-14T21:04:18.814927+00:00', 'id': 'signal_20250614_210418814927_003', 'session_id': 'SE2-20250614'}
2025-06-14 21:04:18,821 - __main__ - INFO - 🚀 EXECUTING TRADE IMMEDIATELY
2025-06-14 21:04:18,821 - timestamp_recorder - INFO - Trade execution timestamp recorded: trade_20250614_210418821733_003 (Delay: 4.0ms)
2025-06-14 21:04:18,821 - __main__ - INFO - 🎯 Using OTC pair: CADCHF_otc for signal pair: CAD/CHF
2025-06-14 21:04:18,835 - __main__ - INFO - 🚀 EXECUTING TRADE: CADCHF_otc PUT $5.2 (expiry: 60s)
2025-06-14 21:04:18,835 - __main__ - INFO - 💰 REAL TRADING MODE: Executing actual trade on Pocket Option platform
2025-06-14 21:04:18,937 - __main__ - INFO - ✅ REAL TRADE EXECUTED: CADCHF_otc PUT $5.2 - Trade ID: 1f9202e4-284f-4a54-9454-40025fb9268c
2025-06-14 21:05:23,948 - __main__ - INFO - 🔍 Checking trade result for trade ID: 1f9202e4-284f-4a54-9454-40025fb9268c
2025-06-14 21:05:23,948 - __main__ - WARNING - ⚠️ UNKNOWN TRADE RESULT: 1f9202e4-284f-4a54-9454-40025fb9268c - Result: (-5.2, 'loose')
2025-06-14 21:05:23,961 - __main__ - INFO - 📊 TRADING STATS: Total Profit: $0.00 | Wins: 0 | Losses: 0 | Total Trades: 3
2025-06-14 21:05:31,952 - __main__ - INFO - 📨 Received message: Signal result: +$0...
2025-06-14 21:05:46,675 - __main__ - INFO - 📨 Received message: ?Bad luck...
2025-06-14 21:05:52,491 - __main__ - INFO - 📨 Received message: **?Trading Pair: AED/CNY (OTC)**...
2025-06-14 21:05:52,491 - __main__ - INFO - Parsed first message: Trading pair = AED/CNY
2025-06-14 21:06:14,876 - __main__ - INFO - 📨 Received message: ?SET THE TIMER TO 00:01:00?

Fourth signal: Currency pair AED/CNY  
HIGHER ? 
Trade time: 1 MIN...
2025-06-14 21:06:14,876 - __main__ - INFO - ✅ PARSED SIGNAL: {'timer': '00:01:00', 'pair': 'AED/CNY', 'direction': 'HIGHER', 'expiry': 1}
2025-06-14 21:06:14,876 - __main__ - INFO - 🎯 COMPLETE SIGNAL DETECTED: {'pair': 'AED/CNY', 'timer': '00:01:00', 'direction': 'HIGHER', 'expiry': 1, 'timestamp': '2025-06-14T21:06:14.876746+00:00', 'id': 'signal_20250614_210614876746_004', 'session_id': 'SE2-20250614'}
2025-06-14 21:06:14,882 - __main__ - INFO - 🚀 EXECUTING TRADE IMMEDIATELY
2025-06-14 21:06:14,882 - timestamp_recorder - INFO - Trade execution timestamp recorded: trade_20250614_210614882776_004 (Delay: 4.0ms)
2025-06-14 21:06:14,882 - __main__ - INFO - 🎯 Using OTC pair: AEDCNY_otc for signal pair: AED/CNY
2025-06-14 21:06:14,898 - __main__ - INFO - 🚀 EXECUTING TRADE: AEDCNY_otc CALL $5.2 (expiry: 60s)
2025-06-14 21:06:14,898 - __main__ - INFO - 💰 REAL TRADING MODE: Executing actual trade on Pocket Option platform
2025-06-14 21:06:14,999 - __main__ - INFO - ✅ REAL TRADE EXECUTED: AEDCNY_otc CALL $5.2 - Trade ID: af859606-9884-4f42-9214-ba780cf0ed69
2025-06-14 21:07:20,010 - __main__ - INFO - 🔍 Checking trade result for trade ID: af859606-9884-4f42-9214-ba780cf0ed69
2025-06-14 21:07:20,010 - __main__ - WARNING - ⚠️ UNKNOWN TRADE RESULT: af859606-9884-4f42-9214-ba780cf0ed69 - Result: (-5.2, 'loose')
2025-06-14 21:07:20,023 - __main__ - INFO - 📊 TRADING STATS: Total Profit: $0.00 | Wins: 0 | Losses: 0 | Total Trades: 4
2025-06-14 21:07:30,975 - __main__ - INFO - 📨 Received message: Signal result: +$644...
2025-06-14 21:07:47,321 - __main__ - INFO - 📨 Received message: ?Stability, the key to success...
2025-06-14 21:09:37,611 - __main__ - INFO - 📨 Received message: ? Congratulations to the Private Trading Club participants on a successful trading session! ?  
  
R...
2025-06-15 13:46:34,369 - __main__ - INFO - Using 'sessions' for session-related data files.
2025-06-15 13:46:34,375 - session_manager - INFO - Found externally started active session in sessions\active_session.json: SE1-20250615
2025-06-15 13:46:34,375 - session_manager - INFO - Successfully loaded and adopted active session from sessions\active_session.json: SE1-20250615
2025-06-15 13:46:34,377 - session_manager - INFO - SessionManager initialized successfully
2025-06-15 13:46:34,377 - session_manager - INFO - SignalDeduplicator initialized successfully
2025-06-15 13:46:34,379 - __main__ - INFO - Initializing Telegram client...
2025-06-15 13:46:34,426 - telethon.network.mtprotosender - INFO - Connecting to 149.154.167.91:443/TcpFull...
2025-06-15 13:46:34,439 - telethon.network.mtprotosender - INFO - Connection to 149.154.167.91:443/TcpFull complete!
2025-06-15 13:46:34,591 - __main__ - INFO - Started Telegram client in user account mode
2025-06-15 13:46:34,591 - __main__ - INFO - Already authenticated using existing session
2025-06-15 13:46:34,611 - __main__ - INFO - Logged in as: Pieter Stanton (@piet43)
2025-06-15 13:46:34,611 - __main__ - INFO - Initializing Pocket Option client (Demo mode: True)
2025-06-15 13:46:34,613 - __main__ - INFO - Successfully connected to Pocket Option API
2025-06-15 13:46:35,614 - __main__ - INFO - Account balance: 51302.9
2025-06-15 13:46:35,617 - __main__ - INFO - Subscription to favorite pairs is currently disabled due to API limitations.
2025-06-15 13:46:35,619 - __main__ - INFO - JSON storage initialized successfully
2025-06-15 13:46:35,619 - __main__ - INFO - Using already loaded session: SE1-20250615
2025-06-15 13:46:35,621 - __main__ - INFO - Updated balance_start for loaded session SE1-20250615 to 51302.9
2025-06-15 13:46:35,623 - __main__ - INFO - ✅ Session management initialized with existing session: SE1-20250615
2025-06-15 13:46:35,623 - __main__ - INFO - 💰 Current Balance: $51302.90
2025-06-15 13:46:52,114 - __main__ - INFO - 💵 Custom Amount: $5.10
2025-06-15 13:46:55,904 - __main__ - INFO - ✅ Trading amount set to $5.10 for this session
2025-06-15 13:46:55,908 - __main__ - INFO - ✅ Self Bot v1.5 initialized successfully
2025-06-15 13:46:55,910 - __main__ - INFO - 💰 REAL TRADING MODE ENABLED
2025-06-15 13:46:55,911 - __main__ - INFO - Bot is now monitoring for signals...
2025-06-15 13:46:55,911 - __main__ - INFO - Accessing channel: BINARY TRADING CLUB
2025-06-15 13:46:55,934 - __main__ - INFO - Accessed channel by ID: BINARY TRADING CLUB
2025-06-15 13:46:55,934 - __main__ - INFO - Starting monitoring of channel: BINARY TRADING CLUB
2025-06-15 13:46:55,934 - __main__ - INFO - Event handler registered. Waiting for signals...
2025-06-15 13:50:35,436 - __main__ - INFO - 📨 Received message: ?Get ready to earn! Starting soon!

In this session we will use these trading pairs:

**AUD/USD (OTC...
2025-06-15 13:53:39,162 - telethon.client.updates - INFO - Got difference for account updates
2025-06-15 13:57:09,795 - telethon.client.updates - INFO - Got difference for channel 1662586438 updates
2025-06-15 14:01:25,150 - __main__ - INFO - 📨 Received message: **? The trading session has already started! Let's go!**...
2025-06-15 14:01:31,285 - __main__ - INFO - 📨 Received message: **?Trading Pair: AUD/USD (OTC)**...
2025-06-15 14:01:31,285 - __main__ - INFO - Parsed first message: Trading pair = AUD/USD
2025-06-15 14:01:35,984 - __main__ - INFO - 📨 Received message: ?SET THE TIMER TO 00:01:00?

First signal: Currency pair AUD/USD 
HIGHER ? 
Trade time: 1 MIN...
2025-06-15 14:01:35,984 - __main__ - INFO - ✅ PARSED SIGNAL: {'timer': '00:01:00', 'pair': 'AUD/USD', 'direction': 'HIGHER', 'expiry': 1}
2025-06-15 14:01:35,984 - __main__ - INFO - 🎯 COMPLETE SIGNAL DETECTED: {'pair': 'AUD/USD', 'timer': '00:01:00', 'direction': 'HIGHER', 'expiry': 1, 'timestamp': '2025-06-15T14:01:35.984611+00:00', 'id': 'signal_20250615_140135984611_001', 'session_id': 'SE1-20250615'}
2025-06-15 14:01:35,992 - __main__ - INFO - 🚀 EXECUTING TRADE IMMEDIATELY
2025-06-15 14:01:35,994 - timestamp_recorder - INFO - Trade execution timestamp recorded: trade_20250615_140135994661_001 (Delay: 6.0ms)
2025-06-15 14:01:35,994 - __main__ - INFO - 🎯 Using OTC pair: AUDUSD_otc for signal pair: AUD/USD
2025-06-15 14:01:36,010 - __main__ - INFO - 🚀 EXECUTING TRADE: AUDUSD_otc CALL $5.1 (expiry: 60s)
2025-06-15 14:01:36,012 - __main__ - INFO - 💰 REAL TRADING MODE: Executing actual trade on Pocket Option platform
2025-06-15 14:01:36,214 - __main__ - INFO - ✅ REAL TRADE EXECUTED: AUDUSD_otc CALL $5.1 - Trade ID: b0f1c09c-08aa-4883-8c23-5356d9b56ddf
2025-06-15 14:01:39,305 - telethon.client.updates - INFO - Got difference for account updates
2025-06-15 14:02:40,814 - __main__ - INFO - 📨 Received message: Signal result: +$644...
2025-06-15 14:02:41,227 - __main__ - INFO - 🔍 Checking trade result for trade ID: b0f1c09c-08aa-4883-8c23-5356d9b56ddf
2025-06-15 14:02:41,227 - __main__ - WARNING - ⚠️ UNKNOWN TRADE RESULT: b0f1c09c-08aa-4883-8c23-5356d9b56ddf - Result: (4.692, 'win')
2025-06-15 14:02:41,240 - __main__ - INFO - 📊 TRADING STATS: Total Profit: $0.00 | Wins: 0 | Losses: 0 | Total Trades: 1
2025-06-15 14:03:07,331 - __main__ - INFO - 📨 Received message: ?Wonderful trade...
2025-06-15 14:03:09,384 - telethon.client.updates - INFO - Got difference for account updates
2025-06-15 14:03:12,168 - __main__ - INFO - 📨 Received message: **?Trading Pair: AUD/CAD (OTC)**...
2025-06-15 14:03:12,168 - __main__ - INFO - Parsed first message: Trading pair = AUD/CAD
2025-06-15 14:03:17,106 - __main__ - INFO - 📨 Received message: ?SET THE TIMER TO 00:01:00?

Second signal: Currency pair AUD/CAD 
HIGHER ? 
Trade time: 1 MIN...
2025-06-15 14:03:17,106 - __main__ - INFO - ✅ PARSED SIGNAL: {'timer': '00:01:00', 'pair': 'AUD/CAD', 'direction': 'HIGHER', 'expiry': 1}
2025-06-15 14:03:17,106 - __main__ - INFO - 🎯 COMPLETE SIGNAL DETECTED: {'pair': 'AUD/CAD', 'timer': '00:01:00', 'direction': 'HIGHER', 'expiry': 1, 'timestamp': '2025-06-15T14:03:17.106726+00:00', 'id': 'signal_20250615_140317106726_002', 'session_id': 'SE1-20250615'}
2025-06-15 14:03:17,115 - __main__ - INFO - 🚀 EXECUTING TRADE IMMEDIATELY
2025-06-15 14:03:17,116 - timestamp_recorder - INFO - Trade execution timestamp recorded: trade_20250615_140317116468_002 (Delay: 5.7ms)
2025-06-15 14:03:17,117 - __main__ - INFO - 🎯 Using OTC pair: AUDCAD_otc for signal pair: AUD/CAD
2025-06-15 14:03:17,128 - __main__ - INFO - 🚀 EXECUTING TRADE: AUDCAD_otc CALL $5.1 (expiry: 60s)
2025-06-15 14:03:17,128 - __main__ - INFO - 💰 REAL TRADING MODE: Executing actual trade on Pocket Option platform
2025-06-15 14:03:17,331 - __main__ - INFO - ✅ REAL TRADE EXECUTED: AUDCAD_otc CALL $5.1 - Trade ID: 7e66be41-6461-4632-aff1-ff50f3072388
2025-06-15 14:04:09,182 - telethon.client.updates - INFO - Got difference for account updates
2025-06-15 14:04:21,451 - __main__ - INFO - 📨 Received message: Signal result: +$644...
2025-06-15 14:04:22,344 - __main__ - INFO - 🔍 Checking trade result for trade ID: 7e66be41-6461-4632-aff1-ff50f3072388
2025-06-15 14:04:22,344 - __main__ - WARNING - ⚠️ UNKNOWN TRADE RESULT: 7e66be41-6461-4632-aff1-ff50f3072388 - Result: (4.692, 'win')
2025-06-15 14:04:22,362 - __main__ - INFO - 📊 TRADING STATS: Total Profit: $0.00 | Wins: 0 | Losses: 0 | Total Trades: 2
2025-06-15 14:04:40,542 - __main__ - INFO - 📨 Received message: ?Excellent result!...
2025-06-15 14:05:06,100 - __main__ - INFO - 📨 Received message: **?Trading Pair: AUD/CHF (OTC)**...
2025-06-15 14:05:06,100 - __main__ - INFO - Parsed first message: Trading pair = AUD/CHF
2025-06-15 14:05:10,820 - __main__ - INFO - 📨 Received message: ?SET THE TIMER TO 00:01:00?

Third signal: Currency pair AUD/CHF 
LOWER  ?
Trade time: 1 MIN...
2025-06-15 14:05:10,820 - __main__ - INFO - ✅ PARSED SIGNAL: {'timer': '00:01:00', 'pair': 'AUD/CHF', 'direction': 'LOWER', 'expiry': 1}
2025-06-15 14:05:10,820 - __main__ - INFO - 🎯 COMPLETE SIGNAL DETECTED: {'pair': 'AUD/CHF', 'timer': '00:01:00', 'direction': 'LOWER', 'expiry': 1, 'timestamp': '2025-06-15T14:05:10.820586+00:00', 'id': 'signal_20250615_140510820586_003', 'session_id': 'SE1-20250615'}
2025-06-15 14:05:10,829 - __main__ - INFO - 🚀 EXECUTING TRADE IMMEDIATELY
2025-06-15 14:05:10,830 - timestamp_recorder - INFO - Trade execution timestamp recorded: trade_20250615_140510830628_003 (Delay: 6.0ms)
2025-06-15 14:05:10,831 - __main__ - INFO - 🎯 Using OTC pair: AUDCHF_otc for signal pair: AUD/CHF
2025-06-15 14:05:10,842 - __main__ - INFO - 🚀 EXECUTING TRADE: AUDCHF_otc PUT $5.1 (expiry: 60s)
2025-06-15 14:05:10,843 - __main__ - INFO - 💰 REAL TRADING MODE: Executing actual trade on Pocket Option platform
2025-06-15 14:05:11,048 - __main__ - INFO - ✅ REAL TRADE EXECUTED: AUDCHF_otc PUT $5.1 - Trade ID: a9d6d89b-4981-4299-ad72-7171fa2204a6
2025-06-15 14:05:12,535 - telethon.client.updates - INFO - Got difference for account updates
2025-06-15 14:06:14,961 - __main__ - INFO - 📨 Received message: Signal result: +$0...
2025-06-15 14:06:16,060 - __main__ - INFO - 🔍 Checking trade result for trade ID: a9d6d89b-4981-4299-ad72-7171fa2204a6
2025-06-15 14:06:16,060 - __main__ - WARNING - ⚠️ UNKNOWN TRADE RESULT: a9d6d89b-4981-4299-ad72-7171fa2204a6 - Result: (-5.1, 'loose')
2025-06-15 14:06:16,078 - __main__ - INFO - 📊 TRADING STATS: Total Profit: $0.00 | Wins: 0 | Losses: 0 | Total Trades: 3
2025-06-15 14:06:30,165 - __main__ - INFO - 📨 Received message: ?Bad luck...
2025-06-15 14:06:37,959 - __main__ - INFO - 📨 Received message: **?Trading Pair: AUD/NZD (OTC)**...
2025-06-15 14:06:37,959 - __main__ - INFO - Parsed first message: Trading pair = AUD/NZD
2025-06-15 14:07:04,501 - __main__ - INFO - 📨 Received message: ?SET THE TIMER TO 00:01:00?

Fourth signal: Currency pair AUD/NZD  
HIGHER ? 
Trade time: 1 MIN...
2025-06-15 14:07:04,501 - __main__ - INFO - ✅ PARSED SIGNAL: {'timer': '00:01:00', 'pair': 'AUD/NZD', 'direction': 'HIGHER', 'expiry': 1}
2025-06-15 14:07:04,501 - __main__ - INFO - 🎯 COMPLETE SIGNAL DETECTED: {'pair': 'AUD/NZD', 'timer': '00:01:00', 'direction': 'HIGHER', 'expiry': 1, 'timestamp': '2025-06-15T14:07:04.501467+00:00', 'id': 'signal_20250615_140704501467_004', 'session_id': 'SE1-20250615'}
2025-06-15 14:07:04,511 - __main__ - INFO - 🚀 EXECUTING TRADE IMMEDIATELY
2025-06-15 14:07:04,511 - timestamp_recorder - INFO - Trade execution timestamp recorded: trade_20250615_140704511581_004 (Delay: 6.0ms)
2025-06-15 14:07:04,511 - __main__ - INFO - 🎯 Using OTC pair: AUDNZD_otc for signal pair: AUD/NZD
2025-06-15 14:07:04,523 - __main__ - INFO - 🚀 EXECUTING TRADE: AUDNZD_otc CALL $5.1 (expiry: 60s)
2025-06-15 14:07:04,523 - __main__ - INFO - 💰 REAL TRADING MODE: Executing actual trade on Pocket Option platform
2025-06-15 14:07:04,626 - __main__ - INFO - ✅ REAL TRADE EXECUTED: AUDNZD_otc CALL $5.1 - Trade ID: 5cb2e127-3e1d-4f25-99b8-e4ab272c0f8b
2025-06-15 14:07:09,190 - telethon.client.updates - INFO - Got difference for account updates
2025-06-15 14:08:09,641 - __main__ - INFO - 🔍 Checking trade result for trade ID: 5cb2e127-3e1d-4f25-99b8-e4ab272c0f8b
2025-06-15 14:08:09,641 - __main__ - WARNING - ⚠️ UNKNOWN TRADE RESULT: 5cb2e127-3e1d-4f25-99b8-e4ab272c0f8b - Result: (4.692, 'win')
2025-06-15 14:08:09,655 - __main__ - INFO - 📊 TRADING STATS: Total Profit: $0.00 | Wins: 0 | Losses: 0 | Total Trades: 4
2025-06-15 14:08:10,538 - __main__ - INFO - 📨 Received message: Signal result: +$644...
2025-06-15 14:08:27,761 - __main__ - INFO - 📨 Received message: ?Incredible win...
2025-06-15 14:08:58,884 - telethon.client.updates - INFO - Got difference for account updates
2025-06-15 14:16:53,164 - __main__ - INFO - 📨 Received message: ? Congratulations to the Private Trading Club participants on a successful trading session! ?  
  
R...
2025-06-15 14:23:32,265 - __main__ - INFO - Shutting down Self Bot...
2025-06-15 14:23:32,265 - telethon.network.mtprotosender - INFO - Disconnecting from 149.154.167.91:443/TcpFull...
2025-06-15 14:23:32,267 - telethon.network.mtprotosender - INFO - Disconnection from 149.154.167.91:443/TcpFull complete!
2025-06-15 20:30:36,695 - __main__ - INFO - Using 'sessions' for session-related data files.
2025-06-15 20:30:36,699 - session_manager - INFO - Found externally started active session in sessions\active_session.json: SE2-20250615
2025-06-15 20:30:36,699 - session_manager - INFO - Successfully loaded and adopted active session from sessions\active_session.json: SE2-20250615
2025-06-15 20:30:36,701 - session_manager - INFO - SessionManager initialized successfully
2025-06-15 20:30:36,701 - session_manager - INFO - SignalDeduplicator initialized successfully
2025-06-15 20:30:36,701 - __main__ - INFO - Initializing Telegram client...
2025-06-15 20:30:36,746 - telethon.network.mtprotosender - INFO - Connecting to 149.154.167.91:443/TcpFull...
2025-06-15 20:30:36,760 - telethon.network.mtprotosender - INFO - Connection to 149.154.167.91:443/TcpFull complete!
2025-06-15 20:30:36,945 - __main__ - INFO - Started Telegram client in user account mode
2025-06-15 20:30:36,947 - __main__ - INFO - Already authenticated using existing session
2025-06-15 20:30:36,981 - __main__ - INFO - Logged in as: Pieter Stanton (@piet43)
2025-06-15 20:30:36,982 - __main__ - INFO - Initializing Pocket Option client (Demo mode: True)
2025-06-15 20:30:36,982 - __main__ - INFO - Successfully connected to Pocket Option API
2025-06-15 20:30:37,984 - __main__ - INFO - Account balance: 51301.87
2025-06-15 20:30:37,988 - __main__ - INFO - Subscription to favorite pairs is currently disabled due to API limitations.
2025-06-15 20:30:37,988 - __main__ - INFO - JSON storage initialized successfully
2025-06-15 20:30:37,988 - __main__ - INFO - Using already loaded session: SE2-20250615
2025-06-15 20:30:37,990 - __main__ - INFO - Updated balance_start for loaded session SE2-20250615 to 51301.87
2025-06-15 20:30:37,990 - __main__ - INFO - ✅ Session management initialized with existing session: SE2-20250615
2025-06-15 20:30:37,990 - __main__ - INFO - 💰 Current Balance: $51301.87
2025-06-15 20:31:14,648 - __main__ - INFO - 💵 Custom Amount: $5.20
2025-06-15 20:31:17,827 - __main__ - INFO - ✅ Trading amount set to $5.20 for this session
2025-06-15 20:31:17,831 - __main__ - INFO - ✅ Self Bot v1.5 initialized successfully
2025-06-15 20:31:17,831 - __main__ - INFO - 💰 REAL TRADING MODE ENABLED
2025-06-15 20:31:17,831 - __main__ - INFO - Bot is now monitoring for signals...
2025-06-15 20:31:17,831 - __main__ - INFO - Accessing channel: BINARY TRADING CLUB
2025-06-15 20:31:17,853 - __main__ - INFO - Accessed channel by ID: BINARY TRADING CLUB
2025-06-15 20:31:17,853 - __main__ - INFO - Starting monitoring of channel: BINARY TRADING CLUB
2025-06-15 20:31:17,853 - __main__ - INFO - Event handler registered. Waiting for signals...
2025-06-15 20:35:55,899 - telethon.client.updates - INFO - Got difference for account updates
2025-06-15 20:35:56,451 - telethon.client.updates - INFO - Got difference for channel 2412213735 updates
2025-06-15 20:35:56,454 - __main__ - INFO - 📨 Received message: ? **ATTENTION! In 30 minutes we?re starting ? the evening session is coming up! ****?**

The first h...
2025-06-15 20:49:56,986 - __main__ - INFO - 📨 Received message: ?Get ready to earn! Starting soon!

In this session we will use these trading pairs:

**AUD/USD (OTC...
2025-06-15 20:59:29,651 - telethon.client.updates - INFO - Got difference for account updates
2025-06-15 20:59:58,496 - __main__ - INFO - 📨 Received message: **? The trading session has already started! Let's go!**...
2025-06-15 21:00:00,889 - __main__ - INFO - 📨 Received message: **?Trading Pair: AUD/CHF (OTC)**...
2025-06-15 21:00:00,889 - __main__ - INFO - Parsed first message: Trading pair = AUD/CHF
2025-06-15 21:00:12,379 - __main__ - INFO - 📨 Received message: ?SET THE TIMER TO 00:01:00?

First signal: Currency pair AUD/CHF 
LOWER  ?
Trade time: 1 MIN...
2025-06-15 21:00:12,381 - __main__ - INFO - ✅ PARSED SIGNAL: {'timer': '00:01:00', 'pair': 'AUD/CHF', 'direction': 'LOWER', 'expiry': 1}
2025-06-15 21:00:12,381 - __main__ - INFO - 🎯 COMPLETE SIGNAL DETECTED: {'pair': 'AUD/CHF', 'timer': '00:01:00', 'direction': 'LOWER', 'expiry': 1, 'timestamp': '2025-06-15T21:00:12.381627+00:00', 'id': 'signal_20250615_210012381627_001', 'session_id': 'SE2-20250615'}
2025-06-15 21:00:12,387 - __main__ - INFO - 🚀 EXECUTING TRADE IMMEDIATELY
2025-06-15 21:00:12,387 - timestamp_recorder - INFO - Trade execution timestamp recorded: trade_20250615_210012387657_001 (Delay: 4.0ms)
2025-06-15 21:00:12,387 - __main__ - INFO - 🎯 Using OTC pair: AUDCHF_otc for signal pair: AUD/CHF
2025-06-15 21:00:12,403 - __main__ - INFO - 🚀 EXECUTING TRADE: AUDCHF_otc PUT $5.2 (expiry: 60s)
2025-06-15 21:00:12,403 - __main__ - INFO - 💰 REAL TRADING MODE: Executing actual trade on Pocket Option platform
2025-06-15 21:00:12,505 - __main__ - INFO - ✅ REAL TRADE EXECUTED: AUDCHF_otc PUT $5.2 - Trade ID: c9ea81ef-2cf5-48e5-93c3-a72e0cbfe95d
2025-06-15 21:01:17,521 - __main__ - INFO - 🔍 Checking trade result for trade ID: c9ea81ef-2cf5-48e5-93c3-a72e0cbfe95d
2025-06-15 21:01:17,521 - __main__ - WARNING - ⚠️ UNKNOWN TRADE RESULT: c9ea81ef-2cf5-48e5-93c3-a72e0cbfe95d - Result: (-5.2, 'loose')
2025-06-15 21:01:17,534 - __main__ - INFO - 📊 TRADING STATS: Total Profit: $0.00 | Wins: 0 | Losses: 0 | Total Trades: 1
2025-06-15 21:01:20,756 - __main__ - INFO - 📨 Received message: Signal result: +$0...
2025-06-15 21:01:24,508 - telethon.client.updates - INFO - Got difference for account updates
2025-06-15 21:01:29,581 - __main__ - INFO - 📨 Received message: ?Bad luck...
2025-06-15 21:01:32,565 - __main__ - INFO - 📨 Received message: **?Trading Pair: AUD/CAD (OTC)**...
2025-06-15 21:01:32,565 - __main__ - INFO - Parsed first message: Trading pair = AUD/CAD
2025-06-15 21:01:42,829 - __main__ - INFO - 📨 Received message: ?SET THE TIMER TO 00:01:00?

Second signal: Currency pair AUD/CAD 
LOWER  ?
Trade time: 1 MIN...
2025-06-15 21:01:42,830 - __main__ - INFO - ✅ PARSED SIGNAL: {'timer': '00:01:00', 'pair': 'AUD/CAD', 'direction': 'LOWER', 'expiry': 1}
2025-06-15 21:01:42,830 - __main__ - INFO - 🎯 COMPLETE SIGNAL DETECTED: {'pair': 'AUD/CAD', 'timer': '00:01:00', 'direction': 'LOWER', 'expiry': 1, 'timestamp': '2025-06-15T21:01:42.830336+00:00', 'id': 'signal_20250615_210142830336_002', 'session_id': 'SE2-20250615'}
2025-06-15 21:01:42,837 - __main__ - INFO - 🚀 EXECUTING TRADE IMMEDIATELY
2025-06-15 21:01:42,837 - timestamp_recorder - INFO - Trade execution timestamp recorded: trade_20250615_210142837169_002 (Delay: 3.8ms)
2025-06-15 21:01:42,837 - __main__ - INFO - 🎯 Using OTC pair: AUDCAD_otc for signal pair: AUD/CAD
2025-06-15 21:01:42,849 - __main__ - INFO - 🚀 EXECUTING TRADE: AUDCAD_otc PUT $5.2 (expiry: 60s)
2025-06-15 21:01:42,849 - __main__ - INFO - 💰 REAL TRADING MODE: Executing actual trade on Pocket Option platform
2025-06-15 21:01:42,951 - __main__ - INFO - ✅ REAL TRADE EXECUTED: AUDCAD_otc PUT $5.2 - Trade ID: 7bcded37-7eef-4697-a1f7-59c8ac1e15b3
2025-06-15 21:02:24,492 - telethon.client.updates - INFO - Got difference for account updates
2025-06-15 21:02:47,963 - __main__ - INFO - 🔍 Checking trade result for trade ID: 7bcded37-7eef-4697-a1f7-59c8ac1e15b3
2025-06-15 21:02:47,963 - __main__ - WARNING - ⚠️ UNKNOWN TRADE RESULT: 7bcded37-7eef-4697-a1f7-59c8ac1e15b3 - Result: (-5.2, 'loose')
2025-06-15 21:02:47,977 - __main__ - INFO - 📊 TRADING STATS: Total Profit: $0.00 | Wins: 0 | Losses: 0 | Total Trades: 2
2025-06-15 21:03:02,762 - __main__ - INFO - 📨 Received message: Signal result: +$644...
2025-06-15 21:03:11,004 - __main__ - INFO - 📨 Received message: ?Wonderful trade...
2025-06-15 21:03:16,363 - __main__ - INFO - 📨 Received message: **?Trading Pair: EUR/USD (OTC)**...
2025-06-15 21:03:16,363 - __main__ - INFO - Parsed first message: Trading pair = EUR/USD
2025-06-15 21:03:24,553 - telethon.client.updates - INFO - Got difference for account updates
2025-06-15 21:03:30,120 - __main__ - INFO - 📨 Received message: ?SET THE TIMER TO 00:01:00?

Third signal: Currency pair EUR/USD 
LOWER  ?
Trade time: 1 MIN...
2025-06-15 21:03:30,120 - __main__ - INFO - ✅ PARSED SIGNAL: {'timer': '00:01:00', 'pair': 'EUR/USD', 'direction': 'LOWER', 'expiry': 1}
2025-06-15 21:03:30,120 - __main__ - INFO - 🎯 COMPLETE SIGNAL DETECTED: {'pair': 'EUR/USD', 'timer': '00:01:00', 'direction': 'LOWER', 'expiry': 1, 'timestamp': '2025-06-15T21:03:30.120438+00:00', 'id': 'signal_20250615_210330120438_003', 'session_id': 'SE2-20250615'}
2025-06-15 21:03:30,127 - __main__ - INFO - 🚀 EXECUTING TRADE IMMEDIATELY
2025-06-15 21:03:30,127 - timestamp_recorder - INFO - Trade execution timestamp recorded: trade_20250615_210330127793_003 (Delay: 5.3ms)
2025-06-15 21:03:30,127 - __main__ - INFO - 🎯 Using OTC pair: EURUSD_otc for signal pair: EUR/USD
2025-06-15 21:03:30,139 - __main__ - INFO - 🚀 EXECUTING TRADE: EURUSD_otc PUT $5.2 (expiry: 60s)
2025-06-15 21:03:30,139 - __main__ - INFO - 💰 REAL TRADING MODE: Executing actual trade on Pocket Option platform
2025-06-15 21:03:30,241 - __main__ - INFO - ✅ REAL TRADE EXECUTED: EURUSD_otc PUT $5.2 - Trade ID: aa9b8f55-1163-4c71-9d13-e726cf920ae6
2025-06-15 21:04:35,254 - __main__ - INFO - 🔍 Checking trade result for trade ID: aa9b8f55-1163-4c71-9d13-e726cf920ae6
2025-06-15 21:04:35,254 - __main__ - WARNING - ⚠️ UNKNOWN TRADE RESULT: aa9b8f55-1163-4c71-9d13-e726cf920ae6 - Result: (4.784000000000001, 'win')
2025-06-15 21:04:35,270 - __main__ - INFO - 📊 TRADING STATS: Total Profit: $0.00 | Wins: 0 | Losses: 0 | Total Trades: 3
2025-06-15 21:04:38,162 - __main__ - INFO - 📨 Received message: Signal result: +$644...
2025-06-15 21:04:45,797 - __main__ - INFO - 📨 Received message: ?Excellent result!...
2025-06-15 21:04:54,363 - __main__ - INFO - 📨 Received message: **?Trading Pair: AUD/CHF (OTC)**...
2025-06-15 21:04:54,363 - __main__ - INFO - Parsed first message: Trading pair = AUD/CHF
2025-06-15 21:05:06,379 - __main__ - INFO - 📨 Received message: ?SET THE TIMER TO 00:01:00?

Fourth signal: Currency pair AUD/CHF  
HIGHER ? 
Trade time: 1 MIN...
2025-06-15 21:05:06,380 - __main__ - INFO - ✅ PARSED SIGNAL: {'timer': '00:01:00', 'pair': 'AUD/CHF', 'direction': 'HIGHER', 'expiry': 1}
2025-06-15 21:05:06,380 - __main__ - INFO - 🎯 COMPLETE SIGNAL DETECTED: {'pair': 'AUD/CHF', 'timer': '00:01:00', 'direction': 'HIGHER', 'expiry': 1, 'timestamp': '2025-06-15T21:05:06.380996+00:00', 'id': 'signal_20250615_210506380996_004', 'session_id': 'SE2-20250615'}
2025-06-15 21:05:06,389 - __main__ - INFO - 🚀 EXECUTING TRADE IMMEDIATELY
2025-06-15 21:05:06,389 - timestamp_recorder - INFO - Trade execution timestamp recorded: trade_20250615_210506389440_004 (Delay: 6.0ms)
2025-06-15 21:05:06,389 - __main__ - INFO - 🎯 Using OTC pair: AUDCHF_otc for signal pair: AUD/CHF
2025-06-15 21:05:06,404 - __main__ - INFO - 🚀 EXECUTING TRADE: AUDCHF_otc CALL $5.2 (expiry: 60s)
2025-06-15 21:05:06,404 - __main__ - INFO - 💰 REAL TRADING MODE: Executing actual trade on Pocket Option platform
2025-06-15 21:05:06,507 - __main__ - INFO - ✅ REAL TRADE EXECUTED: AUDCHF_otc CALL $5.2 - Trade ID: ef695cd5-d02b-426e-82db-50e9f53626c3
2025-06-15 21:05:54,679 - telethon.client.updates - INFO - Got difference for account updates
2025-06-15 21:06:11,522 - __main__ - INFO - 🔍 Checking trade result for trade ID: ef695cd5-d02b-426e-82db-50e9f53626c3
2025-06-15 21:06:11,522 - __main__ - WARNING - ⚠️ UNKNOWN TRADE RESULT: ef695cd5-d02b-426e-82db-50e9f53626c3 - Result: (-5.2, 'loose')
2025-06-15 21:06:11,536 - __main__ - INFO - 📊 TRADING STATS: Total Profit: $0.00 | Wins: 0 | Losses: 0 | Total Trades: 4
2025-06-15 21:06:17,078 - __main__ - INFO - 📨 Received message: Signal result: +$644...
2025-06-15 21:06:26,102 - __main__ - INFO - 📨 Received message: ?Stability, the key to success...
2025-06-15 21:07:54,504 - telethon.client.updates - INFO - Got difference for account updates
2025-06-15 21:08:34,318 - __main__ - INFO - 📨 Received message: ? Congratulations to the Private Trading Club participants on a successful trading session! ?  
  
R...
2025-06-15 21:08:54,523 - telethon.client.updates - INFO - Got difference for account updates
2025-06-15 21:09:33,306 - __main__ - INFO - Shutting down Self Bot...
2025-06-15 21:09:33,306 - telethon.network.mtprotosender - INFO - Disconnecting from 149.154.167.91:443/TcpFull...
2025-06-15 21:09:33,308 - telethon.network.mtprotosender - INFO - Disconnection from 149.154.167.91:443/TcpFull complete!
2025-06-16 13:24:24,933 - __main__ - INFO - Using 'sessions' for session-related data files.
2025-06-16 13:24:24,935 - session_manager - INFO - Found externally started active session in sessions\active_session.json: SE1-20250616
2025-06-16 13:24:24,937 - session_manager - INFO - Successfully loaded and adopted active session from sessions\active_session.json: SE1-20250616
2025-06-16 13:24:24,937 - session_manager - INFO - SessionManager initialized successfully
2025-06-16 13:24:24,939 - session_manager - INFO - SignalDeduplicator initialized successfully
2025-06-16 13:24:24,939 - __main__ - INFO - Initializing Telegram client...
2025-06-16 13:24:24,984 - telethon.network.mtprotosender - INFO - Connecting to 149.154.167.91:443/TcpFull...
2025-06-16 13:24:24,998 - telethon.network.mtprotosender - INFO - Connection to 149.154.167.91:443/TcpFull complete!
2025-06-16 13:24:25,130 - __main__ - INFO - Started Telegram client in user account mode
2025-06-16 13:24:25,131 - __main__ - INFO - Already authenticated using existing session
2025-06-16 13:24:25,148 - __main__ - INFO - Logged in as: Pieter Stanton (@piet43)
2025-06-16 13:24:25,150 - __main__ - INFO - Initializing Pocket Option client (Demo mode: True)
2025-06-16 13:24:25,150 - __main__ - INFO - Successfully connected to Pocket Option API
2025-06-16 13:24:26,152 - __main__ - INFO - Account balance: 51291.05
2025-06-16 13:24:26,156 - __main__ - INFO - Subscription to favorite pairs is currently disabled due to API limitations.
2025-06-16 13:24:26,158 - __main__ - INFO - JSON storage initialized successfully
2025-06-16 13:24:26,158 - __main__ - INFO - Using already loaded session: SE1-20250616
2025-06-16 13:24:26,160 - __main__ - INFO - Updated balance_start for loaded session SE1-20250616 to 51291.05
2025-06-16 13:24:26,160 - __main__ - INFO - ✅ Session management initialized with existing session: SE1-20250616
2025-06-16 13:24:26,160 - __main__ - INFO - 💰 Current Balance: $51291.05
2025-06-16 13:24:50,218 - __main__ - INFO - 💵 Custom Amount: $5.10
2025-06-16 13:24:53,257 - __main__ - INFO - ✅ Trading amount set to $5.10 for this session
2025-06-16 13:24:53,263 - __main__ - INFO - ✅ Self Bot v1.5 initialized successfully
2025-06-16 13:24:53,263 - __main__ - INFO - 💰 REAL TRADING MODE ENABLED
2025-06-16 13:24:53,263 - __main__ - INFO - Bot is now monitoring for signals...
2025-06-16 13:24:53,263 - __main__ - INFO - Accessing channel: BINARY TRADING CLUB
2025-06-16 13:24:53,298 - __main__ - INFO - Accessed channel by ID: BINARY TRADING CLUB
2025-06-16 13:24:53,298 - __main__ - INFO - Starting monitoring of channel: BINARY TRADING CLUB
2025-06-16 13:24:53,298 - __main__ - INFO - Event handler registered. Waiting for signals...
2025-06-16 13:30:13,805 - __main__ - INFO - 📨 Received message: ? **We?re starting our first session in 30 minutes ? get ready for results!** ?

**The time has star...
2025-06-16 13:39:25,154 - telethon.client.updates - INFO - Got difference for account updates
2025-06-16 13:51:23,224 - __main__ - INFO - 📨 Received message: ?Get ready to earn! Starting soon!

In this session we will use these trading pairs:

**AUD/USD (OTC...
2025-06-16 14:00:01,522 - __main__ - INFO - 📨 Received message: **? The trading session has already started! Let's go!**...
2025-06-16 14:00:02,540 - __main__ - INFO - 📨 Received message: **?Trading Pair: AUD/USD (OTC)**...
2025-06-16 14:00:02,540 - __main__ - INFO - Parsed first message: Trading pair = AUD/USD
2025-06-16 14:00:06,906 - __main__ - INFO - 📨 Received message: ?SET THE TIMER TO 00:01:00?

First signal: Currency pair AUD/USD 
HIGHER ? 
Trade time: 1 MIN...
2025-06-16 14:00:06,906 - __main__ - INFO - ✅ PARSED SIGNAL: {'timer': '00:01:00', 'pair': 'AUD/USD', 'direction': 'HIGHER', 'expiry': 1}
2025-06-16 14:00:06,906 - __main__ - INFO - 🎯 COMPLETE SIGNAL DETECTED: {'pair': 'AUD/USD', 'timer': '00:01:00', 'direction': 'HIGHER', 'expiry': 1, 'timestamp': '2025-06-16T14:00:06.906649+00:00', 'id': 'signal_20250616_140006906649_001', 'session_id': 'SE1-20250616'}
2025-06-16 14:00:06,916 - __main__ - INFO - 🚀 EXECUTING TRADE IMMEDIATELY
2025-06-16 14:00:06,916 - timestamp_recorder - INFO - Trade execution timestamp recorded: trade_20250616_140006916443_001 (Delay: 5.8ms)
2025-06-16 14:00:06,916 - __main__ - INFO - 🎯 Using OTC pair: AUDUSD_otc for signal pair: AUD/USD
2025-06-16 14:00:06,934 - __main__ - INFO - 🚀 EXECUTING TRADE: AUDUSD_otc CALL $5.1 (expiry: 60s)
2025-06-16 14:00:06,934 - __main__ - INFO - 💰 REAL TRADING MODE: Executing actual trade on Pocket Option platform
2025-06-16 14:00:07,037 - __main__ - INFO - ✅ REAL TRADE EXECUTED: AUDUSD_otc CALL $5.1 - Trade ID: b5c9a93e-9c49-4431-8f7c-7234c00ecb3f
2025-06-16 14:01:12,051 - __main__ - INFO - 🔍 Checking trade result for trade ID: b5c9a93e-9c49-4431-8f7c-7234c00ecb3f
2025-06-16 14:01:12,051 - __main__ - WARNING - ⚠️ UNKNOWN TRADE RESULT: b5c9a93e-9c49-4431-8f7c-7234c00ecb3f - Result: (-5.1, 'loose')
2025-06-16 14:01:12,065 - __main__ - INFO - 📊 TRADING STATS: Total Profit: $0.00 | Wins: 0 | Losses: 0 | Total Trades: 1
2025-06-16 14:01:23,390 - __main__ - INFO - 📨 Received message: Signal result: +$644...
2025-06-16 14:01:34,702 - __main__ - INFO - 📨 Received message: ?Wonderful trade...
2025-06-16 14:01:44,968 - __main__ - INFO - 📨 Received message: **?Trading Pair: AUD/CAD (OTC)**...
2025-06-16 14:01:44,970 - __main__ - INFO - Parsed first message: Trading pair = AUD/CAD
2025-06-16 14:02:02,954 - __main__ - INFO - 📨 Received message: ?SET THE TIMER TO 00:01:00?

Second signal: Currency pair AUD/CAD 
HIGHER ? 
Trade time: 1 MIN...
2025-06-16 14:02:02,954 - __main__ - INFO - ✅ PARSED SIGNAL: {'timer': '00:01:00', 'pair': 'AUD/CAD', 'direction': 'HIGHER', 'expiry': 1}
2025-06-16 14:02:02,954 - __main__ - INFO - 🎯 COMPLETE SIGNAL DETECTED: {'pair': 'AUD/CAD', 'timer': '00:01:00', 'direction': 'HIGHER', 'expiry': 1, 'timestamp': '2025-06-16T14:02:02.954895+00:00', 'id': 'signal_20250616_140202954895_002', 'session_id': 'SE1-20250616'}
2025-06-16 14:02:02,962 - __main__ - INFO - 🚀 EXECUTING TRADE IMMEDIATELY
2025-06-16 14:02:02,962 - timestamp_recorder - INFO - Trade execution timestamp recorded: trade_20250616_140202962925_002 (Delay: 4.3ms)
2025-06-16 14:02:02,962 - __main__ - INFO - 🎯 Using OTC pair: AUDCAD_otc for signal pair: AUD/CAD
2025-06-16 14:02:02,976 - __main__ - INFO - 🚀 EXECUTING TRADE: AUDCAD_otc CALL $5.1 (expiry: 60s)
2025-06-16 14:02:02,976 - __main__ - INFO - 💰 REAL TRADING MODE: Executing actual trade on Pocket Option platform
2025-06-16 14:02:03,078 - __main__ - INFO - ✅ REAL TRADE EXECUTED: AUDCAD_otc CALL $5.1 - Trade ID: db8a75f0-56b7-409e-9ae0-446c5497d820
2025-06-16 14:03:08,090 - __main__ - INFO - 🔍 Checking trade result for trade ID: db8a75f0-56b7-409e-9ae0-446c5497d820
2025-06-16 14:03:08,090 - __main__ - WARNING - ⚠️ UNKNOWN TRADE RESULT: db8a75f0-56b7-409e-9ae0-446c5497d820 - Result: (-5.1, 'loose')
2025-06-16 14:03:08,106 - __main__ - INFO - 📊 TRADING STATS: Total Profit: $0.00 | Wins: 0 | Losses: 0 | Total Trades: 2
2025-06-16 14:03:08,217 - __main__ - INFO - 📨 Received message: Signal result: +$0...
2025-06-16 14:03:21,625 - __main__ - INFO - 📨 Received message: ?Bad luck...
2025-06-16 14:03:26,740 - __main__ - INFO - 📨 Received message: **?Trading Pair: AUD/CHF (OTC)**...
2025-06-16 14:03:26,740 - __main__ - INFO - Parsed first message: Trading pair = AUD/CHF
2025-06-16 14:03:32,986 - __main__ - INFO - 📨 Received message: ?SET THE TIMER TO 00:01:00?

Third signal: Currency pair AUD/CHF 
LOWER  ?
Trade time: 1 MIN...
2025-06-16 14:03:32,986 - __main__ - INFO - ✅ PARSED SIGNAL: {'timer': '00:01:00', 'pair': 'AUD/CHF', 'direction': 'LOWER', 'expiry': 1}
2025-06-16 14:03:32,986 - __main__ - INFO - 🎯 COMPLETE SIGNAL DETECTED: {'pair': 'AUD/CHF', 'timer': '00:01:00', 'direction': 'LOWER', 'expiry': 1, 'timestamp': '2025-06-16T14:03:32.987000+00:00', 'id': 'signal_20250616_140332987000_003', 'session_id': 'SE1-20250616'}
2025-06-16 14:03:32,994 - __main__ - INFO - 🚀 EXECUTING TRADE IMMEDIATELY
2025-06-16 14:03:32,996 - timestamp_recorder - INFO - Trade execution timestamp recorded: trade_20250616_140332996794_003 (Delay: 5.8ms)
2025-06-16 14:03:32,996 - __main__ - INFO - 🎯 Using OTC pair: AUDCHF_otc for signal pair: AUD/CHF
2025-06-16 14:03:33,008 - __main__ - INFO - 🚀 EXECUTING TRADE: AUDCHF_otc PUT $5.1 (expiry: 60s)
2025-06-16 14:03:33,008 - __main__ - INFO - 💰 REAL TRADING MODE: Executing actual trade on Pocket Option platform
2025-06-16 14:03:33,111 - __main__ - INFO - ✅ REAL TRADE EXECUTED: AUDCHF_otc PUT $5.1 - Trade ID: 9c1bf876-e057-49fb-9275-b40268c9c577
2025-06-16 14:04:38,124 - __main__ - INFO - 🔍 Checking trade result for trade ID: 9c1bf876-e057-49fb-9275-b40268c9c577
2025-06-16 14:04:38,124 - __main__ - WARNING - ⚠️ UNKNOWN TRADE RESULT: 9c1bf876-e057-49fb-9275-b40268c9c577 - Result: (4.641, 'win')
2025-06-16 14:04:38,140 - __main__ - INFO - 📊 TRADING STATS: Total Profit: $0.00 | Wins: 0 | Losses: 0 | Total Trades: 3
2025-06-16 14:04:45,721 - __main__ - INFO - 📨 Received message: Signal result: +$637...
2025-06-16 14:05:02,350 - __main__ - INFO - 📨 Received message: ?Stability, the key to success...
2025-06-16 14:05:09,831 - __main__ - INFO - 📨 Received message: **?Trading Pair: AUD/NZD (OTC)**...
2025-06-16 14:05:09,832 - __main__ - INFO - Parsed first message: Trading pair = AUD/NZD
2025-06-16 14:05:12,824 - __main__ - INFO - 📨 Received message: ?SET THE TIMER TO 00:01:00?

Fourth signal: Currency pair AUD/NZD  
HIGHER ? 
Trade time: 1 MIN...
2025-06-16 14:05:12,824 - __main__ - INFO - ✅ PARSED SIGNAL: {'timer': '00:01:00', 'pair': 'AUD/NZD', 'direction': 'HIGHER', 'expiry': 1}
2025-06-16 14:05:12,824 - __main__ - INFO - 🎯 COMPLETE SIGNAL DETECTED: {'pair': 'AUD/NZD', 'timer': '00:01:00', 'direction': 'HIGHER', 'expiry': 1, 'timestamp': '2025-06-16T14:05:12.824933+00:00', 'id': 'signal_20250616_140512824933_004', 'session_id': 'SE1-20250616'}
2025-06-16 14:05:12,832 - __main__ - INFO - 🚀 EXECUTING TRADE IMMEDIATELY
2025-06-16 14:05:12,832 - timestamp_recorder - INFO - Trade execution timestamp recorded: trade_20250616_140512832716_004 (Delay: 4.5ms)
2025-06-16 14:05:12,834 - __main__ - INFO - 🎯 Using OTC pair: AUDNZD_otc for signal pair: AUD/NZD
2025-06-16 14:05:12,846 - __main__ - INFO - 🚀 EXECUTING TRADE: AUDNZD_otc CALL $5.1 (expiry: 60s)
2025-06-16 14:05:12,846 - __main__ - INFO - 💰 REAL TRADING MODE: Executing actual trade on Pocket Option platform
2025-06-16 14:05:12,948 - __main__ - INFO - ✅ REAL TRADE EXECUTED: AUDNZD_otc CALL $5.1 - Trade ID: 4234a7dc-15cc-4267-8587-b88e27ec80e6
2025-06-16 14:06:17,963 - __main__ - INFO - 🔍 Checking trade result for trade ID: 4234a7dc-15cc-4267-8587-b88e27ec80e6
2025-06-16 14:06:17,963 - __main__ - WARNING - ⚠️ UNKNOWN TRADE RESULT: 4234a7dc-15cc-4267-8587-b88e27ec80e6 - Result: (-5.1, 'loose')
2025-06-16 14:06:17,976 - __main__ - INFO - 📊 TRADING STATS: Total Profit: $0.00 | Wins: 0 | Losses: 0 | Total Trades: 4
2025-06-16 14:06:29,419 - __main__ - INFO - 📨 Received message: Signal result: +$644...
2025-06-16 14:06:44,535 - __main__ - INFO - 📨 Received message: ?Incredible win...
2025-06-16 14:11:26,575 - __main__ - INFO - 📨 Received message: ? Congratulations to the Private Trading Club participants on a successful trading session! ?  
  
R...
2025-06-16 14:49:53,120 - telethon.client.updates - INFO - Got difference for account updates
2025-06-16 14:50:53,079 - telethon.client.updates - INFO - Got difference for account updates
2025-06-16 22:33:29,476 - __main__ - INFO - Using 'sessions' for session-related data files.
2025-06-16 22:33:29,481 - session_manager - INFO - Found externally started active session in sessions\active_session.json: SE2-20250616
2025-06-16 22:33:29,481 - session_manager - INFO - Successfully loaded and adopted active session from sessions\active_session.json: SE2-20250616
2025-06-16 22:33:29,481 - session_manager - INFO - SessionManager initialized successfully
2025-06-16 22:33:29,483 - session_manager - INFO - SignalDeduplicator initialized successfully
2025-06-16 22:33:29,483 - __main__ - INFO - Initializing Telegram client...
2025-06-16 22:33:29,491 - telethon.network.mtprotosender - INFO - Connecting to 149.154.167.91:443/TcpFull...
2025-06-16 22:33:29,503 - telethon.network.mtprotosender - INFO - Connection to 149.154.167.91:443/TcpFull complete!
2025-06-16 22:33:30,094 - __main__ - INFO - Started Telegram client in user account mode
2025-06-16 22:33:30,094 - __main__ - INFO - Already authenticated using existing session
2025-06-16 22:33:30,259 - __main__ - INFO - Logged in as: Pieter Stanton (@piet43)
2025-06-16 22:33:30,259 - __main__ - INFO - Initializing Pocket Option client (Demo mode: True)
2025-06-16 22:33:30,261 - __main__ - INFO - Successfully connected to Pocket Option API
2025-06-16 22:33:31,265 - __main__ - INFO - Account balance: 51280.39
2025-06-16 22:33:31,269 - __main__ - INFO - Subscription to favorite pairs is currently disabled due to API limitations.
2025-06-16 22:33:31,269 - __main__ - INFO - JSON storage initialized successfully
2025-06-16 22:33:31,269 - __main__ - INFO - Using already loaded session: SE2-20250616
2025-06-16 22:33:31,271 - __main__ - INFO - Updated balance_start for loaded session SE2-20250616 to 51280.39
2025-06-16 22:33:31,271 - __main__ - INFO - ✅ Session management initialized with existing session: SE2-20250616
2025-06-16 22:33:31,271 - __main__ - INFO - 💰 Current Balance: $51280.39
2025-06-16 22:34:02,386 - __main__ - INFO - 💵 Custom Amount: $5.20
2025-06-16 22:34:04,954 - __main__ - INFO - ✅ Trading amount set to $5.20 for this session
2025-06-16 22:34:04,958 - __main__ - INFO - ✅ Self Bot v1.5 initialized successfully
2025-06-16 22:34:04,958 - __main__ - INFO - 💰 REAL TRADING MODE ENABLED
2025-06-16 22:34:04,958 - __main__ - INFO - Bot is now monitoring for signals...
2025-06-16 22:34:04,958 - __main__ - INFO - Accessing channel: BINARY TRADING CLUB
2025-06-16 22:34:04,978 - __main__ - INFO - Accessed channel by ID: BINARY TRADING CLUB
2025-06-16 22:34:04,978 - __main__ - INFO - Starting monitoring of channel: BINARY TRADING CLUB
2025-06-16 22:34:04,978 - __main__ - INFO - Event handler registered. Waiting for signals...
2025-06-16 22:50:53,780 - __main__ - INFO - 📨 Received message: ?Get ready to earn! Starting soon!

In this session we will use these trading pairs:

**AUD/USD (OTC...
2025-06-16 22:59:59,816 - __main__ - INFO - 📨 Received message: **? The trading session has already started! Let's go!**...
2025-06-16 23:00:05,213 - __main__ - INFO - 📨 Received message: **?Trading Pair: AUD/NZD (OTC)**...
2025-06-16 23:00:05,214 - __main__ - INFO - Parsed first message: Trading pair = AUD/NZD
2025-06-16 23:00:13,405 - __main__ - INFO - 📨 Received message: ?SET THE TIMER TO 00:01:00?

First signal: Currency pair AUD/NZD 
HIGHER ? 
Trade time: 1 MIN...
2025-06-16 23:00:13,407 - __main__ - INFO - ✅ PARSED SIGNAL: {'timer': '00:01:00', 'pair': 'AUD/NZD', 'direction': 'HIGHER', 'expiry': 1}
2025-06-16 23:00:13,407 - __main__ - INFO - 🎯 COMPLETE SIGNAL DETECTED: {'pair': 'AUD/NZD', 'timer': '00:01:00', 'direction': 'HIGHER', 'expiry': 1, 'timestamp': '2025-06-16T21:00:13.407775+00:00', 'id': 'signal_20250616_210013407775_001', 'session_id': 'SE2-20250616'}
2025-06-16 23:00:13,417 - __main__ - INFO - 🚀 EXECUTING TRADE IMMEDIATELY
2025-06-16 23:00:13,417 - timestamp_recorder - INFO - Trade execution timestamp recorded: trade_20250616_210013417718_001 (Delay: 7.9ms)
2025-06-16 23:00:13,417 - __main__ - INFO - 🎯 Using OTC pair: AUDNZD_otc for signal pair: AUD/NZD
2025-06-16 23:00:13,438 - __main__ - INFO - 🚀 EXECUTING TRADE: AUDNZD_otc CALL $5.2 (expiry: 60s)
2025-06-16 23:00:13,438 - __main__ - INFO - 💰 REAL TRADING MODE: Executing actual trade on Pocket Option platform
2025-06-16 23:00:13,540 - __main__ - INFO - ✅ REAL TRADE EXECUTED: AUDNZD_otc CALL $5.2 - Trade ID: d3e06dd8-3b3f-4e88-9e52-7cba9b23c251
2025-06-16 23:01:06,709 - telethon.client.updates - INFO - Got difference for account updates
2025-06-16 23:01:18,549 - __main__ - INFO - 🔍 Checking trade result for trade ID: d3e06dd8-3b3f-4e88-9e52-7cba9b23c251
2025-06-16 23:01:18,549 - __main__ - WARNING - ⚠️ UNKNOWN TRADE RESULT: d3e06dd8-3b3f-4e88-9e52-7cba9b23c251 - Result: (4.784000000000001, 'win')
2025-06-16 23:01:18,564 - __main__ - INFO - 📊 TRADING STATS: Total Profit: $0.00 | Wins: 0 | Losses: 0 | Total Trades: 1
2025-06-16 23:01:23,388 - __main__ - INFO - 📨 Received message: Signal result: +$644...
2025-06-16 23:01:29,538 - __main__ - INFO - 📨 Received message: ?Wonderful trade...
2025-06-16 23:01:36,837 - __main__ - INFO - 📨 Received message: **?Trading Pair: AUD/CHF (OTC)**...
2025-06-16 23:01:36,837 - __main__ - INFO - Parsed first message: Trading pair = AUD/CHF
2025-06-16 23:01:53,286 - __main__ - INFO - 📨 Received message: ?SET THE TIMER TO 00:01:00?

Second signal: Currency pair AUD/CHF 
HIGHER ? 
Trade time: 1 MIN...
2025-06-16 23:01:53,286 - __main__ - INFO - ✅ PARSED SIGNAL: {'timer': '00:01:00', 'pair': 'AUD/CHF', 'direction': 'HIGHER', 'expiry': 1}
2025-06-16 23:01:53,288 - __main__ - INFO - 🎯 COMPLETE SIGNAL DETECTED: {'pair': 'AUD/CHF', 'timer': '00:01:00', 'direction': 'HIGHER', 'expiry': 1, 'timestamp': '2025-06-16T21:01:53.288152+00:00', 'id': 'signal_20250616_210153288152_002', 'session_id': 'SE2-20250616'}
2025-06-16 23:01:53,296 - __main__ - INFO - 🚀 EXECUTING TRADE IMMEDIATELY
2025-06-16 23:01:53,296 - timestamp_recorder - INFO - Trade execution timestamp recorded: trade_20250616_210153296196_002 (Delay: 6.0ms)
2025-06-16 23:01:53,296 - __main__ - INFO - 🎯 Using OTC pair: AUDCHF_otc for signal pair: AUD/CHF
2025-06-16 23:01:53,307 - __main__ - INFO - 🚀 EXECUTING TRADE: AUDCHF_otc CALL $5.2 (expiry: 60s)
2025-06-16 23:01:53,309 - __main__ - INFO - 💰 REAL TRADING MODE: Executing actual trade on Pocket Option platform
2025-06-16 23:01:53,411 - __main__ - INFO - ✅ REAL TRADE EXECUTED: AUDCHF_otc CALL $5.2 - Trade ID: fb6e05d4-a59e-42b6-b82d-93b421fe1d60
2025-06-16 23:02:06,731 - telethon.client.updates - INFO - Got difference for account updates
2025-06-16 23:02:58,247 - __main__ - INFO - 📨 Received message: Signal result: +$0...
2025-06-16 23:02:58,428 - __main__ - INFO - 🔍 Checking trade result for trade ID: fb6e05d4-a59e-42b6-b82d-93b421fe1d60
2025-06-16 23:02:58,428 - __main__ - WARNING - ⚠️ UNKNOWN TRADE RESULT: fb6e05d4-a59e-42b6-b82d-93b421fe1d60 - Result: (-5.2, 'loose')
2025-06-16 23:02:58,442 - __main__ - INFO - 📊 TRADING STATS: Total Profit: $0.00 | Wins: 0 | Losses: 0 | Total Trades: 2
2025-06-16 23:03:17,689 - __main__ - INFO - 📨 Received message: ?Bad luck...
2025-06-16 23:03:23,488 - __main__ - INFO - 📨 Received message: **?Trading Pair: EUR/USD (OTC)**...
2025-06-16 23:03:23,488 - __main__ - INFO - Parsed first message: Trading pair = EUR/USD
2025-06-16 23:03:30,671 - __main__ - INFO - 📨 Received message: ?SET THE TIMER TO 00:01:00?

Third signal: Currency pair EUR/USD 
LOWER  ?
Trade time: 1 MIN...
2025-06-16 23:03:30,671 - __main__ - INFO - ✅ PARSED SIGNAL: {'timer': '00:01:00', 'pair': 'EUR/USD', 'direction': 'LOWER', 'expiry': 1}
2025-06-16 23:03:30,671 - __main__ - INFO - 🎯 COMPLETE SIGNAL DETECTED: {'pair': 'EUR/USD', 'timer': '00:01:00', 'direction': 'LOWER', 'expiry': 1, 'timestamp': '2025-06-16T21:03:30.671834+00:00', 'id': 'signal_20250616_210330671834_003', 'session_id': 'SE2-20250616'}
2025-06-16 23:03:30,676 - __main__ - INFO - 🚀 EXECUTING TRADE IMMEDIATELY
2025-06-16 23:03:30,678 - timestamp_recorder - INFO - Trade execution timestamp recorded: trade_20250616_210330678870_003 (Delay: 5.0ms)
2025-06-16 23:03:30,678 - __main__ - INFO - 🎯 Using OTC pair: EURUSD_otc for signal pair: EUR/USD
2025-06-16 23:03:30,690 - __main__ - INFO - 🚀 EXECUTING TRADE: EURUSD_otc PUT $5.2 (expiry: 60s)
2025-06-16 23:03:30,692 - __main__ - INFO - 💰 REAL TRADING MODE: Executing actual trade on Pocket Option platform
2025-06-16 23:03:30,793 - __main__ - INFO - ✅ REAL TRADE EXECUTED: EURUSD_otc PUT $5.2 - Trade ID: 95042391-3663-4d70-9e8b-38e2bc284977
2025-06-16 23:04:06,775 - telethon.client.updates - INFO - Got difference for account updates
2025-06-16 23:04:35,807 - __main__ - INFO - 🔍 Checking trade result for trade ID: 95042391-3663-4d70-9e8b-38e2bc284977
2025-06-16 23:04:35,807 - __main__ - WARNING - ⚠️ UNKNOWN TRADE RESULT: 95042391-3663-4d70-9e8b-38e2bc284977 - Result: (-5.2, 'loose')
2025-06-16 23:04:35,826 - __main__ - INFO - 📊 TRADING STATS: Total Profit: $0.00 | Wins: 0 | Losses: 0 | Total Trades: 3
2025-06-16 23:04:55,287 - __main__ - INFO - 📨 Received message: Signal result: +$644...
2025-06-16 23:05:06,867 - telethon.client.updates - INFO - Got difference for account updates
2025-06-16 23:05:08,491 - __main__ - INFO - 📨 Received message: ?Stability, the key to success...
2025-06-16 23:05:13,950 - __main__ - INFO - 📨 Received message: **?Trading Pair: AUD/NZD (OTC)**...
2025-06-16 23:05:13,952 - __main__ - INFO - Parsed first message: Trading pair = AUD/NZD
2025-06-16 23:05:16,533 - __main__ - INFO - 📨 Received message: ?SET THE TIMER TO 00:01:00?

Fourth signal: Currency pair AUD/NZD  
HIGHER ? 
Trade time: 1 MIN...
2025-06-16 23:05:16,533 - __main__ - INFO - ✅ PARSED SIGNAL: {'timer': '00:01:00', 'pair': 'AUD/NZD', 'direction': 'HIGHER', 'expiry': 1}
2025-06-16 23:05:16,533 - __main__ - INFO - 🎯 COMPLETE SIGNAL DETECTED: {'pair': 'AUD/NZD', 'timer': '00:01:00', 'direction': 'HIGHER', 'expiry': 1, 'timestamp': '2025-06-16T21:05:16.533884+00:00', 'id': 'signal_20250616_210516533884_004', 'session_id': 'SE2-20250616'}
2025-06-16 23:05:16,543 - __main__ - INFO - 🚀 EXECUTING TRADE IMMEDIATELY
2025-06-16 23:05:16,545 - timestamp_recorder - INFO - Trade execution timestamp recorded: trade_20250616_210516545692_004 (Delay: 8.0ms)
2025-06-16 23:05:16,545 - __main__ - INFO - 🎯 Using OTC pair: AUDNZD_otc for signal pair: AUD/NZD
2025-06-16 23:05:16,559 - __main__ - INFO - 🚀 EXECUTING TRADE: AUDNZD_otc CALL $5.2 (expiry: 60s)
2025-06-16 23:05:16,559 - __main__ - INFO - 💰 REAL TRADING MODE: Executing actual trade on Pocket Option platform
2025-06-16 23:05:16,661 - __main__ - INFO - ✅ REAL TRADE EXECUTED: AUDNZD_otc CALL $5.2 - Trade ID: 23d6afeb-4ef1-4a5e-a160-95e8bcc2577d
2025-06-16 23:06:06,752 - telethon.client.updates - INFO - Got difference for account updates
2025-06-16 23:06:21,675 - __main__ - INFO - 🔍 Checking trade result for trade ID: 23d6afeb-4ef1-4a5e-a160-95e8bcc2577d
2025-06-16 23:06:21,675 - __main__ - WARNING - ⚠️ UNKNOWN TRADE RESULT: 23d6afeb-4ef1-4a5e-a160-95e8bcc2577d - Result: (-5.2, 'loose')
2025-06-16 23:06:21,690 - __main__ - INFO - 📊 TRADING STATS: Total Profit: $0.00 | Wins: 0 | Losses: 0 | Total Trades: 4
2025-06-16 23:06:27,878 - __main__ - INFO - 📨 Received message: Signal result: +$644...
2025-06-16 23:06:40,558 - __main__ - INFO - 📨 Received message: ?Incredible win...
2025-06-16 23:07:36,827 - telethon.client.updates - INFO - Got difference for account updates
2025-06-16 23:10:51,228 - __main__ - INFO - 📨 Received message: ? Congratulations to the Private Trading Club participants on a successful trading session! ?  
  
R...
2025-06-16 23:49:31,219 - self_bot_v3_integrated - INFO - TEST_EVENT - UTC: 2025-06-16T21:49:31.092381+00:00 | Paris: 2025-06-16T23:49:31.092381+02:00
2025-06-17 15:42:42,531 - __main__ - INFO - Using 'sessions' for session-related data files.
2025-06-17 15:42:42,533 - session_manager - INFO - Found externally started active session in sessions\active_session.json: SE2-20250616
2025-06-17 15:42:42,535 - session_manager - INFO - Successfully loaded and adopted active session from sessions\active_session.json: SE2-20250616
2025-06-17 15:42:42,535 - session_manager - INFO - SessionManager initialized successfully
2025-06-17 15:42:42,537 - session_manager - INFO - SignalDeduplicator initialized successfully
2025-06-17 15:42:42,537 - __main__ - INFO - Initializing Telegram client...
2025-06-17 15:42:42,545 - telethon.network.mtprotosender - INFO - Connecting to 149.154.167.91:443/TcpFull...
2025-06-17 15:42:42,556 - telethon.network.mtprotosender - INFO - Connection to 149.154.167.91:443/TcpFull complete!
2025-06-17 15:42:42,709 - __main__ - INFO - Started Telegram client in user account mode
2025-06-17 15:42:42,709 - __main__ - INFO - Already authenticated using existing session
2025-06-17 15:42:42,729 - __main__ - INFO - Logged in as: Pieter Stanton (@piet43)
2025-06-17 15:42:42,729 - __main__ - INFO - Initializing Pocket Option client (Demo mode: True)
2025-06-17 15:42:42,729 - __main__ - INFO - Successfully connected to Pocket Option API
2025-06-17 15:42:43,731 - __main__ - INFO - Account balance: 51269.57
2025-06-17 15:42:43,734 - __main__ - INFO - Subscription to favorite pairs is currently disabled due to API limitations.
2025-06-17 15:42:43,734 - __main__ - INFO - JSON storage initialized successfully
2025-06-17 15:42:43,734 - __main__ - INFO - Using already loaded session: SE2-20250616
2025-06-17 15:42:43,736 - __main__ - INFO - Updated balance_start for loaded session SE2-20250616 to 51269.57
2025-06-17 15:42:43,736 - __main__ - INFO - ✅ Session management initialized with existing session: SE2-20250616
2025-06-17 15:42:43,736 - __main__ - INFO - 💰 Current Balance: $51269.57
2025-06-17 15:42:54,918 - __main__ - INFO - 💵 Custom Amount: $1.00
2025-06-17 15:42:59,004 - __main__ - INFO - ✅ Trading amount set to $1.00 for this session
2025-06-17 15:42:59,007 - __main__ - INFO - ✅ Self Bot v1.5 initialized successfully
2025-06-17 15:42:59,007 - __main__ - INFO - 💰 REAL TRADING MODE ENABLED
2025-06-17 15:42:59,007 - __main__ - INFO - Bot is now monitoring for signals...
2025-06-17 15:42:59,007 - __main__ - INFO - Accessing channel: BINARY TRADING CLUB
2025-06-17 15:42:59,036 - __main__ - INFO - Accessed channel by ID: BINARY TRADING CLUB
2025-06-17 15:42:59,036 - __main__ - INFO - Starting monitoring of channel: BINARY TRADING CLUB
2025-06-17 15:42:59,036 - __main__ - INFO - Event handler registered. Waiting for signals...
2025-06-17 15:43:26,432 - __main__ - INFO - Shutting down Self Bot...
2025-06-17 15:43:26,432 - telethon.network.mtprotosender - INFO - Disconnecting from 149.154.167.91:443/TcpFull...
2025-06-17 15:43:26,434 - telethon.network.mtprotosender - INFO - Disconnection from 149.154.167.91:443/TcpFull complete!
2025-06-17 15:47:04,740 - __main__ - INFO - Using 'sessions' for session-related data files.
2025-06-17 15:47:04,742 - session_manager - INFO - Found externally started active session in sessions\active_session.json: SE1-20250617
2025-06-17 15:47:04,748 - session_manager - INFO - Successfully loaded and adopted active session from sessions\active_session.json: SE1-20250617
2025-06-17 15:47:04,748 - session_manager - INFO - SessionManager initialized successfully
2025-06-17 15:47:04,751 - session_manager - INFO - SignalDeduplicator initialized successfully
2025-06-17 15:47:04,754 - __main__ - INFO - Initializing Telegram client...
2025-06-17 15:47:04,804 - telethon.network.mtprotosender - INFO - Connecting to 149.154.167.91:443/TcpFull...
2025-06-17 15:47:04,817 - telethon.network.mtprotosender - INFO - Connection to 149.154.167.91:443/TcpFull complete!
2025-06-17 15:47:04,983 - __main__ - INFO - Started Telegram client in user account mode
2025-06-17 15:47:04,983 - __main__ - INFO - Already authenticated using existing session
2025-06-17 15:47:05,004 - __main__ - INFO - Logged in as: Pieter Stanton (@piet43)
2025-06-17 15:47:05,016 - __main__ - INFO - Initializing Pocket Option client (Demo mode: True)
2025-06-17 15:47:05,018 - __main__ - INFO - Successfully connected to Pocket Option API
2025-06-17 15:47:06,019 - __main__ - INFO - Account balance: 51269.57
2025-06-17 15:47:06,028 - __main__ - INFO - Subscription to favorite pairs is currently disabled due to API limitations.
2025-06-17 15:47:06,031 - __main__ - INFO - JSON storage initialized successfully
2025-06-17 15:47:06,031 - __main__ - INFO - Using already loaded session: SE1-20250617
2025-06-17 15:47:06,035 - __main__ - INFO - Updated balance_start for loaded session SE1-20250617 to 51269.57
2025-06-17 15:47:06,041 - __main__ - INFO - ✅ Session management initialized with existing session: SE1-20250617
2025-06-17 15:47:06,041 - __main__ - INFO - 💰 Current Balance: $51269.57
2025-06-17 15:47:22,037 - __main__ - INFO - 💵 Custom Amount: $5.10
2025-06-17 15:47:28,497 - __main__ - INFO - ✅ Trading amount set to $5.10 for this session
2025-06-17 15:47:28,500 - __main__ - INFO - ✅ Self Bot v1.5 initialized successfully
2025-06-17 15:47:28,500 - __main__ - INFO - 💰 REAL TRADING MODE ENABLED
2025-06-17 15:47:28,500 - __main__ - INFO - Bot is now monitoring for signals...
2025-06-17 15:47:28,501 - __main__ - INFO - Accessing channel: BINARY TRADING CLUB
2025-06-17 15:47:28,522 - __main__ - INFO - Accessed channel by ID: BINARY TRADING CLUB
2025-06-17 15:47:28,522 - __main__ - INFO - Starting monitoring of channel: BINARY TRADING CLUB
2025-06-17 15:47:28,522 - __main__ - INFO - Event handler registered. Waiting for signals...
2025-06-17 15:50:21,928 - __main__ - INFO - 📨 Received message: ?Get ready to earn! Starting soon!

In this session we will use these trading pairs:

**AUD/USD (OTC...
2025-06-17 16:00:33,364 - __main__ - INFO - 📨 Received message: **? The trading session has already started! Let's go!**...
2025-06-17 16:00:40,471 - __main__ - INFO - 📨 Received message: **?Trading Pair: AUD/USD (OTC)**...
2025-06-17 16:00:40,471 - __main__ - INFO - Parsed first message: Trading pair = AUD/USD
2025-06-17 16:00:52,049 - __main__ - INFO - 📨 Received message: ?SET THE TIMER TO 00:01:00?

First signal: Currency pair AUD/USD 
LOWER  ? 
Trade time: 1 MIN...
2025-06-17 16:00:52,049 - __main__ - INFO - ✅ PARSED SIGNAL: {'timer': '00:01:00', 'pair': 'AUD/USD', 'direction': 'LOWER', 'expiry': 1}
2025-06-17 16:00:52,049 - __main__ - INFO - 🎯 COMPLETE SIGNAL DETECTED: {'pair': 'AUD/USD', 'timer': '00:01:00', 'direction': 'LOWER', 'expiry': 1, 'timestamp': '2025-06-17T14:00:52.049490+00:00', 'id': 'signal_20250617_140052049490_001', 'session_id': 'SE1-20250617'}
2025-06-17 16:00:52,106 - __main__ - INFO - 🚀 EXECUTING TRADE IMMEDIATELY
2025-06-17 16:00:52,106 - __main__ - ERROR - Error executing trade: can't subtract offset-naive and offset-aware datetimes
2025-06-17 16:02:00,755 - __main__ - INFO - 📨 Received message: Signal result: +$644...
2025-06-17 16:02:10,994 - __main__ - INFO - 📨 Received message: ?Wonderful trade...
2025-06-17 16:02:14,332 - __main__ - INFO - 📨 Received message: **?Trading Pair: AUD/NZD (OTC)**...
2025-06-17 16:02:14,332 - __main__ - INFO - Parsed first message: Trading pair = AUD/NZD
2025-06-17 16:02:24,151 - __main__ - INFO - 📨 Received message: ?SET THE TIMER TO 00:01:00?

Second signal: Currency pair AUD/NZD 
HIGHER ? 
Trade time: 1 MIN...
2025-06-17 16:02:24,153 - __main__ - INFO - ✅ PARSED SIGNAL: {'timer': '00:01:00', 'pair': 'AUD/NZD', 'direction': 'HIGHER', 'expiry': 1}
2025-06-17 16:02:24,153 - __main__ - INFO - 🎯 COMPLETE SIGNAL DETECTED: {'pair': 'AUD/NZD', 'timer': '00:01:00', 'direction': 'HIGHER', 'expiry': 1, 'timestamp': '2025-06-17T14:02:24.153177+00:00', 'id': 'signal_20250617_140224153177_002', 'session_id': 'SE1-20250617'}
2025-06-17 16:02:24,161 - __main__ - INFO - 🚀 EXECUTING TRADE IMMEDIATELY
2025-06-17 16:02:24,161 - __main__ - ERROR - Error executing trade: can't subtract offset-naive and offset-aware datetimes
2025-06-17 16:03:33,031 - __main__ - INFO - 📨 Received message: Signal result: +$0...
2025-06-17 16:03:44,884 - __main__ - INFO - 📨 Received message: ?Bad luck...
2025-06-17 16:03:53,162 - __main__ - INFO - 📨 Received message: **?Trading Pair: AUD/CHF (OTC)**...
2025-06-17 16:03:53,164 - __main__ - INFO - Parsed first message: Trading pair = AUD/CHF
2025-06-17 16:04:07,316 - __main__ - INFO - 📨 Received message: ?SET THE TIMER TO 00:01:00?

Third signal: Currency pair AUD/CHF 
HIGHER ? 
Trade time: 1 MIN...
2025-06-17 16:04:07,316 - __main__ - INFO - ✅ PARSED SIGNAL: {'timer': '00:01:00', 'pair': 'AUD/CHF', 'direction': 'HIGHER', 'expiry': 1}
2025-06-17 16:04:07,316 - __main__ - INFO - 🎯 COMPLETE SIGNAL DETECTED: {'pair': 'AUD/CHF', 'timer': '00:01:00', 'direction': 'HIGHER', 'expiry': 1, 'timestamp': '2025-06-17T14:04:07.316725+00:00', 'id': 'signal_20250617_140407316725_003', 'session_id': 'SE1-20250617'}
2025-06-17 16:04:07,324 - __main__ - INFO - 🚀 EXECUTING TRADE IMMEDIATELY
2025-06-17 16:04:07,324 - __main__ - ERROR - Error executing trade: can't subtract offset-naive and offset-aware datetimes
2025-06-17 16:05:16,427 - __main__ - INFO - 📨 Received message: Signal result: +$644...
2025-06-17 16:05:25,314 - __main__ - INFO - 📨 Received message: ?Excellent result!...
2025-06-17 16:05:28,900 - __main__ - INFO - 📨 Received message: **?Trading Pair: AUD/CAD (OTC)**...
2025-06-17 16:05:28,900 - __main__ - INFO - Parsed first message: Trading pair = AUD/CAD
2025-06-17 16:05:39,540 - __main__ - INFO - 📨 Received message: ?SET THE TIMER TO 00:01:00?

Fourth signal: Currency pair AUD/CAD  
HIGHER ? 
Trade time: 1 MIN...
2025-06-17 16:05:39,540 - __main__ - INFO - ✅ PARSED SIGNAL: {'timer': '00:01:00', 'pair': 'AUD/CAD', 'direction': 'HIGHER', 'expiry': 1}
2025-06-17 16:05:39,540 - __main__ - INFO - 🎯 COMPLETE SIGNAL DETECTED: {'pair': 'AUD/CAD', 'timer': '00:01:00', 'direction': 'HIGHER', 'expiry': 1, 'timestamp': '2025-06-17T14:05:39.540160+00:00', 'id': 'signal_20250617_140539540160_004', 'session_id': 'SE1-20250617'}
2025-06-17 16:05:39,548 - __main__ - INFO - 🚀 EXECUTING TRADE IMMEDIATELY
2025-06-17 16:05:39,550 - __main__ - ERROR - Error executing trade: can't subtract offset-naive and offset-aware datetimes
2025-06-17 16:06:48,429 - __main__ - INFO - 📨 Received message: Signal result: +$644...
2025-06-17 16:06:57,209 - __main__ - INFO - 📨 Received message: ?Stability, the key to success...
2025-06-17 16:07:05,665 - __main__ - INFO - 📨 Received message: **?Trading Pair: EUR/USD (OTC)**...
2025-06-17 16:07:05,667 - __main__ - INFO - Parsed first message: Trading pair = EUR/USD
2025-06-17 16:07:17,323 - __main__ - INFO - 📨 Received message: ?SET THE TIMER TO 00:01:00?

Fifth signal: Currency pair EUR/USD
LOWER  ?
Trade time: 1 MIN...
2025-06-17 16:07:17,323 - __main__ - INFO - ✅ PARSED SIGNAL: {'timer': '00:01:00', 'pair': 'EUR/USD', 'direction': 'LOWER', 'expiry': 1}
2025-06-17 16:07:17,323 - __main__ - INFO - 🎯 COMPLETE SIGNAL DETECTED: {'pair': 'EUR/USD', 'timer': '00:01:00', 'direction': 'LOWER', 'expiry': 1, 'timestamp': '2025-06-17T14:07:17.323459+00:00', 'id': 'signal_20250617_140717323459_005', 'session_id': 'SE1-20250617'}
2025-06-17 16:07:17,333 - __main__ - INFO - 🚀 EXECUTING TRADE IMMEDIATELY
2025-06-17 16:07:17,333 - __main__ - ERROR - Error executing trade: can't subtract offset-naive and offset-aware datetimes
2025-06-17 16:08:17,547 - __main__ - INFO - Shutting down Self Bot...
2025-06-17 16:08:17,547 - telethon.network.mtprotosender - INFO - Disconnecting from 149.154.167.91:443/TcpFull...
2025-06-17 16:08:17,549 - telethon.network.mtprotosender - INFO - Disconnection from 149.154.167.91:443/TcpFull complete!
2025-06-17 21:00:41,464 - __main__ - INFO - Using 'sessions' for session-related data files.
2025-06-17 21:00:41,466 - session_manager - INFO - Found externally started active session in sessions\active_session.json: SE1-20250617
2025-06-17 21:00:41,468 - session_manager - INFO - Successfully loaded and adopted active session from sessions\active_session.json: SE1-20250617
2025-06-17 21:00:41,468 - session_manager - INFO - SessionManager initialized successfully
2025-06-17 21:00:41,470 - session_manager - INFO - SignalDeduplicator initialized successfully
2025-06-17 21:00:41,470 - __main__ - INFO - Initializing Telegram client...
2025-06-17 21:00:41,558 - telethon.network.mtprotosender - INFO - Connecting to 149.154.167.91:443/TcpFull...
2025-06-17 21:00:41,572 - telethon.network.mtprotosender - INFO - Connection to 149.154.167.91:443/TcpFull complete!
2025-06-17 21:00:41,847 - __main__ - INFO - Started Telegram client in user account mode
2025-06-17 21:00:41,849 - __main__ - INFO - Already authenticated using existing session
2025-06-17 21:00:41,903 - __main__ - INFO - Logged in as: Pieter Stanton (@piet43)
2025-06-17 21:00:41,903 - __main__ - INFO - Initializing Pocket Option client (Demo mode: True)
2025-06-17 21:00:41,904 - __main__ - INFO - Successfully connected to Pocket Option API
2025-06-17 21:00:42,906 - __main__ - INFO - Account balance: 51269.57
2025-06-17 21:00:42,915 - __main__ - INFO - Subscription to favorite pairs is currently disabled due to API limitations.
2025-06-17 21:00:42,918 - __main__ - INFO - JSON storage initialized successfully
2025-06-17 21:00:42,920 - __main__ - INFO - Using already loaded session: SE1-20250617
2025-06-17 21:00:42,948 - __main__ - INFO - Updated balance_start for loaded session SE1-20250617 to 51269.57
2025-06-17 21:00:42,953 - __main__ - INFO - ✅ Session management initialized with existing session: SE1-20250617
2025-06-17 21:00:42,953 - __main__ - INFO - 💰 Current Balance: $51269.57
2025-06-17 21:01:01,728 - __main__ - INFO - 💵 Custom Amount: $1.00
2025-06-17 21:01:06,181 - __main__ - INFO - ✅ Trading amount set to $1.00 for this session
2025-06-17 21:01:06,183 - __main__ - INFO - ✅ Self Bot v1.5 initialized successfully
2025-06-17 21:01:06,185 - __main__ - INFO - 💰 REAL TRADING MODE ENABLED
2025-06-17 21:01:06,185 - __main__ - INFO - Bot is now monitoring for signals...
2025-06-17 21:01:06,186 - __main__ - INFO - Accessing channel: ðŸŽ¯Signal_Sniper_Test_ChannelðŸŽ¯
2025-06-17 21:01:06,290 - __main__ - INFO - Accessed channel by ID: 🎯Signal_Sniper_Test_Channel🎯
2025-06-17 21:01:06,290 - __main__ - INFO - Starting monitoring of channel: 🎯Signal_Sniper_Test_Channel🎯
2025-06-17 21:01:06,290 - __main__ - INFO - Event handler registered. Waiting for signals...
2025-06-17 21:01:37,771 - __main__ - INFO - 📨 Received message: **?Trading Pair: AUD/USD (OTC)**...
2025-06-17 21:01:37,771 - __main__ - INFO - Parsed first message: Trading pair = AUD/USD
2025-06-17 21:01:56,183 - __main__ - INFO - 📨 Received message: ?SET THE TIMER TO 00:01:00?

Sixth signal: Currency pair AUD/USD
LOWER  ?
Trade time: 1 MIN...
2025-06-17 21:01:56,184 - __main__ - INFO - ✅ PARSED SIGNAL: {'timer': '00:01:00', 'pair': 'AUD/USD', 'direction': 'LOWER', 'expiry': 1}
2025-06-17 21:01:56,184 - __main__ - INFO - 🎯 COMPLETE SIGNAL DETECTED: {'pair': 'AUD/USD', 'timer': '00:01:00', 'direction': 'LOWER', 'expiry': 1, 'timestamp': '2025-06-17T19:01:56.184003+00:00', 'id': 'signal_20250617_190156184003_001', 'session_id': 'SE1-20250617'}
2025-06-17 21:01:56,447 - __main__ - INFO - 🚀 EXECUTING TRADE IMMEDIATELY
2025-06-17 21:01:56,449 - __main__ - ERROR - Error executing trade: can't subtract offset-naive and offset-aware datetimes
2025-06-17 21:02:18,334 - telethon.client.updates - INFO - Got difference for account updates
2025-06-17 21:08:34,548 - __main__ - INFO - Shutting down Self Bot...
2025-06-17 21:08:34,549 - telethon.network.mtprotosender - INFO - Disconnecting from 149.154.167.91:443/TcpFull...
2025-06-17 21:08:34,549 - telethon.network.mtprotosender - INFO - Disconnection from 149.154.167.91:443/TcpFull complete!
2025-06-17 21:12:51,979 - __main__ - INFO - Using 'sessions' for session-related data files.
2025-06-17 21:12:51,980 - session_manager - INFO - Found externally started active session in sessions\active_session.json: SE1-20250617
2025-06-17 21:12:51,981 - session_manager - INFO - Successfully loaded and adopted active session from sessions\active_session.json: SE1-20250617
2025-06-17 21:12:51,982 - session_manager - INFO - SessionManager initialized successfully
2025-06-17 21:12:51,982 - session_manager - INFO - SignalDeduplicator initialized successfully
2025-06-17 21:12:51,983 - __main__ - INFO - Initializing Telegram client...
2025-06-17 21:12:51,993 - telethon.network.mtprotosender - INFO - Connecting to 149.154.167.91:443/TcpFull...
2025-06-17 21:12:52,007 - telethon.network.mtprotosender - INFO - Connection to 149.154.167.91:443/TcpFull complete!
2025-06-17 21:12:52,399 - __main__ - INFO - Started Telegram client in user account mode
2025-06-17 21:12:52,399 - __main__ - INFO - Already authenticated using existing session
2025-06-17 21:12:52,499 - __main__ - INFO - Logged in as: Pieter Stanton (@piet43)
2025-06-17 21:12:52,513 - __main__ - INFO - Initializing Pocket Option client (Demo mode: True)
2025-06-17 21:12:52,515 - __main__ - INFO - Successfully connected to Pocket Option API
2025-06-17 21:12:53,516 - __main__ - INFO - Account balance: 51269.57
2025-06-17 21:12:53,519 - __main__ - INFO - Subscription to favorite pairs is currently disabled due to API limitations.
2025-06-17 21:12:53,521 - __main__ - INFO - JSON storage initialized successfully
2025-06-17 21:12:53,522 - __main__ - INFO - Using already loaded session: SE1-20250617
2025-06-17 21:12:53,525 - __main__ - INFO - Updated balance_start for loaded session SE1-20250617 to 51269.57
2025-06-17 21:12:53,526 - __main__ - INFO - ✅ Session management initialized with existing session: SE1-20250617
2025-06-17 21:12:53,526 - __main__ - INFO - 💰 Current Balance: $51269.57
2025-06-17 21:13:02,403 - __main__ - INFO - 💵 Custom Amount: $1.00
2025-06-17 21:13:06,706 - __main__ - INFO - ✅ Trading amount set to $1.00 for this session
2025-06-17 21:13:06,710 - __main__ - INFO - ✅ Self Bot v1.5 initialized successfully
2025-06-17 21:13:06,710 - __main__ - INFO - 💰 REAL TRADING MODE ENABLED
2025-06-17 21:13:06,710 - __main__ - INFO - Bot is now monitoring for signals...
2025-06-17 21:13:06,710 - __main__ - INFO - Accessing channel: ðŸŽ¯Signal_Sniper_Test_ChannelðŸŽ¯
2025-06-17 21:13:06,736 - __main__ - INFO - Accessed channel by ID: 🎯Signal_Sniper_Test_Channel🎯
2025-06-17 21:13:06,745 - __main__ - INFO - Starting monitoring of channel: 🎯Signal_Sniper_Test_Channel🎯
2025-06-17 21:13:06,746 - __main__ - INFO - Event handler registered. Waiting for signals...
2025-06-17 21:13:25,955 - __main__ - INFO - 📨 Received message: **?Trading Pair: AUD/USD (OTC)**...
2025-06-17 21:13:25,955 - __main__ - INFO - Parsed first message: Trading pair = AUD/USD
2025-06-17 21:13:48,661 - __main__ - INFO - 📨 Received message: ?SET THE TIMER TO 00:01:00?

Sixth signal: Currency pair AUD/USD
LOWER  ?
Trade time: 1 MIN...
2025-06-17 21:13:48,661 - __main__ - INFO - ✅ PARSED SIGNAL: {'timer': '00:01:00', 'pair': 'AUD/USD', 'direction': 'LOWER', 'expiry': 1}
2025-06-17 21:13:48,661 - __main__ - INFO - 🎯 COMPLETE SIGNAL DETECTED: {'pair': 'AUD/USD', 'timer': '00:01:00', 'direction': 'LOWER', 'expiry': 1, 'timestamp': '2025-06-17T19:13:48.661689+00:00', 'id': 'signal_20250617_191348661689_001', 'session_id': 'SE1-20250617'}
2025-06-17 21:13:48,781 - __main__ - INFO - 🚀 EXECUTING TRADE IMMEDIATELY
2025-06-17 21:13:48,782 - timestamp_recorder - INFO - Trade execution timestamp recorded: trade_20250617_191348782094_001 (Delay: 116.1ms)
2025-06-17 21:13:48,782 - __main__ - INFO - 🎯 Using OTC pair: AUDUSD_otc for signal pair: AUD/USD
2025-06-17 21:13:48,809 - __main__ - INFO - 🚀 EXECUTING TRADE: AUDUSD_otc PUT $1.0 (expiry: 60s)
2025-06-17 21:13:48,809 - __main__ - INFO - 💰 REAL TRADING MODE: Executing actual trade on Pocket Option platform
2025-06-17 21:13:48,911 - __main__ - INFO - ✅ REAL TRADE EXECUTED: AUDUSD_otc PUT $1.0 - Trade ID: 84a99fb1-9089-44de-a42e-161d41fb3936
2025-06-17 21:14:07,858 - __main__ - INFO - 📨 Received message: **?Trading Pair: EUR/USD (OTC)**...
2025-06-17 21:14:07,858 - __main__ - INFO - Parsed first message: Trading pair = EUR/USD
2025-06-17 21:14:14,295 - __main__ - INFO - 📨 Received message: ?SET THE TIMER TO 00:01:00?

Fifth signal: Currency pair EUR/USD
LOWER  ?
Trade time: 1 MIN...
2025-06-17 21:14:14,295 - __main__ - INFO - ✅ PARSED SIGNAL: {'timer': '00:01:00', 'pair': 'EUR/USD', 'direction': 'LOWER', 'expiry': 1}
2025-06-17 21:14:14,295 - __main__ - INFO - 🎯 COMPLETE SIGNAL DETECTED: {'pair': 'EUR/USD', 'timer': '00:01:00', 'direction': 'LOWER', 'expiry': 1, 'timestamp': '2025-06-17T19:14:14.295475+00:00', 'id': 'signal_20250617_191414295475_002', 'session_id': 'SE1-20250617'}
2025-06-17 21:14:14,306 - __main__ - INFO - 🚀 EXECUTING TRADE IMMEDIATELY
2025-06-17 21:14:14,348 - timestamp_recorder - INFO - Trade execution timestamp recorded: trade_20250617_191414348847_002 (Delay: 49.4ms)
2025-06-17 21:14:14,378 - __main__ - INFO - 🎯 Using OTC pair: EURUSD_otc for signal pair: EUR/USD
2025-06-17 21:14:14,436 - __main__ - INFO - 🚀 EXECUTING TRADE: EURUSD_otc PUT $1.0 (expiry: 60s)
2025-06-17 21:14:14,436 - __main__ - INFO - 💰 REAL TRADING MODE: Executing actual trade on Pocket Option platform
2025-06-17 21:14:14,540 - __main__ - INFO - ✅ REAL TRADE EXECUTED: EURUSD_otc PUT $1.0 - Trade ID: 2c3f02ad-bb19-46e5-b5e1-5ba4d4ecc99a
2025-06-17 21:14:19,188 - telethon.client.updates - INFO - Got difference for account updates
2025-06-17 21:14:53,932 - __main__ - INFO - 🔍 Checking trade result for trade ID: 84a99fb1-9089-44de-a42e-161d41fb3936
2025-06-17 21:14:53,933 - __main__ - WARNING - ⚠️ UNKNOWN TRADE RESULT: 84a99fb1-9089-44de-a42e-161d41fb3936 - Result: (0.92, 'win')
2025-06-17 21:14:53,959 - __main__ - INFO - 📊 TRADING STATS: Total Profit: $0.00 | Wins: 0 | Losses: 0 | Total Trades: 2
2025-06-17 21:15:19,559 - __main__ - INFO - 🔍 Checking trade result for trade ID: 2c3f02ad-bb19-46e5-b5e1-5ba4d4ecc99a
2025-06-17 21:15:19,559 - __main__ - WARNING - ⚠️ UNKNOWN TRADE RESULT: 2c3f02ad-bb19-46e5-b5e1-5ba4d4ecc99a - Result: (0.92, 'win')
2025-06-17 21:15:19,613 - __main__ - INFO - 📊 TRADING STATS: Total Profit: $0.00 | Wins: 0 | Losses: 0 | Total Trades: 2
2025-06-17 21:18:08,271 - __main__ - INFO - Shutting down Self Bot...
2025-06-17 21:18:08,273 - telethon.network.mtprotosender - INFO - Disconnecting from 149.154.167.91:443/TcpFull...
2025-06-17 21:18:08,273 - telethon.network.mtprotosender - INFO - Disconnection from 149.154.167.91:443/TcpFull complete!
2025-06-17 21:27:26,773 - __main__ - INFO - Using 'sessions' for session-related data files.
2025-06-17 21:27:26,775 - session_manager - INFO - Found externally started active session in sessions\active_session.json: SE1-20250617
2025-06-17 21:27:26,777 - session_manager - INFO - Successfully loaded and adopted active session from sessions\active_session.json: SE1-20250617
2025-06-17 21:27:26,777 - session_manager - INFO - SessionManager initialized successfully
2025-06-17 21:27:26,779 - session_manager - INFO - SignalDeduplicator initialized successfully
2025-06-17 21:27:26,779 - __main__ - INFO - Initializing Telegram client...
2025-06-17 21:27:26,820 - telethon.network.mtprotosender - INFO - Connecting to 149.154.167.91:443/TcpFull...
2025-06-17 21:27:26,834 - telethon.network.mtprotosender - INFO - Connection to 149.154.167.91:443/TcpFull complete!
2025-06-17 21:27:26,999 - __main__ - INFO - Started Telegram client in user account mode
2025-06-17 21:27:27,000 - __main__ - INFO - Already authenticated using existing session
2025-06-17 21:27:27,037 - __main__ - INFO - Logged in as: Pieter Stanton (@piet43)
2025-06-17 21:27:27,043 - __main__ - INFO - Initializing Pocket Option client (Demo mode: True)
2025-06-17 21:27:27,046 - __main__ - INFO - Successfully connected to Pocket Option API
2025-06-17 21:27:28,049 - __main__ - INFO - Account balance: 51271.41
2025-06-17 21:27:28,053 - __main__ - INFO - Subscription to favorite pairs is currently disabled due to API limitations.
2025-06-17 21:27:28,056 - __main__ - INFO - JSON storage initialized successfully
2025-06-17 21:27:28,058 - __main__ - INFO - Using already loaded session: SE1-20250617
2025-06-17 21:27:28,086 - __main__ - INFO - Updated balance_start for loaded session SE1-20250617 to 51271.41
2025-06-17 21:27:28,091 - __main__ - INFO - ✅ Session management initialized with existing session: SE1-20250617
2025-06-17 21:27:28,181 - __main__ - INFO - 💰 Current Balance: $51271.41
2025-06-17 21:27:49,757 - __main__ - INFO - 💵 Custom Amount: $1.00
2025-06-17 21:27:53,764 - __main__ - INFO - ✅ Trading amount set to $1.00 for this session
2025-06-17 21:27:53,768 - __main__ - INFO - ✅ Self Bot v1.5 initialized successfully
2025-06-17 21:27:53,768 - __main__ - INFO - 💰 REAL TRADING MODE ENABLED
2025-06-17 21:27:53,768 - __main__ - INFO - Bot is now monitoring for signals...
2025-06-17 21:27:53,768 - __main__ - INFO - Accessing channel: ðŸŽ¯Signal_Sniper_Test_ChannelðŸŽ¯
2025-06-17 21:27:53,795 - __main__ - INFO - Accessed channel by ID: 🎯Signal_Sniper_Test_Channel🎯
2025-06-17 21:27:53,801 - __main__ - INFO - Starting monitoring of channel: 🎯Signal_Sniper_Test_Channel🎯
2025-06-17 21:27:53,801 - __main__ - INFO - Event handler registered. Waiting for signals...
2025-06-17 21:28:52,990 - telethon.client.updates - INFO - Got difference for channel 2322984519 updates
2025-06-17 21:28:52,992 - __main__ - INFO - 📨 Received message: ?SET THE TIMER TO 00:01:00?

Fifth signal: Currency pair EUR/USD
LOWER  ?
Trade time: 1 MIN...
2025-06-17 21:28:52,992 - __main__ - INFO - ✅ PARSED SIGNAL: {'timer': '00:01:00', 'pair': 'EUR/USD', 'direction': 'LOWER', 'expiry': 1}
2025-06-17 21:28:52,992 - __main__ - INFO - 🎯 COMPLETE SIGNAL DETECTED: {'pair': 'EUR/USD', 'timer': '00:01:00', 'direction': 'LOWER', 'expiry': 1, 'timestamp': '2025-06-17T19:28:52.992502+00:00', 'id': 'signal_20250617_192852992502_001', 'session_id': 'SE1-20250617'}
2025-06-17 21:28:53,108 - __main__ - INFO - 🚀 EXECUTING TRADE IMMEDIATELY
2025-06-17 21:28:53,109 - timestamp_recorder - INFO - Trade execution timestamp recorded: trade_20250617_192853109548_001 (Delay: 115.0ms)
2025-06-17 21:28:53,110 - __main__ - INFO - 🎯 Using OTC pair: EURUSD_otc for signal pair: EUR/USD
2025-06-17 21:28:53,110 - __main__ - INFO - 📨 Received message: **?Trading Pair: EUR/USD (OTC)**...
2025-06-17 21:28:53,112 - __main__ - INFO - Parsed first message: Trading pair = EUR/USD
2025-06-17 21:28:53,161 - __main__ - INFO - 🚀 EXECUTING TRADE: EURUSD_otc PUT $1.0 (expiry: 60s)
2025-06-17 21:28:53,163 - __main__ - INFO - 💰 REAL TRADING MODE: Executing actual trade on Pocket Option platform
2025-06-17 21:28:53,309 - __main__ - INFO - ✅ REAL TRADE EXECUTED: EURUSD_otc PUT $1.0 - Trade ID: bdfe2332-4a17-4e6f-8d8f-750dd7972a5c
2025-06-17 21:29:36,786 - __main__ - INFO - 📨 Received message: ?SET THE TIMER TO 00:01:00?

Fifth signal: Currency pair EUR/USD
LOWER  ?
Trade time: 1 MIN...
2025-06-17 21:29:36,786 - __main__ - INFO - ✅ PARSED SIGNAL: {'timer': '00:01:00', 'pair': 'EUR/USD', 'direction': 'LOWER', 'expiry': 1}
2025-06-17 21:29:36,788 - __main__ - INFO - 🎯 COMPLETE SIGNAL DETECTED: {'pair': 'EUR/USD', 'timer': '00:01:00', 'direction': 'LOWER', 'expiry': 1, 'timestamp': '2025-06-17T19:29:36.788011+00:00', 'id': 'signal_20250617_192936788011_002', 'session_id': 'SE1-20250617'}
2025-06-17 21:29:36,809 - __main__ - INFO - 🚀 EXECUTING TRADE IMMEDIATELY
2025-06-17 21:29:36,830 - timestamp_recorder - INFO - Trade execution timestamp recorded: trade_20250617_192936830091_002 (Delay: 40.1ms)
2025-06-17 21:29:36,830 - __main__ - INFO - 🎯 Using OTC pair: EURUSD_otc for signal pair: EUR/USD
2025-06-17 21:29:36,884 - __main__ - INFO - 🚀 EXECUTING TRADE: EURUSD_otc PUT $1.0 (expiry: 60s)
2025-06-17 21:29:36,884 - __main__ - INFO - 💰 REAL TRADING MODE: Executing actual trade on Pocket Option platform
2025-06-17 21:29:36,986 - __main__ - INFO - ✅ REAL TRADE EXECUTED: EURUSD_otc PUT $1.0 - Trade ID: 687f9b67-aa04-4dd9-9be7-e23df7970dc6
2025-06-17 21:29:58,479 - __main__ - INFO - 🔍 Checking trade result for trade ID: bdfe2332-4a17-4e6f-8d8f-750dd7972a5c
2025-06-17 21:29:58,479 - __main__ - INFO - ✅ WINNING TRADE: bdfe2332-4a17-4e6f-8d8f-750dd7972a5c - Profit: $0.92
2025-06-17 21:29:58,536 - __main__ - INFO - 📊 TRADING STATS: Total Profit: $0.92 | Wins: 1 | Losses: 0 | Total Trades: 2
2025-06-17 21:30:42,041 - __main__ - INFO - 🔍 Checking trade result for trade ID: 687f9b67-aa04-4dd9-9be7-e23df7970dc6
2025-06-17 21:30:42,041 - __main__ - INFO - ✅ WINNING TRADE: 687f9b67-aa04-4dd9-9be7-e23df7970dc6 - Profit: $0.92
2025-06-17 21:30:42,095 - __main__ - INFO - 📊 TRADING STATS: Total Profit: $1.84 | Wins: 2 | Losses: 0 | Total Trades: 2
2025-06-17 21:31:39,144 - __main__ - INFO - 📨 Received message: **?Trading Pair: EUR/USD (OTC)**...
2025-06-17 21:31:39,146 - __main__ - INFO - Parsed first message: Trading pair = EUR/USD
2025-06-17 21:31:58,377 - __main__ - INFO - 📨 Received message: ?SET THE TIMER TO 00:01:00?

Fifth signal: Currency pair EUR/USD
LOWER  ?
Trade time: 1 MIN...
2025-06-17 21:31:58,377 - __main__ - INFO - ✅ PARSED SIGNAL: {'timer': '00:01:00', 'pair': 'EUR/USD', 'direction': 'LOWER', 'expiry': 1}
2025-06-17 21:31:58,378 - __main__ - INFO - 🎯 COMPLETE SIGNAL DETECTED: {'pair': 'EUR/USD', 'timer': '00:01:00', 'direction': 'LOWER', 'expiry': 1, 'timestamp': '2025-06-17T19:31:58.378601+00:00', 'id': 'signal_20250617_193158378601_003', 'session_id': 'SE1-20250617'}
2025-06-17 21:31:58,389 - __main__ - INFO - 🚀 EXECUTING TRADE IMMEDIATELY
2025-06-17 21:31:58,423 - timestamp_recorder - INFO - Trade execution timestamp recorded: trade_20250617_193158423331_003 (Delay: 42.8ms)
2025-06-17 21:31:58,424 - __main__ - INFO - 🎯 Using OTC pair: EURUSD_otc for signal pair: EUR/USD
2025-06-17 21:31:58,484 - __main__ - INFO - 🚀 EXECUTING TRADE: EURUSD_otc PUT $1.0 (expiry: 60s)
2025-06-17 21:31:58,484 - __main__ - INFO - 💰 REAL TRADING MODE: Executing actual trade on Pocket Option platform
2025-06-17 21:31:58,594 - __main__ - INFO - ✅ REAL TRADE EXECUTED: EURUSD_otc PUT $1.0 - Trade ID: c4a13eba-aefc-4f76-ac22-f4e798fe7aa2
2025-06-17 21:32:04,547 - telethon.client.updates - INFO - Got difference for account updates
2025-06-17 21:33:03,609 - __main__ - INFO - 🔍 Checking trade result for trade ID: c4a13eba-aefc-4f76-ac22-f4e798fe7aa2
2025-06-17 21:33:03,609 - __main__ - WARNING - ⚠️ UNKNOWN TRADE RESULT: c4a13eba-aefc-4f76-ac22-f4e798fe7aa2 - Result: (-1, 'loose')
2025-06-17 21:33:03,661 - __main__ - INFO - 📊 TRADING STATS: Total Profit: $1.84 | Wins: 2 | Losses: 0 | Total Trades: 3
2025-06-17 21:33:36,651 - __main__ - INFO - 📨 Received message: **?Trading Pair: AUD/CAD (OTC)**...
2025-06-17 21:33:36,653 - __main__ - INFO - Parsed first message: Trading pair = AUD/CAD
2025-06-17 21:33:55,045 - telethon.client.updates - INFO - Got difference for account updates
2025-06-17 21:34:47,422 - __main__ - INFO - 📨 Received message: ?SET THE TIMER TO 00:01:00?

Fourth signal: Currency pair AUD/CAD  
HIGHER ? 
Trade time: 1 MIN...
2025-06-17 21:34:47,422 - __main__ - INFO - ✅ PARSED SIGNAL: {'timer': '00:01:00', 'pair': 'AUD/CAD', 'direction': 'HIGHER', 'expiry': 1}
2025-06-17 21:34:47,422 - __main__ - INFO - 🎯 COMPLETE SIGNAL DETECTED: {'pair': 'AUD/CAD', 'timer': '00:01:00', 'direction': 'HIGHER', 'expiry': 1, 'timestamp': '2025-06-17T19:34:47.422724+00:00', 'id': 'signal_20250617_193447422724_004', 'session_id': 'SE1-20250617'}
2025-06-17 21:34:47,434 - __main__ - INFO - 🚀 EXECUTING TRADE IMMEDIATELY
2025-06-17 21:34:47,437 - timestamp_recorder - INFO - Trade execution timestamp recorded: trade_20250617_193447437407_004 (Delay: 10.9ms)
2025-06-17 21:34:47,467 - __main__ - INFO - 🎯 Using OTC pair: AUDCAD_otc for signal pair: AUD/CAD
2025-06-17 21:34:47,485 - __main__ - INFO - 🚀 EXECUTING TRADE: AUDCAD_otc CALL $1.0 (expiry: 60s)
2025-06-17 21:34:47,485 - __main__ - INFO - 💰 REAL TRADING MODE: Executing actual trade on Pocket Option platform
2025-06-17 21:34:47,593 - __main__ - INFO - ✅ REAL TRADE EXECUTED: AUDCAD_otc CALL $1.0 - Trade ID: e8866564-aac8-4d66-b194-492c2c9c8faf
2025-06-17 21:35:52,609 - __main__ - INFO - 🔍 Checking trade result for trade ID: e8866564-aac8-4d66-b194-492c2c9c8faf
2025-06-17 21:35:52,609 - __main__ - INFO - ✅ WINNING TRADE: e8866564-aac8-4d66-b194-492c2c9c8faf - Profit: $0.92
2025-06-17 21:35:52,664 - __main__ - INFO - 📊 TRADING STATS: Total Profit: $2.76 | Wins: 3 | Losses: 0 | Total Trades: 4
2025-06-17 21:47:00,009 - __main__ - INFO - Shutting down Self Bot...
2025-06-17 21:47:00,010 - telethon.network.mtprotosender - INFO - Disconnecting from 149.154.167.91:443/TcpFull...
2025-06-17 21:47:00,082 - telethon.network.mtprotosender - INFO - Disconnection from 149.154.167.91:443/TcpFull complete!
2025-06-17 22:30:46,652 - __main__ - INFO - Using 'sessions' for session-related data files.
2025-06-17 22:30:46,654 - session_manager - INFO - Found externally started active session in sessions\active_session.json: SE2-20250617
2025-06-17 22:30:46,654 - session_manager - INFO - Successfully loaded and adopted active session from sessions\active_session.json: SE2-20250617
2025-06-17 22:30:46,654 - session_manager - INFO - SessionManager initialized successfully
2025-06-17 22:30:46,656 - session_manager - INFO - SignalDeduplicator initialized successfully
2025-06-17 22:30:46,656 - __main__ - INFO - Initializing Telegram client...
2025-06-17 22:30:46,664 - telethon.network.mtprotosender - INFO - Connecting to 149.154.167.91:443/TcpFull...
2025-06-17 22:30:46,678 - telethon.network.mtprotosender - INFO - Connection to 149.154.167.91:443/TcpFull complete!
2025-06-17 22:30:46,943 - __main__ - INFO - Started Telegram client in user account mode
2025-06-17 22:30:46,943 - __main__ - INFO - Already authenticated using existing session
2025-06-17 22:30:46,969 - __main__ - INFO - Logged in as: Pieter Stanton (@piet43)
2025-06-17 22:30:46,969 - __main__ - INFO - Initializing Pocket Option client (Demo mode: True)
2025-06-17 22:30:46,969 - __main__ - INFO - Successfully connected to Pocket Option API
2025-06-17 22:30:47,971 - __main__ - INFO - Account balance: 51273.17
2025-06-17 22:30:47,974 - __main__ - INFO - Subscription to favorite pairs is currently disabled due to API limitations.
2025-06-17 22:30:47,974 - __main__ - INFO - JSON storage initialized successfully
2025-06-17 22:30:47,975 - __main__ - INFO - Using already loaded session: SE2-20250617
2025-06-17 22:30:47,976 - __main__ - INFO - Updated balance_start for loaded session SE2-20250617 to 51273.17
2025-06-17 22:30:47,976 - __main__ - INFO - ✅ Session management initialized with existing session: SE2-20250617
2025-06-17 22:30:47,976 - __main__ - INFO - 💰 Current Balance: $51273.17
2025-06-17 22:31:26,203 - __main__ - INFO - 💵 Custom Amount: $5.20
2025-06-17 22:31:28,859 - __main__ - INFO - ✅ Trading amount set to $5.20 for this session
2025-06-17 22:31:28,864 - __main__ - INFO - ✅ Self Bot v1.5 initialized successfully
2025-06-17 22:31:28,864 - __main__ - INFO - 💰 REAL TRADING MODE ENABLED
2025-06-17 22:31:28,864 - __main__ - INFO - Bot is now monitoring for signals...
2025-06-17 22:31:28,864 - __main__ - INFO - Accessing channel: BINARY TRADING CLUB
2025-06-17 22:31:28,885 - __main__ - INFO - Accessed channel by ID: BINARY TRADING CLUB
2025-06-17 22:31:28,886 - __main__ - INFO - Starting monitoring of channel: BINARY TRADING CLUB
2025-06-17 22:31:28,886 - __main__ - INFO - Event handler registered. Waiting for signals...
2025-06-17 22:51:59,608 - __main__ - INFO - 📨 Received message: ?Get ready to earn! Starting soon!

In this session we will use these trading pairs:

**AUD/NZD (OTC...
2025-06-17 23:00:01,033 - __main__ - INFO - 📨 Received message: **? The trading session has already started! Let's go!**...
2025-06-17 23:00:02,924 - __main__ - INFO - 📨 Received message: **?Trading Pair: AUD/NZD (OTC)**...
2025-06-17 23:00:02,925 - __main__ - INFO - Parsed first message: Trading pair = AUD/NZD
2025-06-17 23:00:08,219 - __main__ - INFO - 📨 Received message: ?SET THE TIMER TO 00:01:00?

First signal: Currency pair AUD/NZD 
HIGHER ? 
Trade time: 1 MIN...
2025-06-17 23:00:08,220 - __main__ - INFO - ✅ PARSED SIGNAL: {'timer': '00:01:00', 'pair': 'AUD/NZD', 'direction': 'HIGHER', 'expiry': 1}
2025-06-17 23:00:08,221 - __main__ - INFO - 🎯 COMPLETE SIGNAL DETECTED: {'pair': 'AUD/NZD', 'timer': '00:01:00', 'direction': 'HIGHER', 'expiry': 1, 'timestamp': '2025-06-17T21:00:08.221368+00:00', 'id': 'signal_20250617_210008221368_001', 'session_id': 'SE2-20250617'}
2025-06-17 23:00:08,268 - __main__ - INFO - 🚀 EXECUTING TRADE IMMEDIATELY
2025-06-17 23:00:08,268 - timestamp_recorder - INFO - Trade execution timestamp recorded: trade_20250617_210008268763_001 (Delay: 43.9ms)
2025-06-17 23:00:08,270 - __main__ - INFO - 🎯 Using OTC pair: AUDNZD_otc for signal pair: AUD/NZD
2025-06-17 23:00:08,284 - __main__ - INFO - 🚀 EXECUTING TRADE: AUDNZD_otc CALL $5.2 (expiry: 60s)
2025-06-17 23:00:08,284 - __main__ - INFO - 💰 REAL TRADING MODE: Executing actual trade on Pocket Option platform
2025-06-17 23:00:08,385 - __main__ - INFO - ✅ REAL TRADE EXECUTED: AUDNZD_otc CALL $5.2 - Trade ID: 7b9dbe1d-2283-46e7-b382-8dcae994d75f
2025-06-17 23:01:13,399 - __main__ - INFO - 🔍 Checking trade result for trade ID: 7b9dbe1d-2283-46e7-b382-8dcae994d75f
2025-06-17 23:01:13,399 - __main__ - WARNING - ⚠️ UNKNOWN TRADE RESULT: 7b9dbe1d-2283-46e7-b382-8dcae994d75f - Result: (-5.2, 'loose')
2025-06-17 23:01:13,420 - __main__ - INFO - 📊 TRADING STATS: Total Profit: $0.00 | Wins: 0 | Losses: 0 | Total Trades: 1
2025-06-17 23:01:16,540 - __main__ - INFO - 📨 Received message: Signal result: +$0...
2025-06-17 23:01:23,470 - __main__ - INFO - 📨 Received message: ?Bad luck...
2025-06-17 23:01:27,506 - __main__ - INFO - 📨 Received message: **?Trading Pair: AUD/CAD (OTC)**...
2025-06-17 23:01:27,506 - __main__ - INFO - Parsed first message: Trading pair = AUD/CAD
2025-06-17 23:01:34,267 - __main__ - INFO - 📨 Received message: ?SET THE TIMER TO 00:01:00?

Second signal: Currency pair AUD/CAD 
HIGHER ? 
Trade time: 1 MIN...
2025-06-17 23:01:34,269 - __main__ - INFO - ✅ PARSED SIGNAL: {'timer': '00:01:00', 'pair': 'AUD/CAD', 'direction': 'HIGHER', 'expiry': 1}
2025-06-17 23:01:34,269 - __main__ - INFO - 🎯 COMPLETE SIGNAL DETECTED: {'pair': 'AUD/CAD', 'timer': '00:01:00', 'direction': 'HIGHER', 'expiry': 1, 'timestamp': '2025-06-17T21:01:34.269041+00:00', 'id': 'signal_20250617_210134269041_002', 'session_id': 'SE2-20250617'}
2025-06-17 23:01:34,277 - __main__ - INFO - 🚀 EXECUTING TRADE IMMEDIATELY
2025-06-17 23:01:34,277 - timestamp_recorder - INFO - Trade execution timestamp recorded: trade_20250617_210134277584_002 (Delay: 6.1ms)
2025-06-17 23:01:34,277 - __main__ - INFO - 🎯 Using OTC pair: AUDCAD_otc for signal pair: AUD/CAD
2025-06-17 23:01:34,293 - __main__ - INFO - 🚀 EXECUTING TRADE: AUDCAD_otc CALL $5.2 (expiry: 60s)
2025-06-17 23:01:34,293 - __main__ - INFO - 💰 REAL TRADING MODE: Executing actual trade on Pocket Option platform
2025-06-17 23:01:34,496 - __main__ - INFO - ✅ REAL TRADE EXECUTED: AUDCAD_otc CALL $5.2 - Trade ID: 9d904702-7023-474d-89a1-d27302c3e7f4
2025-06-17 23:02:39,516 - __main__ - INFO - 🔍 Checking trade result for trade ID: 9d904702-7023-474d-89a1-d27302c3e7f4
2025-06-17 23:02:39,516 - __main__ - INFO - ✅ WINNING TRADE: 9d904702-7023-474d-89a1-d27302c3e7f4 - Profit: $4.784000000000001
2025-06-17 23:02:39,532 - __main__ - INFO - 📊 TRADING STATS: Total Profit: $4.78 | Wins: 1 | Losses: 0 | Total Trades: 2
2025-06-17 23:02:39,614 - __main__ - INFO - 📨 Received message: Signal result: +$644...
2025-06-17 23:02:47,485 - __main__ - INFO - 📨 Received message: ?Wonderful trade...
2025-06-17 23:02:50,397 - __main__ - INFO - 📨 Received message: **?Trading Pair: AUD/NZD (OTC)**...
2025-06-17 23:02:50,399 - __main__ - INFO - Parsed first message: Trading pair = AUD/NZD
2025-06-17 23:02:57,146 - __main__ - INFO - 📨 Received message: ?SET THE TIMER TO 00:01:00?

Third signal: Currency pair AUD/NZD 
LOWER  ?
Trade time: 1 MIN...
2025-06-17 23:02:57,147 - __main__ - INFO - ✅ PARSED SIGNAL: {'timer': '00:01:00', 'pair': 'AUD/NZD', 'direction': 'LOWER', 'expiry': 1}
2025-06-17 23:02:57,147 - __main__ - INFO - 🎯 COMPLETE SIGNAL DETECTED: {'pair': 'AUD/NZD', 'timer': '00:01:00', 'direction': 'LOWER', 'expiry': 1, 'timestamp': '2025-06-17T21:02:57.147557+00:00', 'id': 'signal_20250617_210257147557_003', 'session_id': 'SE2-20250617'}
2025-06-17 23:02:57,156 - __main__ - INFO - 🚀 EXECUTING TRADE IMMEDIATELY
2025-06-17 23:02:57,156 - timestamp_recorder - INFO - Trade execution timestamp recorded: trade_20250617_210257156525_003 (Delay: 6.0ms)
2025-06-17 23:02:57,156 - __main__ - INFO - 🎯 Using OTC pair: AUDNZD_otc for signal pair: AUD/NZD
2025-06-17 23:02:57,176 - __main__ - INFO - 🚀 EXECUTING TRADE: AUDNZD_otc PUT $5.2 (expiry: 60s)
2025-06-17 23:02:57,176 - __main__ - INFO - 💰 REAL TRADING MODE: Executing actual trade on Pocket Option platform
2025-06-17 23:02:57,278 - __main__ - INFO - ✅ REAL TRADE EXECUTED: AUDNZD_otc PUT $5.2 - Trade ID: 99d3480e-d8aa-4fac-b3cd-17dff3826fb5
2025-06-17 23:04:02,297 - __main__ - INFO - 🔍 Checking trade result for trade ID: 99d3480e-d8aa-4fac-b3cd-17dff3826fb5
2025-06-17 23:04:02,297 - __main__ - INFO - ✅ WINNING TRADE: 99d3480e-d8aa-4fac-b3cd-17dff3826fb5 - Profit: $4.784000000000001
2025-06-17 23:04:02,316 - __main__ - INFO - 📊 TRADING STATS: Total Profit: $9.57 | Wins: 2 | Losses: 0 | Total Trades: 3
2025-06-17 23:04:03,250 - __main__ - INFO - 📨 Received message: Signal result: +$644...
2025-06-17 23:04:11,931 - __main__ - INFO - 📨 Received message: ?Excellent result!...
2025-06-17 23:04:14,640 - __main__ - INFO - 📨 Received message: **?Trading Pair: AUD/CAD (OTC)**...
2025-06-17 23:04:14,641 - __main__ - INFO - Parsed first message: Trading pair = AUD/CAD
2025-06-17 23:04:22,065 - __main__ - INFO - 📨 Received message: ?SET THE TIMER TO 00:01:00?

Fourth signal: Currency pair AUD/CAD  
HIGHER ? 
Trade time: 1 MIN...
2025-06-17 23:04:22,067 - __main__ - INFO - ✅ PARSED SIGNAL: {'timer': '00:01:00', 'pair': 'AUD/CAD', 'direction': 'HIGHER', 'expiry': 1}
2025-06-17 23:04:22,067 - __main__ - INFO - 🎯 COMPLETE SIGNAL DETECTED: {'pair': 'AUD/CAD', 'timer': '00:01:00', 'direction': 'HIGHER', 'expiry': 1, 'timestamp': '2025-06-17T21:04:22.067244+00:00', 'id': 'signal_20250617_210422067244_004', 'session_id': 'SE2-20250617'}
2025-06-17 23:04:22,076 - __main__ - INFO - 🚀 EXECUTING TRADE IMMEDIATELY
2025-06-17 23:04:22,076 - timestamp_recorder - INFO - Trade execution timestamp recorded: trade_20250617_210422076077_004 (Delay: 6.0ms)
2025-06-17 23:04:22,076 - __main__ - INFO - 🎯 Using OTC pair: AUDCAD_otc for signal pair: AUD/CAD
2025-06-17 23:04:22,091 - __main__ - INFO - 🚀 EXECUTING TRADE: AUDCAD_otc CALL $5.2 (expiry: 60s)
2025-06-17 23:04:22,091 - __main__ - INFO - 💰 REAL TRADING MODE: Executing actual trade on Pocket Option platform
2025-06-17 23:04:22,293 - __main__ - INFO - ✅ REAL TRADE EXECUTED: AUDCAD_otc CALL $5.2 - Trade ID: 40aa1aa8-5257-436d-8d9f-6e32784ed850
2025-06-17 23:05:27,307 - __main__ - INFO - 🔍 Checking trade result for trade ID: 40aa1aa8-5257-436d-8d9f-6e32784ed850
2025-06-17 23:05:27,307 - __main__ - WARNING - ⚠️ UNKNOWN TRADE RESULT: 40aa1aa8-5257-436d-8d9f-6e32784ed850 - Result: (-5.2, 'loose')
2025-06-17 23:05:27,328 - __main__ - INFO - 📊 TRADING STATS: Total Profit: $9.57 | Wins: 2 | Losses: 0 | Total Trades: 4
2025-06-17 23:05:31,003 - __main__ - INFO - 📨 Received message: Signal result: +$644...
2025-06-17 23:05:38,425 - __main__ - INFO - 📨 Received message: ?Stability, the key to success...
2025-06-17 23:07:14,315 - __main__ - INFO - 📨 Received message: ? Congratulations to the Private Trading Club participants on a successful trading session! ?  
  
R...
2025-06-17 23:46:20,922 - __main__ - INFO - Using 'sessions' for session-related data files.
2025-06-17 23:46:20,926 - session_manager - INFO - Found externally started active session in sessions\active_session.json: SE2-20250617
2025-06-17 23:46:20,927 - session_manager - INFO - Successfully loaded and adopted active session from sessions\active_session.json: SE2-20250617
2025-06-17 23:46:20,928 - session_manager - INFO - SessionManager initialized successfully
2025-06-17 23:46:20,929 - session_manager - INFO - SignalDeduplicator initialized successfully
2025-06-17 23:46:20,929 - __main__ - INFO - Initializing Telegram client...
2025-06-17 23:46:20,966 - telethon.network.mtprotosender - INFO - Connecting to 149.154.167.91:443/TcpFull...
2025-06-17 23:46:20,977 - telethon.network.mtprotosender - INFO - Connection to 149.154.167.91:443/TcpFull complete!
2025-06-17 23:46:21,686 - __main__ - INFO - Started Telegram client in user account mode
2025-06-17 23:46:21,686 - __main__ - INFO - Already authenticated using existing session
2025-06-17 23:46:21,726 - __main__ - INFO - Logged in as: Pieter Stanton (@piet43)
2025-06-17 23:46:21,726 - __main__ - INFO - Initializing Pocket Option client (Demo mode: True)
2025-06-17 23:46:21,727 - __main__ - INFO - Successfully connected to Pocket Option API
2025-06-17 23:46:22,728 - __main__ - INFO - Account balance: 51272.33
2025-06-17 23:46:22,732 - __main__ - INFO - Subscription to favorite pairs is currently disabled due to API limitations.
2025-06-17 23:46:22,732 - __main__ - INFO - JSON storage initialized successfully
2025-06-17 23:46:22,732 - __main__ - INFO - Using already loaded session: SE2-20250617
2025-06-17 23:46:22,734 - __main__ - INFO - Updated balance_start for loaded session SE2-20250617 to 51272.33
2025-06-17 23:46:22,734 - __main__ - INFO - ✅ Session management initialized with existing session: SE2-20250617
2025-06-17 23:46:22,734 - __main__ - INFO - 💰 Current Balance: $51272.33
2025-06-17 23:46:33,943 - __main__ - INFO - 💵 Custom Amount: $1.00
2025-06-17 23:46:36,472 - __main__ - INFO - ✅ Trading amount set to $1.00 for this session
2025-06-17 23:46:36,476 - __main__ - INFO - ✅ Self Bot v1.5 initialized successfully
2025-06-17 23:46:36,476 - __main__ - INFO - 💰 REAL TRADING MODE ENABLED
2025-06-17 23:46:36,476 - __main__ - INFO - Bot is now monitoring for signals...
2025-06-17 23:46:36,476 - __main__ - INFO - Accessing channel: ðŸŽ¯Signal_Sniper_Test_ChannelðŸŽ¯
2025-06-17 23:46:36,497 - __main__ - INFO - Accessed channel by ID: 🎯Signal_Sniper_Test_Channel🎯
2025-06-17 23:46:36,497 - __main__ - INFO - Starting monitoring of channel: 🎯Signal_Sniper_Test_Channel🎯
2025-06-17 23:46:36,497 - __main__ - INFO - Event handler registered. Waiting for signals...
2025-06-17 23:47:03,050 - __main__ - INFO - 📨 Received message: **?Trading Pair: AUD/USD (OTC)**...
2025-06-17 23:47:03,052 - __main__ - INFO - Parsed first message: Trading pair = AUD/USD
2025-06-17 23:47:22,653 - telethon.client.updates - INFO - Got difference for account updates
2025-06-17 23:47:22,839 - __main__ - INFO - 📨 Received message: ?SET THE TIMER TO 00:01:00?

First signal: Currency pair AUD/USD 
LOWER  ? 
Trade time: 1 MIN...
2025-06-17 23:47:22,841 - __main__ - INFO - ✅ PARSED SIGNAL: {'timer': '00:01:00', 'pair': 'AUD/USD', 'direction': 'LOWER', 'expiry': 1}
2025-06-17 23:47:22,841 - __main__ - INFO - 🎯 COMPLETE SIGNAL DETECTED: {'pair': 'AUD/USD', 'timer': '00:01:00', 'direction': 'LOWER', 'expiry': 1, 'timestamp': '2025-06-17T21:47:22.841246+00:00', 'id': 'signal_20250617_214722841246_001', 'session_id': 'SE2-20250617'}
2025-06-17 23:47:23,101 - __main__ - INFO - 🚀 EXECUTING TRADE IMMEDIATELY
2025-06-17 23:47:23,101 - timestamp_recorder - INFO - Trade execution timestamp recorded: trade_20250617_214723101004_001 (Delay: 256.0ms)
2025-06-17 23:47:23,103 - __main__ - INFO - 🎯 Using OTC pair: AUDUSD_otc for signal pair: AUD/USD
2025-06-17 23:47:23,124 - __main__ - INFO - 🚀 EXECUTING TRADE: AUDUSD_otc PUT $1.0 (expiry: 60s)
2025-06-17 23:47:23,124 - __main__ - INFO - 💰 REAL TRADING MODE: Executing actual trade on Pocket Option platform
2025-06-17 23:47:23,226 - __main__ - INFO - ✅ REAL TRADE EXECUTED: AUDUSD_otc PUT $1.0 - Trade ID: f6bfd751-4ec4-4177-9f66-c66f69cc394b
2025-06-17 23:47:55,430 - __main__ - INFO - 📨 Received message: **?Trading Pair: AUD/NZD (OTC)**...
2025-06-17 23:47:55,430 - __main__ - INFO - Parsed first message: Trading pair = AUD/NZD
2025-06-17 23:47:59,822 - __main__ - INFO - 📨 Received message: ?SET THE TIMER TO 00:01:00?

Second signal: Currency pair AUD/NZD 
HIGHER ? 
Trade time: 1 MIN...
2025-06-17 23:47:59,822 - __main__ - INFO - ✅ PARSED SIGNAL: {'timer': '00:01:00', 'pair': 'AUD/NZD', 'direction': 'HIGHER', 'expiry': 1}
2025-06-17 23:47:59,822 - __main__ - INFO - 🎯 COMPLETE SIGNAL DETECTED: {'pair': 'AUD/NZD', 'timer': '00:01:00', 'direction': 'HIGHER', 'expiry': 1, 'timestamp': '2025-06-17T21:47:59.822051+00:00', 'id': 'signal_20250617_214759822051_002', 'session_id': 'SE2-20250617'}
2025-06-17 23:47:59,833 - __main__ - INFO - 🚀 EXECUTING TRADE IMMEDIATELY
2025-06-17 23:47:59,837 - timestamp_recorder - INFO - Trade execution timestamp recorded: trade_20250617_214759836238_002 (Delay: 11.1ms)
2025-06-17 23:47:59,837 - __main__ - INFO - 🎯 Using OTC pair: AUDNZD_otc for signal pair: AUD/NZD
2025-06-17 23:47:59,852 - __main__ - INFO - 🚀 EXECUTING TRADE: AUDNZD_otc CALL $1.0 (expiry: 60s)
2025-06-17 23:47:59,852 - __main__ - INFO - 💰 REAL TRADING MODE: Executing actual trade on Pocket Option platform
2025-06-17 23:47:59,953 - __main__ - INFO - ✅ REAL TRADE EXECUTED: AUDNZD_otc CALL $1.0 - Trade ID: 6bd790b8-52f1-49f7-a146-eb6d030df6a8
2025-06-17 23:48:22,608 - telethon.client.updates - INFO - Got difference for account updates
2025-06-17 23:48:28,242 - __main__ - INFO - 🔍 Checking trade result for trade ID: f6bfd751-4ec4-4177-9f66-c66f69cc394b
2025-06-17 23:48:28,242 - __main__ - INFO - ✅ WINNING TRADE: f6bfd751-4ec4-4177-9f66-c66f69cc394b - Profit: $0.92
2025-06-17 23:48:28,257 - __main__ - INFO - 📊 TRADING STATS: Total Profit: $0.92 | Wins: 1 | Losses: 0 | Total Trades: 2
2025-06-17 23:49:01,706 - __main__ - INFO - 📨 Received message: **?Trading Pair: AUD/CHF (OTC)**...
2025-06-17 23:49:01,706 - __main__ - INFO - Parsed first message: Trading pair = AUD/CHF
2025-06-17 23:49:04,968 - __main__ - INFO - 🔍 Checking trade result for trade ID: 6bd790b8-52f1-49f7-a146-eb6d030df6a8
2025-06-17 23:49:04,968 - __main__ - INFO - ✅ WINNING TRADE: 6bd790b8-52f1-49f7-a146-eb6d030df6a8 - Profit: $0.92
2025-06-17 23:49:04,984 - __main__ - INFO - 📊 TRADING STATS: Total Profit: $1.84 | Wins: 2 | Losses: 0 | Total Trades: 2
2025-06-17 23:49:22,259 - __main__ - INFO - 📨 Received message: ?SET THE TIMER TO 00:01:00?

Third signal: Currency pair AUD/CHF 
HIGHER ? 
Trade time: 1 MIN...
2025-06-17 23:49:22,259 - __main__ - INFO - ✅ PARSED SIGNAL: {'timer': '00:01:00', 'pair': 'AUD/CHF', 'direction': 'HIGHER', 'expiry': 1}
2025-06-17 23:49:22,261 - __main__ - INFO - 🎯 COMPLETE SIGNAL DETECTED: {'pair': 'AUD/CHF', 'timer': '00:01:00', 'direction': 'HIGHER', 'expiry': 1, 'timestamp': '2025-06-17T21:49:22.259208+00:00', 'id': 'signal_20250617_214922259208_003', 'session_id': 'SE2-20250617'}
2025-06-17 23:49:22,271 - __main__ - INFO - 🚀 EXECUTING TRADE IMMEDIATELY
2025-06-17 23:49:22,274 - timestamp_recorder - INFO - Trade execution timestamp recorded: trade_20250617_214922274785_003 (Delay: 11.6ms)
2025-06-17 23:49:22,275 - __main__ - INFO - 🎯 Using OTC pair: AUDCHF_otc for signal pair: AUD/CHF
2025-06-17 23:49:22,288 - __main__ - INFO - 🚀 EXECUTING TRADE: AUDCHF_otc CALL $1.0 (expiry: 60s)
2025-06-17 23:49:22,288 - __main__ - INFO - 💰 REAL TRADING MODE: Executing actual trade on Pocket Option platform
2025-06-17 23:49:22,391 - __main__ - INFO - ✅ REAL TRADE EXECUTED: AUDCHF_otc CALL $1.0 - Trade ID: df21d1dd-7f82-4ab4-811e-4e34344fc89a
2025-06-17 23:49:22,542 - telethon.client.updates - INFO - Got difference for account updates
2025-06-17 23:50:29,274 - __main__ - INFO - 🔍 Checking trade result for trade ID: df21d1dd-7f82-4ab4-811e-4e34344fc89a
2025-06-17 23:50:29,274 - __main__ - INFO - ✅ WINNING TRADE: df21d1dd-7f82-4ab4-811e-4e34344fc89a - Profit: $0.83
2025-06-17 23:50:29,291 - __main__ - INFO - 📊 TRADING STATS: Total Profit: $2.67 | Wins: 3 | Losses: 0 | Total Trades: 3
2025-06-17 23:50:54,386 - telethon.client.updates - INFO - Got difference for account updates
2025-06-17 23:50:56,689 - __main__ - INFO - 📨 Received message: **?Trading Pair: AUD/CAD (OTC)**...
2025-06-17 23:50:56,689 - __main__ - INFO - Parsed first message: Trading pair = AUD/CAD
2025-06-17 23:51:03,249 - __main__ - INFO - 📨 Received message: ?SET THE TIMER TO 00:01:00?

Fourth signal: Currency pair AUD/CAD  
HIGHER ? 
Trade time: 1 MIN...
2025-06-17 23:51:03,249 - __main__ - INFO - ✅ PARSED SIGNAL: {'timer': '00:01:00', 'pair': 'AUD/CAD', 'direction': 'HIGHER', 'expiry': 1}
2025-06-17 23:51:03,251 - __main__ - INFO - 🎯 COMPLETE SIGNAL DETECTED: {'pair': 'AUD/CAD', 'timer': '00:01:00', 'direction': 'HIGHER', 'expiry': 1, 'timestamp': '2025-06-17T21:51:03.249296+00:00', 'id': 'signal_20250617_215103249296_004', 'session_id': 'SE2-20250617'}
2025-06-17 23:51:03,259 - __main__ - INFO - 🚀 EXECUTING TRADE IMMEDIATELY
2025-06-17 23:51:03,259 - timestamp_recorder - INFO - Trade execution timestamp recorded: trade_20250617_215103259343_004 (Delay: 6.0ms)
2025-06-17 23:51:03,259 - __main__ - INFO - 🎯 Using OTC pair: AUDCAD_otc for signal pair: AUD/CAD
2025-06-17 23:51:03,278 - __main__ - INFO - 🚀 EXECUTING TRADE: AUDCAD_otc CALL $1.0 (expiry: 60s)
2025-06-17 23:51:03,278 - __main__ - INFO - 💰 REAL TRADING MODE: Executing actual trade on Pocket Option platform
2025-06-17 23:51:03,382 - __main__ - INFO - ✅ REAL TRADE EXECUTED: AUDCAD_otc CALL $1.0 - Trade ID: 39be55ca-5f79-4a09-b245-53ef3d27246b
2025-06-17 23:51:16,751 - __main__ - INFO - 📨 Received message: **?Trading Pair: EUR/USD (OTC)**...
2025-06-17 23:51:16,751 - __main__ - INFO - Parsed first message: Trading pair = EUR/USD
2025-06-17 23:51:28,937 - __main__ - INFO - 📨 Received message: ?SET THE TIMER TO 00:01:00?

Fifth signal: Currency pair EUR/USD
LOWER  ?
Trade time: 1 MIN...
2025-06-17 23:51:28,937 - __main__ - INFO - ✅ PARSED SIGNAL: {'timer': '00:01:00', 'pair': 'EUR/USD', 'direction': 'LOWER', 'expiry': 1}
2025-06-17 23:51:28,937 - __main__ - INFO - 🎯 COMPLETE SIGNAL DETECTED: {'pair': 'EUR/USD', 'timer': '00:01:00', 'direction': 'LOWER', 'expiry': 1, 'timestamp': '2025-06-17T21:51:28.937384+00:00', 'id': 'signal_20250617_215128937384_005', 'session_id': 'SE2-20250617'}
2025-06-17 23:51:28,947 - __main__ - INFO - 🚀 EXECUTING TRADE IMMEDIATELY
2025-06-17 23:51:28,947 - timestamp_recorder - INFO - Trade execution timestamp recorded: trade_20250617_215128947427_005 (Delay: 6.0ms)
2025-06-17 23:51:28,947 - __main__ - INFO - 🎯 Using OTC pair: EURUSD_otc for signal pair: EUR/USD
2025-06-17 23:51:28,966 - __main__ - INFO - 🚀 EXECUTING TRADE: EURUSD_otc PUT $1.0 (expiry: 60s)
2025-06-17 23:51:28,966 - __main__ - INFO - 💰 REAL TRADING MODE: Executing actual trade on Pocket Option platform
2025-06-17 23:51:29,069 - __main__ - INFO - ✅ REAL TRADE EXECUTED: EURUSD_otc PUT $1.0 - Trade ID: feaad749-282c-4778-b909-75671d35b843
2025-06-17 23:51:48,979 - __main__ - INFO - 📨 Received message: **?Trading Pair: AUD/USD (OTC)**...
2025-06-17 23:51:48,979 - __main__ - INFO - Parsed first message: Trading pair = AUD/USD
2025-06-17 23:51:54,388 - telethon.client.updates - INFO - Got difference for account updates
2025-06-17 23:52:00,460 - __main__ - INFO - 📨 Received message: ?SET THE TIMER TO 00:01:00?

Sixth signal: Currency pair AUD/USD
LOWER  ?
Trade time: 1 MIN...
2025-06-17 23:52:00,460 - __main__ - INFO - ✅ PARSED SIGNAL: {'timer': '00:01:00', 'pair': 'AUD/USD', 'direction': 'LOWER', 'expiry': 1}
2025-06-17 23:52:00,460 - __main__ - INFO - 🎯 COMPLETE SIGNAL DETECTED: {'pair': 'AUD/USD', 'timer': '00:01:00', 'direction': 'LOWER', 'expiry': 1, 'timestamp': '2025-06-17T21:52:00.460917+00:00', 'id': 'signal_20250617_215200460917_006', 'session_id': 'SE2-20250617'}
2025-06-17 23:52:00,468 - __main__ - INFO - 🚀 EXECUTING TRADE IMMEDIATELY
2025-06-17 23:52:00,470 - timestamp_recorder - INFO - Trade execution timestamp recorded: trade_20250617_215200470280_006 (Delay: 5.3ms)
2025-06-17 23:52:00,470 - __main__ - INFO - 🎯 Using OTC pair: AUDUSD_otc for signal pair: AUD/USD
2025-06-17 23:52:00,489 - __main__ - INFO - 🚀 EXECUTING TRADE: AUDUSD_otc PUT $1.0 (expiry: 60s)
2025-06-17 23:52:00,490 - __main__ - INFO - 💰 REAL TRADING MODE: Executing actual trade on Pocket Option platform
2025-06-17 23:52:00,591 - __main__ - INFO - ✅ REAL TRADE EXECUTED: AUDUSD_otc PUT $1.0 - Trade ID: aec7b579-afe7-493f-a127-8ebbc5f09f6e
2025-06-17 23:52:08,398 - __main__ - INFO - 🔍 Checking trade result for trade ID: 39be55ca-5f79-4a09-b245-53ef3d27246b
2025-06-17 23:52:08,398 - __main__ - INFO - ✅ WINNING TRADE: 39be55ca-5f79-4a09-b245-53ef3d27246b - Profit: $0.92
2025-06-17 23:52:08,415 - __main__ - INFO - 📊 TRADING STATS: Total Profit: $3.59 | Wins: 4 | Losses: 0 | Total Trades: 6
2025-06-17 23:52:34,088 - __main__ - INFO - 🔍 Checking trade result for trade ID: feaad749-282c-4778-b909-75671d35b843
2025-06-17 23:52:34,088 - __main__ - INFO - ✅ WINNING TRADE: feaad749-282c-4778-b909-75671d35b843 - Profit: $0.92
2025-06-17 23:52:34,106 - __main__ - INFO - 📊 TRADING STATS: Total Profit: $4.51 | Wins: 5 | Losses: 0 | Total Trades: 6
2025-06-17 23:53:05,611 - __main__ - INFO - 🔍 Checking trade result for trade ID: aec7b579-afe7-493f-a127-8ebbc5f09f6e
2025-06-17 23:53:05,611 - __main__ - WARNING - ⚠️ UNKNOWN TRADE RESULT: aec7b579-afe7-493f-a127-8ebbc5f09f6e - Result: (-1, 'loose')
2025-06-17 23:53:05,627 - __main__ - INFO - 📊 TRADING STATS: Total Profit: $4.51 | Wins: 5 | Losses: 0 | Total Trades: 6
2025-06-17 23:53:57,164 - __main__ - INFO - 📨 Received message: **?Trading Pair: EUR/USD (OTC)**...
2025-06-17 23:53:57,164 - __main__ - INFO - Parsed first message: Trading pair = EUR/USD
2025-06-17 23:54:14,316 - __main__ - INFO - 📨 Received message: ?SET THE TIMER TO 00:01:00?

Fifth signal: Currency pair EUR/USD
LOWER  ?
Trade time: 1 MIN...
2025-06-17 23:54:14,316 - __main__ - INFO - ✅ PARSED SIGNAL: {'timer': '00:01:00', 'pair': 'EUR/USD', 'direction': 'LOWER', 'expiry': 1}
2025-06-17 23:54:14,316 - __main__ - INFO - 🎯 COMPLETE SIGNAL DETECTED: {'pair': 'EUR/USD', 'timer': '00:01:00', 'direction': 'LOWER', 'expiry': 1, 'timestamp': '2025-06-17T21:54:14.316072+00:00', 'id': 'signal_20250617_215414316072_007', 'session_id': 'SE2-20250617'}
2025-06-17 23:54:14,327 - __main__ - INFO - 🚀 EXECUTING TRADE IMMEDIATELY
2025-06-17 23:54:14,329 - timestamp_recorder - INFO - Trade execution timestamp recorded: trade_20250617_215414329888_007 (Delay: 10.0ms)
2025-06-17 23:54:14,329 - __main__ - INFO - 🎯 Using OTC pair: EURUSD_otc for signal pair: EUR/USD
2025-06-17 23:54:14,345 - __main__ - INFO - 🚀 EXECUTING TRADE: EURUSD_otc PUT $1.0 (expiry: 60s)
2025-06-17 23:54:14,345 - __main__ - INFO - 💰 REAL TRADING MODE: Executing actual trade on Pocket Option platform
2025-06-17 23:54:14,447 - __main__ - INFO - ✅ REAL TRADE EXECUTED: EURUSD_otc PUT $1.0 - Trade ID: 36b76eb3-0941-4334-9bbf-72ebdb17c282
2025-06-17 23:55:19,464 - __main__ - INFO - 🔍 Checking trade result for trade ID: 36b76eb3-0941-4334-9bbf-72ebdb17c282
2025-06-17 23:55:19,464 - __main__ - WARNING - ⚠️ UNKNOWN TRADE RESULT: 36b76eb3-0941-4334-9bbf-72ebdb17c282 - Result: (-1, 'loose')
2025-06-17 23:55:19,484 - __main__ - INFO - 📊 TRADING STATS: Total Profit: $4.51 | Wins: 5 | Losses: 0 | Total Trades: 7
2025-06-17 23:57:54,786 - __main__ - INFO - Shutting down Self Bot...
2025-06-17 23:57:54,788 - telethon.network.mtprotosender - INFO - Disconnecting from 149.154.167.91:443/TcpFull...
2025-06-17 23:57:54,788 - telethon.network.mtprotosender - INFO - Disconnection from 149.154.167.91:443/TcpFull complete!
2025-06-18 16:01:59,347 - __main__ - INFO - Using 'sessions' for session-related data files.
2025-06-18 16:01:59,349 - session_manager - INFO - Found externally started active session in sessions\active_session.json: SE1-=20250618
2025-06-18 16:01:59,350 - session_manager - INFO - Successfully loaded and adopted active session from sessions\active_session.json: SE1-=20250618
2025-06-18 16:01:59,350 - session_manager - INFO - SessionManager initialized successfully
2025-06-18 16:01:59,351 - session_manager - INFO - SignalDeduplicator initialized successfully
2025-06-18 16:01:59,351 - __main__ - INFO - Initializing Telegram client...
2025-06-18 16:01:59,450 - telethon.network.mtprotosender - INFO - Connecting to 149.154.167.91:443/TcpFull...
2025-06-18 16:01:59,479 - telethon.network.mtprotosender - INFO - Connection to 149.154.167.91:443/TcpFull complete!
2025-06-18 16:01:59,707 - __main__ - INFO - Started Telegram client in user account mode
2025-06-18 16:01:59,707 - __main__ - INFO - Already authenticated using existing session
2025-06-18 16:01:59,731 - __main__ - INFO - Logged in as: Pieter Stanton (@piet43)
2025-06-18 16:01:59,833 - __main__ - INFO - Initializing Pocket Option client (Demo mode: True)
2025-06-18 16:01:59,852 - __main__ - INFO - Successfully connected to Pocket Option API
2025-06-18 16:02:00,855 - __main__ - INFO - Account balance: 51269.71
2025-06-18 16:02:00,870 - __main__ - INFO - Subscription to favorite pairs is currently disabled due to API limitations.
2025-06-18 16:02:00,875 - __main__ - INFO - JSON storage initialized successfully
2025-06-18 16:02:00,876 - __main__ - INFO - Using already loaded session: SE1-=20250618
2025-06-18 16:02:00,928 - __main__ - INFO - Updated balance_start for loaded session SE1-=20250618 to 51269.71
2025-06-18 16:02:00,938 - __main__ - INFO - ✅ Session management initialized with existing session: SE1-=20250618
2025-06-18 16:02:00,938 - __main__ - INFO - 💰 Current Balance: $51269.71
2025-06-18 16:02:04,875 - __main__ - INFO - 💵 Custom Amount: $2.00
2025-06-18 16:02:08,965 - __main__ - INFO - ✅ Trading amount set to $2.00 for this session
2025-06-18 16:02:08,968 - __main__ - INFO - ✅ Self Bot v1.5 initialized successfully
2025-06-18 16:02:08,969 - __main__ - INFO - 💰 REAL TRADING MODE ENABLED
2025-06-18 16:02:08,969 - __main__ - INFO - Bot is now monitoring for signals...
2025-06-18 16:02:08,970 - __main__ - INFO - Accessing channel: BINARY TRADING CLUB
2025-06-18 16:02:08,997 - __main__ - INFO - Accessed channel by ID: BINARY TRADING CLUB
2025-06-18 16:02:09,031 - __main__ - INFO - Starting monitoring of channel: BINARY TRADING CLUB
2025-06-18 16:02:09,034 - __main__ - INFO - Event handler registered. Waiting for signals...
2025-06-18 16:02:41,905 - __main__ - INFO - 📨 Received message: Signal result: +$644...
2025-06-18 16:02:50,610 - __main__ - INFO - 📨 Received message: ?Wonderful trade...
2025-06-18 16:02:53,435 - __main__ - INFO - 📨 Received message: **?Trading Pair: AUD/CHF (OTC)**...
2025-06-18 16:02:53,436 - __main__ - INFO - Parsed first message: Trading pair = AUD/CHF
2025-06-18 16:03:06,241 - __main__ - INFO - 📨 Received message: ?SET THE TIMER TO 00:01:00?

Second signal: Currency pair AUD/CHF 
LOWER  ?
Trade time: 1 MIN...
2025-06-18 16:03:06,244 - __main__ - INFO - ✅ PARSED SIGNAL: {'timer': '00:01:00', 'pair': 'AUD/CHF', 'direction': 'LOWER', 'expiry': 1}
2025-06-18 16:03:06,244 - __main__ - INFO - 🎯 COMPLETE SIGNAL DETECTED: {'pair': 'AUD/CHF', 'timer': '00:01:00', 'direction': 'LOWER', 'expiry': 1, 'timestamp': '2025-06-18T14:03:06.244436+00:00', 'id': 'signal_20250618_140306244436_001', 'session_id': 'SE1-=20250618'}
2025-06-18 16:03:06,375 - __main__ - INFO - 🚀 EXECUTING TRADE IMMEDIATELY
2025-06-18 16:03:06,377 - timestamp_recorder - INFO - Trade execution timestamp recorded: trade_20250618_140306376367_001 (Delay: 128.4ms)
2025-06-18 16:03:06,377 - __main__ - INFO - 🎯 Using OTC pair: AUDCHF_otc for signal pair: AUD/CHF
2025-06-18 16:03:06,457 - __main__ - INFO - 🚀 EXECUTING TRADE: AUDCHF_otc PUT $2.0 (expiry: 60s)
2025-06-18 16:03:06,533 - __main__ - INFO - 💰 REAL TRADING MODE: Executing actual trade on Pocket Option platform
2025-06-18 16:03:06,735 - __main__ - INFO - ✅ REAL TRADE EXECUTED: AUDCHF_otc PUT $2.0 - Trade ID: ae9cc991-34a8-43d6-be71-4c86ad44ef02
2025-06-18 16:03:07,591 - telethon.client.updates - INFO - Got difference for account updates
2025-06-18 16:04:11,816 - __main__ - INFO - 🔍 Checking trade result for trade ID: ae9cc991-34a8-43d6-be71-4c86ad44ef02
2025-06-18 16:04:11,816 - __main__ - INFO - ✅ WINNING TRADE: ae9cc991-34a8-43d6-be71-4c86ad44ef02 - Profit: $1.84
2025-06-18 16:04:11,896 - __main__ - INFO - 📊 TRADING STATS: Total Profit: $1.84 | Wins: 1 | Losses: 0 | Total Trades: 1
2025-06-18 16:04:13,940 - __main__ - INFO - 📨 Received message: Signal result: +$644...
2025-06-18 16:04:23,319 - __main__ - INFO - 📨 Received message: ?Excellent result!...
2025-06-18 16:04:26,411 - __main__ - INFO - 📨 Received message: **?Trading Pair: AUD/CAD (OTC)**...
2025-06-18 16:04:26,411 - __main__ - INFO - Parsed first message: Trading pair = AUD/CAD
2025-06-18 16:04:38,067 - __main__ - INFO - 📨 Received message: ?SET THE TIMER TO 00:01:00?

Third signal: Currency pair AUD/CAD 
LOWER  ?
Trade time: 1 MIN...
2025-06-18 16:04:38,067 - __main__ - INFO - ✅ PARSED SIGNAL: {'timer': '00:01:00', 'pair': 'AUD/CAD', 'direction': 'LOWER', 'expiry': 1}
2025-06-18 16:04:38,068 - __main__ - INFO - 🎯 COMPLETE SIGNAL DETECTED: {'pair': 'AUD/CAD', 'timer': '00:01:00', 'direction': 'LOWER', 'expiry': 1, 'timestamp': '2025-06-18T14:04:38.068783+00:00', 'id': 'signal_20250618_140438068783_002', 'session_id': 'SE1-=20250618'}
2025-06-18 16:04:38,080 - __main__ - INFO - 🚀 EXECUTING TRADE IMMEDIATELY
2025-06-18 16:04:38,146 - timestamp_recorder - INFO - Trade execution timestamp recorded: trade_20250618_140438146651_002 (Delay: 74.9ms)
2025-06-18 16:04:38,147 - __main__ - INFO - 🎯 Using OTC pair: AUDCAD_otc for signal pair: AUD/CAD
2025-06-18 16:04:38,312 - __main__ - INFO - 🚀 EXECUTING TRADE: AUDCAD_otc PUT $2.0 (expiry: 60s)
2025-06-18 16:04:38,312 - __main__ - INFO - 💰 REAL TRADING MODE: Executing actual trade on Pocket Option platform
2025-06-18 16:04:38,530 - __main__ - INFO - ✅ REAL TRADE EXECUTED: AUDCAD_otc PUT $2.0 - Trade ID: 93874080-28d4-47cf-a341-f47912f42fcc
2025-06-18 16:05:43,643 - __main__ - INFO - 🔍 Checking trade result for trade ID: 93874080-28d4-47cf-a341-f47912f42fcc
2025-06-18 16:05:43,644 - __main__ - INFO - ✅ WINNING TRADE: 93874080-28d4-47cf-a341-f47912f42fcc - Profit: $1.84
2025-06-18 16:05:43,811 - __main__ - INFO - 📊 TRADING STATS: Total Profit: $3.68 | Wins: 2 | Losses: 0 | Total Trades: 2
2025-06-18 16:05:45,314 - __main__ - INFO - 📨 Received message: Signal result: +$644...
2025-06-18 16:05:53,797 - __main__ - INFO - 📨 Received message: ?Stability, the key to success...
2025-06-18 16:05:59,874 - __main__ - INFO - 📨 Received message: **?Trading Pair: AUD/NZD (OTC)**...
2025-06-18 16:05:59,874 - __main__ - INFO - Parsed first message: Trading pair = AUD/NZD
2025-06-18 16:06:08,063 - __main__ - INFO - 📨 Received message: ?SET THE TIMER TO 00:01:00?

Fourth signal: Currency pair AUD/NZD  
HIGHER ? 
Trade time: 1 MIN...
2025-06-18 16:06:08,064 - __main__ - INFO - ✅ PARSED SIGNAL: {'timer': '00:01:00', 'pair': 'AUD/NZD', 'direction': 'HIGHER', 'expiry': 1}
2025-06-18 16:06:08,064 - __main__ - INFO - 🎯 COMPLETE SIGNAL DETECTED: {'pair': 'AUD/NZD', 'timer': '00:01:00', 'direction': 'HIGHER', 'expiry': 1, 'timestamp': '2025-06-18T14:06:08.064135+00:00', 'id': 'signal_20250618_140608064135_003', 'session_id': 'SE1-=20250618'}
2025-06-18 16:06:08,077 - __main__ - INFO - 🚀 EXECUTING TRADE IMMEDIATELY
2025-06-18 16:06:08,079 - timestamp_recorder - INFO - Trade execution timestamp recorded: trade_20250618_140608079147_003 (Delay: 11.0ms)
2025-06-18 16:06:08,079 - __main__ - INFO - 🎯 Using OTC pair: AUDNZD_otc for signal pair: AUD/NZD
2025-06-18 16:06:08,204 - __main__ - INFO - 🚀 EXECUTING TRADE: AUDNZD_otc CALL $2.0 (expiry: 60s)
2025-06-18 16:06:08,208 - __main__ - INFO - 💰 REAL TRADING MODE: Executing actual trade on Pocket Option platform
2025-06-18 16:06:08,314 - __main__ - INFO - ✅ REAL TRADE EXECUTED: AUDNZD_otc CALL $2.0 - Trade ID: 45cba0d8-5e33-4f22-9574-ecbfc1b0bffa
2025-06-18 16:07:13,404 - __main__ - INFO - 🔍 Checking trade result for trade ID: 45cba0d8-5e33-4f22-9574-ecbfc1b0bffa
2025-06-18 16:07:13,404 - __main__ - INFO - ✅ WINNING TRADE: 45cba0d8-5e33-4f22-9574-ecbfc1b0bffa - Profit: $1.84
2025-06-18 16:07:13,486 - __main__ - INFO - 📊 TRADING STATS: Total Profit: $5.52 | Wins: 3 | Losses: 0 | Total Trades: 3
2025-06-18 16:07:14,935 - __main__ - INFO - 📨 Received message: Signal result: +$644...
2025-06-18 16:07:23,839 - __main__ - INFO - 📨 Received message: ?Incredible win...
2025-06-18 16:09:57,216 - __main__ - INFO - 📨 Received message: ? Congratulations to the Private Trading Club participants on a successful trading session! ?  
  
R...
